date,USD_LKR,log_return,rolling_volatility_20,Lag_1,Lag_5,Lag_20,Return_Lag_1,Return_Lag_5,Return_Lag_20,Rolling_Mean_5,Rolling_Mean_20,Rolling_Std_20,Target
2010-10-13,111.9335,-0.0033259053695672,0.0016523715786265,112.3064,112.6897,113.6292,-0.0021151830474079,0.0007447996420563,-0.0006008973169903,112.38807999999999,113.04185499999998,0.6023749500933964,111.5154
2010-11-09,111.5154,-0.0037422470008754,0.0017527209789787,111.9335,112.6132,113.6854,-0.0033259053695672,-0.0006790858257028,0.0004944689091248,112.16851999999999,112.933355,0.6717896651365209,111.5843
2010-11-10,111.5843,0.0006176610922424,0.0017718196443237,111.5154,112.5431,113.7009,-0.0037422470008754,-0.0006226785771927,0.0001363318724479,111.97676000000001,112.827525,0.710135273158746,111.6845
2010-11-11,111.6845,0.0008975728514424,0.0018155954987692,111.5843,112.5442,113.6573,0.0006176610922424,9.773985471657092e-06,-0.0003835357645729,111.80481999999999,112.72888499999999,0.7256551531837612,111.6
2010-11-12,111.6,-0.0007568819513577,0.0017287554342945,111.6845,112.3064,113.8271,0.0008975728514424,-0.0021151830474079,0.0014928498968254,111.66354000000001,112.61753000000002,0.7191090636116828,111.685
2010-11-15,111.685,0.0007613588383096,0.0017712897982939,111.6,111.9335,113.7567,-0.0007568819513577,-0.0033259053695672,-0.000618673229338,111.61384000000001,112.513945,0.695191981416912,111.6964
2010-11-16,111.6964,0.0001020675849456,0.0017705691299872,111.685,111.5154,113.5446,0.0007613588383096,-0.0037422470008754,-0.0018662459172893,111.65003999999999,112.42153499999999,0.6734781622490639,111.3637
2010-11-24,111.3637,-0.0029830547616009,0.0018150311463242,111.6964,111.5843,113.572,0.0001020675849456,0.0006176610922424,0.0002412857548318,111.60592,112.31111999999999,0.655723770147848,111.2437
2010-11-25,111.2437,-0.0010781313794928,0.0018151521313301,111.3637,111.6845,113.4625,-0.0029830547616009,0.0008975728514424,-0.000964611180156,111.51776,112.20018,0.6381327807712165,110.8124
2011-01-20,110.8124,-0.0038846088206204,0.0018538507419987,111.2437,111.6,113.5897,-0.0010781313794928,-0.0007568819513577,0.0011204473095372,111.36024,112.06131500000001,0.6218204684845874,110.9594
2011-01-21,110.9594,0.0013256872292033,0.0018128141806654,110.8124,111.685,113.1292,-0.0038846088206204,0.0007613588383096,-0.0040623047595621,111.21512,111.95282499999999,0.6149450081319451,111.0139
2011-01-24,111.0139,0.0004910500595805,0.0017310421227252,110.9594,111.6964,112.7252,0.0013256872292033,0.0001020675849456,-0.0035775298678276,111.07862,111.86726000000002,0.6208474483360226,110.9216
2011-01-25,110.9216,-0.0008317732433203,0.001723655113292,111.0139,111.3637,112.5618,0.0004910500595805,-0.0029830547616009,-0.0014505943854063,110.9902,111.78524999999999,0.6324952152929799,110.9091
2011-01-26,110.9091,-0.0001126985580736,0.0017181139855667,110.9216,111.2437,112.3888,-0.0008317732433203,-0.0010781313794928,-0.0015381157828159,110.92328,111.711265,0.6446069534996482,111.0493
2011-01-27,111.0493,0.0012632999575212,0.001671072579843,110.9091,110.8124,112.6058,-0.0001126985580736,-0.0038846088206204,0.0019289357814305,110.97066,111.63344,0.6245720449784194,111.0536
2011-01-28,111.0536,3.872079113358753e-05,0.0016463075694481,111.0493,110.9594,112.6897,0.0012632999575212,0.0013256872292033,0.0007447996420563,110.98949999999999,111.551635,0.5848257781732085,111.1007
2011-01-31,111.1007,0.0004240296110021,0.0016665021126818,111.0536,111.0139,112.6132,3.872079113358753e-05,0.0004910500595805,-0.0006790858257028,111.00686,111.47601,0.5360892471850952,110.892
2011-02-07,110.892,-0.0018802425618947,0.0016879666387686,111.1007,110.9216,112.5431,0.0004240296110021,-0.0008317732433203,-0.0006226785771927,111.00093999999999,111.39345499999999,0.4880963014073027,110.9812
2011-02-08,110.9812,0.0008040629044498,0.0017156277454484,110.892,110.9091,112.5442,-0.0018802425618947,-0.0001126985580736,9.773985471657092e-06,111.01536000000002,111.315305,0.41359232848825384,110.9969
2011-02-09,110.9969,0.0001414553960608,0.0016916441654196,110.9812,111.0493,112.3064,0.0008040629044498,0.0012632999575212,-0.0021151830474079,111.00488,111.24983,0.3466749275164734,110.9721
2011-02-10,110.9721,-0.0002234546274767,0.0015646976910444,110.9969,111.0536,111.9335,0.0001414553960608,3.872079113358753e-05,-0.0033259053695672,110.98858,111.20176000000001,0.3117861436442567,110.9815
2011-02-11,110.9815,8.470238829756109e-05,0.001358965516167,110.9721,111.1007,111.5154,-0.0002234546274767,0.0004240296110021,-0.0037422470008754,110.96474,111.17506499999999,0.30632742591638806,111.0387
2011-02-14,111.0387,0.0005152684419306,0.0013557536317653,110.9815,110.892,111.5843,8.470238829756109e-05,-0.0018802425618947,0.0006176610922424,110.99408000000001,111.147785,0.2919202762023173,111.0909
2011-02-15,111.0909,0.0004699959029403,0.0013400673291355,111.0387,110.9812,111.6845,0.0005152684419306,0.0008040629044498,0.0008975728514424,111.01602,111.11810500000001,0.26324756903988505,111.0037
2011-02-18,111.0037,-0.000785251009982,0.001340628658859,111.0909,110.9969,111.6,0.0004699959029403,0.0001414553960608,-0.0007568819513577,111.01738,111.08828999999999,0.238390811153146,110.7909
2011-02-28,110.7909,-0.0019188931136899,0.001366050117743,111.0037,110.9721,111.685,-0.000785251009982,-0.0002234546274767,0.0007613588383096,110.98114000000001,111.04358499999998,0.20159634571444587,110.5135
2011-03-07,110.5135,-0.0025069555353098,0.0014380679937193,110.7909,110.9815,111.6964,-0.0019188931136899,8.470238829756109e-05,0.0001020675849456,110.88753999999999,110.98443999999999,0.17122479960614376,110.007
2011-03-10,110.007,-0.0045936853097792,0.0016165520380376,110.5135,111.0387,111.3637,-0.0025069555353098,0.0005152684419306,-0.0029830547616009,110.68119999999999,110.916605,0.2592052397033028,110.0047
2011-03-11,110.0047,-2.0907978985570075e-05,0.0016178223900596,110.007,111.0909,111.2437,-0.0045936853097792,0.0004699959029403,-0.0010781313794928,110.46396,110.85465500000001,0.3182504235333061,110.1845
2011-03-15,110.1845,0.0016331413163115,0.0014861520857609,110.0047,111.0037,110.8124,-2.0907978985570075e-05,-0.000785251009982,-0.0038846088206204,110.30011999999999,110.82326,0.3518367315736035,110.3852
2011-03-16,110.3852,0.0018198334167362,0.0015180882442457,110.1845,110.7909,110.9594,0.0016331413163115,-0.0019188931136899,0.0013256872292033,110.21898000000002,110.79455,0.3633810389575573,110.332
2011-03-17,110.332,-0.0004820648416185,0.0015083325365285,110.3852,110.5135,111.0139,0.0018198334167362,-0.0025069555353098,0.0004910500595805,110.18268,110.76045499999998,0.37356451634037224,110.3397
2011-03-18,110.3397,6.978692784919839e-05,0.0015053264291813,110.332,110.007,110.9216,-0.0004820648416185,-0.0045936853097792,-0.0008317732433203,110.24922,110.73136,0.38289720951298667,110.3638
2011-03-21,110.3638,0.0002183925501479,0.0015088826112392,110.3397,110.0047,110.9091,6.978692784919839e-05,-2.0907978985570075e-05,-0.0001126985580736,110.32104,110.70409499999998,0.38894164286282956,110.3873
2011-03-22,110.3873,0.00021290947215,0.0014713819637582,110.3638,110.1845,111.0493,0.0002183925501479,0.0016331413163115,0.0012632999575212,110.3616,110.67099500000002,0.3861767259404761,110.3683
2011-03-23,110.3683,-0.0001721360640174,0.0014695893926408,110.3873,110.3852,111.0536,0.00021290947215,0.0018198334167362,3.872079113358753e-05,110.35821999999999,110.63672999999999,0.3808074995117957,110.3891
2011-03-24,110.3891,0.0001884421547051,0.0014643351644576,110.3683,110.332,111.1007,-0.0001721360640174,-0.0004820648416185,0.0004240296110021,110.36963999999998,110.60115,0.3682109242500325,110.3928
2011-03-25,110.3928,3.351724032045081e-05,0.0014189259284765,110.3891,110.3397,110.892,0.0001884421547051,6.978692784919839e-05,-0.0018802425618947,110.38025999999999,110.57619,0.36435685067225554,110.3578
2011-03-28,110.3578,-0.0003170999335292,0.0013981001988105,110.3928,110.3638,110.9812,3.351724032045081e-05,0.0002183925501479,0.0008040629044498,110.37906000000001,110.54502,0.3544151663028746,110.3923
2011-03-29,110.3923,0.000312570642377,0.0014013455034644,110.3578,110.3873,110.9969,-0.0003170999335292,0.00021290947215,0.0001414553960608,110.38006,110.51478999999999,0.3393060175994301,110.3987
2011-03-30,110.3987,5.7973377554220325e-05,0.0014032818087504,110.3923,110.3683,110.9721,0.000312570642377,-0.0001721360640174,-0.0002234546274767,110.38614,110.48612,0.322437098884551,110.3929
2011-03-31,110.3929,-5.2538230633201045e-05,0.0014018473512754,110.3987,110.3891,110.9815,5.7973377554220325e-05,0.0001884421547051,8.470238829756109e-05,110.3869,110.45669000000001,0.30099082850205783,110.3969
2011-04-01,110.3969,3.623355789478391e-05,0.0013918549739927,110.3929,110.3928,111.0387,-5.2538230633201045e-05,3.351724032045081e-05,0.0005152684419306,110.38772000000002,110.42460000000001,0.26808854978639385,110.2816
2011-04-04,110.2816,-0.0010449591645015,0.0013895484838809,110.3969,110.3578,111.0909,3.623355789478391e-05,-0.0003170999335292,0.0004699959029403,110.37248,110.38413499999999,0.21876482512229936,110.3963
2011-04-05,110.3963,0.001039524214512,0.0014201144352896,110.2816,110.3923,111.0037,-0.0010449591645015,0.000312570642377,-0.000785251009982,110.37328,110.353765,0.16337612166975232,110.3592
2011-04-06,110.3592,-0.000336118469069,0.001366744042633,110.3963,110.3987,110.7909,0.001039524214512,5.7973377554220325e-05,-0.0019188931136899,110.36538,110.33218000000002,0.12706560096125377,110.3789
2011-04-11,110.3789,0.0001784920686759,0.0012550253660997,110.3592,110.3929,110.5135,-0.000336118469069,-5.2538230633201045e-05,-0.0025069555353098,110.36258000000001,110.32545,0.12034328748369429,110.3112
2011-04-12,110.3112,-0.000613530032599,0.0006841874186982,110.3789,110.3969,110.007,0.0001784920686759,3.623355789478391e-05,-0.0045936853097792,110.34544000000001,110.34066,0.09440489728744604,110.3731
2011-04-18,110.3731,0.0005609823772994,0.0006894232332044,110.3112,110.2816,110.0047,-0.000613530032599,-0.0010449591645015,-2.0907978985570075e-05,110.36374,110.35907999999999,0.05167240534322081,110.3842
2011-04-19,110.3842,0.0001005629259768,0.0005968646590702,110.3731,110.3963,110.1845,0.0005609823772994,0.001039524214512,0.0016331413163115,110.36132,110.369065,0.031530724786005354,110.3852
2011-04-20,110.3852,9.059226504996248e-06,0.0004365495430381,110.3842,110.3592,110.3852,0.0001005629259768,-0.000336118469069,0.0018198334167362,110.36652,110.369065,0.031530724786005354,110.3004
2011-04-21,110.3004,-0.0007685141592716,0.0004573987899499,110.3852,110.3789,110.332,9.059226504996248e-06,0.0001784920686759,-0.0004820648416185,110.35082,110.36748500000002,0.03416730162403896,110.2025
2011-04-25,110.2025,-0.0008879702392374,0.0004965873278861,110.3004,110.3112,110.3397,-0.0007685141592716,-0.000613530032599,6.978692784919839e-05,110.32908,110.360625,0.05009860671721834,110.1952
2011-04-26,110.1952,-6.624388550939194e-05,0.0004921813910169,110.2025,110.3731,110.3638,-0.0008879702392374,0.0005609823772994,0.0002183925501479,110.2935,110.35219500000001,0.062248056196734514,110.1582
2011-04-28,110.1582,-0.0003358241837678,0.000490494227817,110.1952,110.3842,110.3873,-6.624388550939194e-05,0.0001005629259768,0.00021290947215,110.2483,110.34073999999998,0.07518361663820956,109.8512
2011-04-29,109.8512,-0.0027907916594128,0.0007760588968296,110.1582,110.3852,110.3683,-0.0003358241837678,9.059226504996248e-06,-0.0001721360640174,110.1415,110.314885,0.13237092730285818,109.9071
2011-05-03,109.9071,0.0005087407502302,0.0007884587770242,109.8512,110.3004,110.3891,-0.0027907916594128,-0.0007685141592716,0.0001884421547051,110.06284000000001,110.29078499999999,0.15928850447594428,109.7815
2011-05-04,109.7815,-0.0011434367890243,0.0008122001826921,109.9071,110.2025,110.3928,0.0005087407502302,-0.0008879702392374,3.351724032045081e-05,109.97864,110.26022,0.19363061578355287,109.7434
2011-05-05,109.7434,-0.0003471132466754,0.0008123046401996,109.7815,110.1952,110.3578,-0.0011434367890243,-6.624388550939194e-05,-0.0003170999335292,109.88827999999998,110.2295,0.22373270941787504,109.713
2011-05-06,109.713,-0.000277048199045,0.0008003102083887,109.7434,110.1582,110.3923,-0.0003471132466754,-0.0003358241837678,0.000312570642377,109.79924000000001,110.19553499999999,0.24796712064579673,109.7957
2011-05-09,109.7957,0.0007535009219482,0.0008315794329606,109.713,109.8512,110.3987,-0.000277048199045,-0.0027907916594128,5.7973377554220325e-05,109.78814,110.16538499999999,0.25840377680820265,109.7751
2011-05-10,109.7751,-0.0001876387940512,0.0008302347062876,109.7957,109.9071,110.3929,0.0007535009219482,0.0005087407502302,-5.2538230633201045e-05,109.76173999999999,110.13449499999999,0.2665721181679387,109.7756
2011-05-11,109.7756,4.554756600666106e-06,0.0008296284185209,109.7751,109.7815,110.3969,-0.0001876387940512,-0.0011434367890243,3.623355789478391e-05,109.76055999999998,110.10342999999997,0.27055515460724433,109.7233
2011-05-12,109.7233,-0.000476539982567,0.0008116643533408,109.7756,109.7434,110.2816,4.554756600666106e-06,-0.0003471132466754,-0.0010449591645015,109.75654,110.075515,0.27984686277607385,109.7469
2011-05-13,109.7469,0.0002150633670628,0.0007619363617607,109.7233,109.713,110.3963,-0.000476539982567,-0.000277048199045,0.001039524214512,109.76332,110.043045,0.2783380989775966,109.7768
2011-05-16,109.7768,0.0002724079467037,0.0007722873692432,109.7469,109.7957,110.3592,0.0002150633670628,0.0007535009219482,-0.000336118469069,109.75953999999999,110.013925,0.27395185684493306,109.7921
2011-05-19,109.7921,0.0001393639994075,0.0007711546505031,109.7768,109.7751,110.3789,0.0002724079467037,-0.0001876387940512,0.0001784920686759,109.76294,109.984585,0.2640499998013841,109.7898
2011-05-20,109.7898,-2.094890334851668e-05,0.0007684996616381,109.7921,109.7756,110.3112,0.0001393639994075,4.554756600666106e-06,-0.000613530032599,109.76577999999999,109.95851499999999,0.2557133042570642,109.7941
2011-05-23,109.7941,3.9164984323033936e-05,0.0007485857705302,109.7898,109.7233,110.3731,-2.094890334851668e-05,-0.000476539982567,0.0005609823772994,109.77993999999998,109.929565,0.23850257700333552,109.8971
2011-05-24,109.8971,0.0009376798665294,0.0007921197132205,109.7941,109.7469,110.3842,3.9164984323033936e-05,0.0002150633670628,0.0001005629259768,109.80998,109.90520999999998,0.21315719156572083,109.8797
2011-05-30,109.8797,-0.0001583424641395,0.0007904420578939,109.8971,109.7768,110.3852,0.0009376798665294,0.0002724079467037,9.059226504996248e-06,109.83056000000002,109.879935,0.18075392192114784,109.7618
2011-05-31,109.7618,-0.0010735677121472,0.0008042138168534,109.8797,109.7921,110.3004,-0.0001583424641395,0.0001393639994075,-0.0007685141592716,109.82449999999999,109.85300499999998,0.15276886385506735,109.6599
2011-06-01,109.6599,-0.0009288051940677,0.0008059826725917,109.7618,109.7898,110.2025,-0.0010735677121472,-2.094890334851668e-05,-0.0008879702392374,109.79852000000001,109.825875,0.13452650638989222,109.6835
2011-06-02,109.6835,0.0002151876928239,0.0008117369385807,109.6599,109.7941,110.1952,-0.0009288051940677,3.9164984323033936e-05,-6.624388550939194e-05,109.7764,109.80028999999999,0.10628365176264036,109.7485
2011-06-03,109.7485,0.0005924386771407,0.0008318208435678,109.6835,109.8971,110.1582,0.0002151876928239,0.0009376798665294,-0.0003358241837678,109.74668,109.77980500000001,0.06521947138544586,109.7186
2011-06-06,109.7186,-0.0002724782000127,0.0005644550179163,109.7485,109.8797,109.8512,0.0005924386771407,-0.0001583424641395,-0.0027907916594128,109.71446,109.773175,0.06431324554912385,109.6122
2011-06-07,109.6122,-0.0009702240483004,0.0005825578252301,109.7186,109.7618,109.9071,-0.0002724782000127,-0.0010735677121472,0.0005087407502302,109.68454,109.75843,0.06578130513829433,109.6026
2011-06-08,109.6026,-8.758532732409624e-05,0.000531941100672,109.6122,109.6599,109.7815,-0.0009702240483004,-0.0009288051940677,-0.0011434367890243,109.67308,109.749485,0.07411474940512204,109.4853
2011-06-09,109.4853,-0.0010708031909403,0.0005739146330317,109.6026,109.6835,109.7434,-8.758532732409624e-05,0.0002151876928239,-0.0003471132466754,109.63344,109.73657999999998,0.09481084548453665,109.4892
2011-06-13,109.4892,3.562058596231488e-05,0.0005736048868687,109.4853,109.7485,109.713,-0.0010708031909403,0.0005924386771407,-0.000277048199045,109.58157999999999,109.72538999999999,0.10976754337867937,109.4597
2011-06-14,109.4597,-0.0002694692704874,0.0005377863938875,109.4892,109.7186,109.7957,3.562058596231488e-05,-0.0002724782000127,0.0007535009219482,109.5298,109.70859,0.12331650293121336,109.5289
2011-06-16,109.5289,0.0006319963897966,0.000565541317655,109.4597,109.6122,109.7751,-0.0002694692704874,-0.0009702240483004,-0.0001876387940512,109.51313999999999,109.69628,0.12850689762535036,109.5673
2011-06-17,109.5673,0.000350530957572,0.0005745227053514,109.5289,109.6026,109.7756,0.0006319963897966,-8.758532732409624e-05,4.554756600666106e-06,109.50608,109.685865,0.1301701650489606,109.5741
2011-06-21,109.5741,6.206038660140384e-05,0.0005682847672178,109.5673,109.4853,109.7233,0.000350530957572,-0.0010708031909403,-0.000476539982567,109.52383999999999,109.678405,0.13217177210947723,109.5713
2011-06-23,109.5713,-2.555381039404252e-05,0.0005645104476013,109.5741,109.4892,109.7469,6.206038660140384e-05,3.562058596231488e-05,0.0002150633670628,109.54025999999999,109.669625,0.1332106202318784,109.5992
2011-06-24,109.5992,0.0002545963088162,0.0005639388715878,109.5713,109.4597,109.7768,-2.555381039404252e-05,-0.0002694692704874,0.0002724079467037,109.56815999999999,109.66074499999999,0.13159995790847095,109.5917
2011-06-27,109.5917,-6.843349795014414e-05,0.0005615753456548,109.5992,109.5289,109.7921,0.0002545963088162,0.0006319963897966,0.0001393639994075,109.58072,109.65072500000001,0.12866879094644096,109.6954
2011-06-29,109.6954,0.0009457921394388,0.0006076677758134,109.5917,109.5673,109.7898,-6.843349795014414e-05,0.000350530957572,-2.094890334851668e-05,109.60634,109.64600500000002,0.12497703568188258,109.6071
2011-06-30,109.6071,-0.0008052804210778,0.0006305633195568,109.6954,109.5741,109.7941,0.0009457921394388,6.206038660140384e-05,3.9164984323033936e-05,109.61294000000001,109.63665499999999,0.12021886827756224,109.5037
2011-07-01,109.5037,-0.0009438147975874,0.0006099355660381,109.6071,109.5713,109.8971,-0.0008052804210778,-2.555381039404252e-05,0.0009376798665294,109.59942000000001,109.616985,0.1067969557788363,109.5021
2011-07-04,109.5021,-1.461148517551602e-05,0.0006110413284315,109.5037,109.5992,109.8797,-0.0009438147975874,0.0002545963088162,-0.0001583424641395,109.58000000000001,109.59810499999999,0.08995803393190918,109.4982
2011-07-05,109.4982,-3.561638957037297e-05,0.0005733657371731,109.5021,109.5917,109.7618,-1.461148517551602e-05,-6.843349795014414e-05,-0.0010735677121472,109.56129999999999,109.58492499999997,0.08381282953828613,109.4987
2011-07-06,109.4987,4.5662746823617695e-06,0.0005411695174525,109.4982,109.6954,109.6599,-3.561638957037297e-05,0.0009457921394388,-0.0009288051940677,109.52196,109.576865,0.08397413308153244,109.4998
2011-07-07,109.4998,1.0045730906907192e-05,0.0005373393249851,109.4987,109.6071,109.6835,4.5662746823617695e-06,-0.0008052804210778,0.0002151876928239,109.50049999999999,109.56768,0.08171263897894143,109.5
2011-07-08,109.5,1.8264856864466644e-06,0.0005139381640028,109.4998,109.5037,109.7485,1.0045730906907192e-05,-0.0009438147975874,0.0005924386771407,109.49976,109.55525499999999,0.07095560120660292,109.4995
2011-07-11,109.4995,-4.566220470800007e-06,0.0005130627929878,109.5,109.5021,109.7186,1.8264856864466644e-06,-1.461148517551602e-05,-0.0002724782000127,109.49924000000001,109.54429999999999,0.06056142597625834,109.5
2011-07-12,109.5,4.56622047086311e-06,0.0004705799105921,109.4995,109.4982,109.6122,-4.566220470800007e-06,-3.561638957037297e-05,-0.0009702240483004,109.49960000000002,109.53869,0.0591201622074675,109.5748
2011-07-13,109.5748,0.0006828718127935,0.0004981719824903,109.5,109.4987,109.6026,4.56622047086311e-06,4.5662746823617695e-06,-8.758532732409624e-05,109.51482000000001,109.5373,0.05785166149154589,109.6
2011-07-15,109.6,0.0002299534445661,0.0004334675928613,109.5748,109.4998,109.4853,0.0006828718127935,1.0045730906907192e-05,-0.0010708031909403,109.53486000000001,109.543035,0.05811013386994983,109.4967
2011-07-18,109.4967,-0.0009429626977889,0.0004873388030063,109.6,109.5,109.4892,0.0002299534445661,1.8264856864466644e-06,3.562058596231488e-05,109.53420000000001,109.54341000000002,0.05776762798136944,109.4981
2011-07-19,109.4981,1.27856917151237e-05,0.000483088533062,109.4967,109.4995,109.4597,-0.0009429626977889,-4.566220470800007e-06,-0.0002694692704874,109.53392,109.54532999999999,0.055429795336212985,109.4968
2011-07-20,109.4968,-1.1872422599896064e-05,0.0004609311577273,109.4981,109.5,109.5289,1.27856917151237e-05,4.56622047086311e-06,0.0006319963897966,109.53327999999999,109.543725,0.056387044755671155,109.496
2011-07-21,109.496,-7.306176276146869e-06,0.0004528845199097,109.4968,109.5748,109.5673,-1.1872422599896064e-05,0.0006828718127935,0.000350530957572,109.51751999999999,109.54015999999999,0.057067913378111054,109.485
2011-07-22,109.485,-0.0001004653372598,0.000452555595499,109.496,109.6,109.5741,-7.306176276146869e-06,0.0002299534445661,6.206038660140384e-05,109.49452,109.53570500000001,0.05775262559960712,109.4642
2011-07-25,109.4642,-0.0001899984111616,0.0004537586795259,109.485,109.4967,109.5713,-0.0001004653372598,-0.0009429626977889,-2.555381039404252e-05,109.48802,109.53035,0.059224990284304335,109.4919
2011-07-26,109.4919,0.0002530187571643,0.0004537032800199,109.4642,109.4981,109.5992,-0.0001899984111616,1.27856917151237e-05,0.0002545963088162,109.48678,109.52498499999999,0.05749453315401624,109.4883
2011-07-27,109.4883,-3.2879685015606835e-05,0.0004536926786573,109.4919,109.4968,109.5917,0.0002530187571643,-1.1872422599896064e-05,-6.843349795014414e-05,109.48508,109.519815,0.05580375648051256,109.4665
2011-07-28,109.4665,-0.0001991278571835,0.000389494712748,109.4883,109.496,109.6954,-3.2879685015606835e-05,-7.306176276146869e-06,0.0009457921394388,109.47918,109.50836999999999,0.03877041873539429,109.4881
2011-07-29,109.4881,0.0001973011763176,0.0003577734661362,109.4665,109.485,109.6071,-0.0001991278571835,-0.0001004653372598,-0.0008052804210778,109.4798,109.50242,0.031216537460527147,109.4789
2011-08-01,109.4789,-8.40309270842138e-05,0.0002906205453353,109.4881,109.4642,109.5037,0.0001973011763176,-0.0001899984111616,-0.0009438147975874,109.48273999999999,109.50118,0.0316525312943626,109.4944
2011-08-02,109.4944,0.0001415697715283,0.0002926190390658,109.4789,109.4919,109.5021,-8.40309270842138e-05,0.0002530187571643,-1.461148517551602e-05,109.48324,109.500795,0.0316875614891739,109.5813
2011-08-03,109.5813,0.0007933331223658,0.0003423196740408,109.4944,109.4883,109.4982,0.0001415697715283,-3.2879685015606835e-05,-3.561638957037297e-05,109.50183999999999,109.50495000000001,0.036423654842374774,109.6669
2011-08-04,109.6669,0.0007808502359371,0.0003802462285891,109.5813,109.4665,109.4987,0.0007933331223658,-0.0001991278571835,4.5662746823617695e-06,109.54192,109.51336,0.0512892458253913,109.6625
2011-08-05,109.6625,-4.012230007100493e-05,0.0003808743464794,109.6669,109.4881,109.4998,0.0007808502359371,0.0001973011763176,1.0045730906907192e-05,109.5768,109.521495,0.061007527365316894,109.7149
2011-08-08,109.7149,0.0004777155805158,0.0003908471249297,109.6625,109.4789,109.5,-4.012230007100493e-05,-8.40309270842138e-05,1.8264856864466644e-06,109.624,109.53224,0.07446327530340838,109.7747
2011-08-09,109.7747,0.0005449005463551,0.0004023966218722,109.7149,109.4944,109.4995,0.0004777155805158,0.0001415697715283,-4.566220470800007e-06,109.68006,109.546,0.0915592991653174,109.7871
2011-08-10,109.7871,0.0001129522531986,0.0004014107874362,109.7747,109.5813,109.5,0.0005449005463551,0.0007933331223658,4.56622047086311e-06,109.72121999999999,109.560355,0.10542417816889595,109.7393
2011-08-11,109.7393,-0.000435482937409,0.0003983596024303,109.7871,109.6669,109.5748,0.0001129522531986,0.0007808502359371,0.0006828718127935,109.7357,109.56858,0.11277143442171886,109.7137
2011-08-12,109.7137,-0.0002333073607207,0.0004023245299894,109.7393,109.6625,109.6,-0.000435482937409,-4.012230007100493e-05,0.0002299534445661,109.74593999999999,109.574265,0.11721701544999408,109.6805
2011-08-15,109.6805,-0.0003026515765087,0.0003395789131779,109.7137,109.7149,109.4967,-0.0002333073607207,0.0004777155805158,-0.0009429626977889,109.73906,109.58345499999999,0.11801810064317428,109.8082
2011-08-16,109.8082,0.0011636135656074,0.0004158416289852,109.6805,109.7747,109.4981,-0.0003026515765087,0.0005449005463551,1.27856917151237e-05,109.74575999999999,109.59895999999999,0.12629412371397586,109.9
2011-08-18,109.9,0.0008356538840346,0.0004417751914876,109.8082,109.7871,109.4968,0.0011636135656074,0.0001129522531986,-1.1872422599896064e-05,109.76834,109.61912,0.14050918906246507,109.9277
2011-08-19,109.9277,0.0002520155571531,0.0004396722765243,109.9,109.7393,109.496,0.0008356538840346,-0.000435482937409,-7.306176276146869e-06,109.80602000000002,109.640705,0.15318695999002602,109.9716
2011-08-22,109.9716,0.0003992736728421,0.0004360783080928,109.9277,109.7137,109.485,0.0002520155571531,-0.0002333073607207,-0.0001004653372598,109.8576,109.66503499999999,0.16531741805078964,109.9712
2011-08-23,109.9712,-3.6373093367944414e-06,0.0004287469623144,109.9716,109.6805,109.4642,0.0003992736728421,-0.0003026515765087,-0.0001899984111616,109.91574,109.69038499999999,0.17165095941726619,109.9844
2011-08-24,109.9844,0.0001200242232145,0.0004294190910483,109.9712,109.8082,109.4919,-3.6373093367944414e-06,0.0011636135656074,0.0002530187571643,109.95098,109.71501,0.17692366745493252,109.9907
2011-08-29,109.9907,5.727921025357575e-05,0.0004270427550368,109.9844,109.9,109.4883,0.0001200242232145,0.0008356538840346,-3.2879685015606835e-05,109.96912,109.74013,0.17869776925657452,109.8934
2011-08-30,109.8934,-0.0008850117525625,0.0004866114245872,109.9907,109.9277,109.4665,5.727921025357575e-05,0.0002520155571531,-0.0001991278571835,109.96226000000001,109.76147499999999,0.1695553158470926,109.8998
2011-09-01,109.8998,5.8236560565131446e-05,0.0004875635965917,109.8934,109.9716,109.4881,-0.0008850117525625,0.0003992736728421,0.0001973011763176,109.9479,109.78206,0.15930047213199336,109.9931
2011-09-05,109.9931,0.0008485949805461,0.0005045153438359,109.8998,109.9712,109.4789,5.8236560565131446e-05,-3.6373093367944414e-06,-8.40309270842138e-05,109.95228,109.80776999999998,0.14895565959953533,110.089
2011-09-06,110.089,0.0008714930116503,0.000523498864268,109.9931,109.9844,109.4944,0.0008485949805461,0.0001200242232145,0.0001415697715283,109.97319999999999,109.8375,0.14230805725012227,110.1031
2011-09-07,110.1031,0.0001280699899703,0.0005094968612216,110.089,109.9907,109.5813,0.0008714930116503,5.727921025357575e-05,0.0007933331223658,109.99568,109.86359,0.14068838990134883,110.1931
2011-09-08,110.1931,0.0008170817745123,0.0005115905142816,110.1031,109.8934,109.6669,0.0001280699899703,-0.0008850117525625,0.0007808502359371,110.05562,109.88989999999998,0.1508077898322213,110.1116
2011-09-12,110.1116,-0.0007398843848356,0.0005538887649317,110.1931,109.8998,109.6625,0.0008170817745123,5.8236560565131446e-05,-4.012230007100493e-05,110.09797999999998,109.912355,0.14858497294342857,110.0893
2011-09-13,110.0893,-0.0002025423154604,0.0005570955126173,110.1116,109.9931,109.7149,-0.0007398843848356,0.0008485949805461,0.0004777155805158,110.11722,109.931075,0.14596046283466535,110.1
2011-09-14,110.1,9.71891005460206e-05,0.0005502047570406,110.0893,110.089,109.7747,-0.0002025423154604,0.0008714930116503,0.0005449005463551,110.11941999999999,109.94734000000001,0.1457424166136227,110.0783
2011-09-15,110.0783,-0.0001971129768033,0.0005555848306242,110.1,110.1031,109.7871,9.71891005460206e-05,0.0001280699899703,0.0001129522531986,110.11446000000001,109.96189999999999,0.14341877951009183,110.0862
2011-09-16,110.0862,7.176452155899745e-05,0.0005396436842632,110.0783,110.1931,109.7393,-0.0001971129768033,0.0008170817745123,-0.000435482937409,110.09308000000001,109.97924499999999,0.1358584266040111,110.0936
2011-09-19,110.0936,6.721779202979177e-05,0.0005323142589324,110.0862,110.1116,109.7137,7.176452155899745e-05,-0.0007398843848356,-0.0002333073607207,110.08948000000001,109.99824000000001,0.12269762748251634,110.1
2011-09-20,110.1,5.8130663214619054e-05,0.0005213531743505,110.0936,110.0893,109.6805,6.721779202979177e-05,-0.0002025423154604,-0.0003026515765087,110.09161999999999,110.019215,0.09911100249794562,110.1853
2011-09-22,110.1853,0.0007744502630306,0.0004894217279328,110.1,110.1,109.8082,5.8130663214619054e-05,9.71891005460206e-05,0.0011636135656074,110.10868,110.03807000000002,0.09250419677725479,110.2953
2011-09-23,110.2953,0.0009978202991714,0.0005021824303284,110.1853,110.0783,109.9,0.0007744502630306,-0.0001971129768033,0.0008356538840346,110.15208,110.057835,0.1030774735477064,110.3
2011-09-26,110.3,4.261196862035415e-05,0.0005027740672215,110.2953,110.0862,109.9277,0.0009978202991714,7.176452155899745e-05,0.0002520155571531,110.19484,110.07645,0.11160379874842008,110.2995
2011-09-28,110.2995,-4.533101842938912e-06,0.0005011476638864,110.3,110.0936,109.9716,4.261196862035415e-05,6.721779202979177e-05,0.0003992736728421,110.23602000000001,110.09284500000001,0.11921555212621004,110.1958
2011-09-29,110.1958,-0.0009406096877862,0.0005568533555676,110.2995,110.1,109.9712,-4.533101842938912e-06,5.8130663214619054e-05,-3.6373093367944414e-06,110.25518,110.10407500000001,0.11772281840839924,110.192
2011-09-30,110.192,-3.448466748516833e-05,0.0005576615295093,110.1958,110.1853,109.9844,-0.0009406096877862,0.0007744502630306,0.0001200242232145,110.25652,110.11445499999999,0.11575118267129407,110.1927
2011-10-03,110.1927,6.352528102059751e-06,0.0005579555997762,110.192,110.2953,109.9907,-3.448466748516833e-05,0.0009978202991714,5.727921025357575e-05,110.23599999999999,110.12455499999999,0.11316852117323634,110.1988
2011-10-04,110.1988,5.535603688481929e-05,0.0005087671658675,110.1927,110.3,109.8934,6.352528102059751e-06,4.261196862035415e-05,-0.0008850117525625,110.21576,110.139825,0.10019754107344288,110.1992
2011-10-05,110.1992,3.629797003532974e-06,0.0005093682163968,110.1988,110.2995,109.8998,5.535603688481929e-05,-4.533101842938912e-06,5.8236560565131446e-05,110.19570000000002,110.154795,0.08340855992485789,110.1903
2011-10-12,110.1903,-8.076609824746234e-05,0.0004826314549045,110.1992,110.1958,109.9931,3.629797003532974e-06,-0.0009406096877862,0.0008485949805461,110.1946,110.164655,0.07446430070350343,110.1986
2011-10-13,110.1986,7.532139780112352e-05,0.0004462015766471,110.1903,110.192,110.089,-8.076609824746234e-05,-3.448466748516833e-05,0.0008714930116503,110.19592,110.17013499999999,0.07261349936331597,110.2
2011-10-17,110.2,1.2704254927445778e-05,0.0004458814288016,110.1986,110.1927,110.1031,7.532139780112352e-05,6.352528102059751e-06,0.0001280699899703,110.19738,110.17498,0.07112273750204391,110.1957
2011-10-18,110.1957,-3.902072500095678e-05,0.0004071699653436,110.2,110.1988,110.1931,1.2704254927445778e-05,5.535603688481929e-05,0.0008170817745123,110.19676,110.17510999999999,0.07115996731083665,110.1982
2011-10-19,110.1982,2.268665330670578e-05,0.0003679367096557,110.1957,110.1992,110.1116,-3.902072500095678e-05,3.629797003532974e-06,-0.0007398843848356,110.19656,110.17944,0.0697120876046912,110.1979
2011-10-20,110.1979,-2.722371221621828e-06,0.0003637125445701,110.1982,110.1903,110.0893,2.268665330670578e-05,-8.076609824746234e-05,-0.0002025423154604,110.19808,110.18486999999998,0.0664757898176949,110.2
2011-10-21,110.2,1.9056442915925556e-05,0.0003635906782954,110.1979,110.1986,110.1,-2.722371221621828e-06,7.532139780112352e-05,9.71891005460206e-05,110.19836000000001,110.18987,0.06344810644008086,110.2
2011-11-09,110.2,0.0,0.0003593176488757,110.2,110.2,110.0783,1.9056442915925556e-05,1.2704254927445778e-05,-0.0001971129768033,110.19836000000001,110.195955,0.05776622101000741,110.2
2011-11-14,110.2,0.0,0.0003595023142149,110.2,110.1957,110.0862,0.0,-3.902072500095678e-05,7.176452155899745e-05,110.19922000000001,110.20164500000001,0.05166922605723853,114.049
2011-11-24,114.049,0.0343312838889695,0.0076737647799483,110.2,110.1982,110.0936,0.0,2.268665330670578e-05,6.721779202979177e-05,110.96938,110.399415,0.8601998478170307,113.8992
2011-12-01,113.8992,-0.0013143338843179,0.0076959353192822,114.049,110.1979,110.1,0.0343312838889695,-2.722371221621828e-06,5.8130663214619054e-05,111.70964,110.58937499999999,1.1584036533433009,113.9
2011-12-02,113.9,7.023729670807224e-06,0.0077026833898369,113.8992,110.2,110.1853,-0.0013143338843179,1.9056442915925556e-05,0.0007744502630306,112.44964,110.77511,1.3688853117543984,113.9
2011-12-05,113.9,0.0,0.0077104112095627,113.9,110.2,110.2953,7.023729670807224e-06,0.0,0.0009978202991714,113.18964000000001,110.95534500000001,1.5301895257485445,113.9
2011-12-06,113.9,0.0,0.0077108724027604,113.9,110.2,110.3,0.0,0.0,4.261196862035415e-05,113.92964000000002,111.135345,1.655638463419051,113.9
2011-12-07,113.9,0.0,0.0077108226419858,113.9,114.049,110.2995,0.0,0.0343312838889695,-4.533101842938912e-06,113.89984,111.31536999999999,1.752864364134468,113.8997
2011-12-08,113.8997,-2.6338928454057653e-06,0.0076973586861099,113.9,113.8992,110.1958,0.0,-0.0013143338843179,-0.0009406096877862,113.89994000000002,111.50056499999998,1.822628479414693,113.8976
2011-12-09,113.8976,-1.8437444166886576e-05,0.0076971743644519,113.8997,113.9,110.192,-2.6338928454057653e-06,7.023729670807224e-06,-3.448466748516833e-05,113.89946,111.685845,1.8703275503940266,113.8997
2011-12-12,113.8997,1.843744416694911e-05,0.0076970387045131,113.8976,113.9,110.1927,-1.8437444166886576e-05,0.0,6.352528102059751e-06,113.89940000000001,111.87119500000001,1.898045494567257,113.8979
2011-12-13,113.8979,-1.5803502758785708e-05,0.0076978331659522,113.8997,113.9,110.1988,1.843744416694911e-05,0.0,5.535603688481929e-05,113.89898000000001,112.05615,1.9067113927552823,113.9006
2011-12-14,113.9006,2.370516048271173e-05,0.0076976083794336,113.8979,113.9,110.1992,-1.5803502758785708e-05,0.0,3.629797003532974e-06,113.8991,112.24122,1.8965915795390718,113.9
2011-12-15,113.9,-5.267764878494734e-06,0.0076967324577902,113.9006,113.8997,110.1903,2.370516048271173e-05,-2.6338928454057653e-06,-8.076609824746234e-05,113.89915999999998,112.426705,1.8666225805969006,113.9
2011-12-16,113.9,0.0,0.0076975647797769,113.9,113.8976,110.1986,-5.267764878494734e-06,-1.8437444166886576e-05,7.532139780112352e-05,113.89964,112.61177500000001,1.8169153367508584,113.8999
2012-01-02,113.8999,-8.779635109438597e-07,0.0076977175992729,113.9,113.8997,110.2,0.0,1.843744416694911e-05,1.2704254927445778e-05,113.89968000000002,112.79677,1.745378707842181,113.8998
2012-01-03,113.8998,-8.779642817723825e-07,0.0076972815253564,113.8999,113.8979,110.1957,-8.779635109438597e-07,-1.5803502758785708e-05,-3.902072500095678e-05,113.90005999999998,112.981975,1.6486945719103563,113.9
2012-01-04,113.9,1.7559277927372937e-06,0.0076975162802052,113.8998,113.9006,110.1982,-8.779642817723825e-07,2.370516048271173e-05,2.268665330670578e-05,113.89994000000002,113.16706500000001,1.5227033184695529,113.9
2012-01-05,113.9,0.0,0.0076974855026829,113.9,113.9,110.1979,1.7559277927372937e-06,-5.267764878494734e-06,-2.722371221621828e-06,113.89994000000002,113.35217000000003,1.3589829444339387,113.8998
2012-01-06,113.8998,-1.7559277928193451e-06,0.0076977193029498,113.9,113.9,110.2,0.0,0.0,1.9056442915925556e-05,113.8999,113.53716,1.1417704425925848,113.9
2012-01-09,113.9,1.7559277927372937e-06,0.0076976994900365,113.8998,113.8999,110.2,-1.7559277928193451e-06,-8.779635109438597e-07,0.0,113.89992000000002,113.72216,0.8297009964909098,113.9
2012-01-10,113.9,0.0,0.0076976994900365,113.9,113.8998,110.2,1.7559277927372937e-06,-8.779642817723825e-07,0.0,113.89996000000001,113.90716,0.03339329272482771,113.9
2012-01-11,113.9,0.0,0.0002941183920659,113.9,113.9,114.049,0.0,1.7559277927372937e-06,0.0343312838889695,113.89996000000001,113.89971,0.0007166435345629244,113.8984
2012-01-12,113.8984,-1.4047508674665194e-05,9.682433522719147e-06,113.9,113.9,113.8992,0.0,0.0,-0.0013143338843179,113.89964,113.89967000000001,0.0007671540419403048,113.9
2012-01-13,113.9,1.4047508674648912e-05,1.0083094905429637e-05,113.8984,113.8998,113.9,-1.4047508674665194e-05,-1.7559277928193451e-06,7.023729670807224e-06,113.89967999999999,113.89966999999999,0.0007671540419403048,113.8987
2012-01-17,113.8987,-1.1413585766886386e-05,1.0401072054110854e-05,113.9,113.9,113.9,1.4047508674648912e-05,1.7559277927372937e-06,0.0,113.89942,113.899605,0.000792380861297053,113.8996
2012-01-18,113.8996,7.901727098047294e-06,1.0572550925044976e-05,113.8987,113.9,113.9,-1.1413585766886386e-05,0.0,0.0,113.89934000000001,113.899585,0.0007869154023204121,113.9
2012-01-19,113.9,3.5118586687986998e-06,1.0604734883571245e-05,113.8996,113.9,113.9,7.901727098047294e-06,0.0,0.0,113.89934000000001,113.899585,0.0007869154023204121,113.9025
2012-01-20,113.9025,2.1948837261303437e-05,1.1655913727629762e-05,113.9,113.8984,113.8997,3.5118586687986998e-06,-1.4047508674665194e-05,-2.6338928454057653e-06,113.90016,113.89972500000002,0.0010223162853081162,113.9
2012-01-23,113.9,-2.1948837261233015e-05,1.1989411447313728e-05,113.9025,113.9,113.8976,2.1948837261303437e-05,1.4047508674648912e-05,-1.8437444166886576e-05,113.90016,113.899845,0.0008923499772523801,113.9
2012-01-24,113.9,0.0,1.1269632216003136e-05,113.9,113.8987,113.8997,-2.1948837261233015e-05,-1.1413585766886386e-05,1.843744416694911e-05,113.90042000000001,113.89986000000002,0.0008923057404998678,113.8988
2012-01-26,113.8988,-1.0535613006005957e-05,1.0934159411114292e-05,113.9,113.8996,113.8979,0.0,7.901727098047294e-06,-1.5803502758785708e-05,113.90026,113.89990500000002,0.0008068614032099022,113.9
2012-01-27,113.9,1.0535613006074365e-05,9.793553055317005e-06,113.8988,113.9,113.9006,-1.0535613006005957e-05,3.5118586687986998e-06,2.370516048271173e-05,113.90026,113.89987500000002,0.0007906520012990243,113.8954
2012-01-30,113.8954,-4.038711932406597e-05,1.326959624372108e-05,113.9,113.9025,113.9,1.0535613006074365e-05,2.1948837261303437e-05,-5.267764878494734e-06,113.89883999999999,113.899645,0.0012738148497522478,113.9
2012-01-31,113.9,4.0387119324009154e-05,1.63163413123689e-05,113.8954,113.9,113.9,-4.038711932406597e-05,-2.1948837261233015e-05,0.0,113.89883999999999,113.899645,0.0012738148497522478,113.8997
2012-02-01,113.8997,-2.6338928454057653e-06,1.63260355354903e-05,113.9,113.9,113.8999,4.0387119324009154e-05,0.0,-8.779635109438597e-07,113.89878000000002,113.89963500000002,0.001272491984414835,113.8984
2012-02-02,113.8984,-1.141361582918243e-05,1.652167493610872e-05,113.8997,113.8988,113.8998,-2.6338928454057653e-06,-1.0535613006005957e-05,-8.779642817723825e-07,113.8987,113.89956500000001,0.0013011226156482,113.8996
2012-02-03,113.8996,1.0535650005865244e-05,1.6703613287471574e-05,113.8984,113.9,113.9,-1.141361582918243e-05,1.0535613006074365e-05,1.7559277927372937e-06,113.89862000000001,113.89954499999999,0.0012971523701879968,114.0592
2012-02-06,114.0592,0.0014002532569694,0.0003135926520407,113.8996,113.8954,113.9,1.0535650005865244e-05,-4.038711932406597e-05,0.0,113.93137999999999,113.90750500000001,0.035728692200722674,114.2906
2012-02-08,114.2906,0.0020267158474214,0.0005373904188055,114.0592,113.9,113.8998,0.0014002532569694,4.0387119324009154e-05,-1.7559277928193451e-06,114.0095,113.92704499999999,0.09271360244292962,114.9382
2012-02-13,114.9382,0.0056502649135846,0.0013353977106316,114.2906,113.8997,113.9,0.0020267158474214,-2.6338928454057653e-06,1.7559277927372937e-06,114.2172,113.978955,0.24399422657973321,116.1085
2012-02-14,116.1085,0.0101305061591114,0.0025359116634473,114.9382,113.8984,113.9,0.0056502649135846,-1.141361582918243e-05,0.0,114.65922,114.08938,0.5339024586639037,119.1514
2012-02-15,119.1514,0.0258698545992569,0.0061056141552365,116.1085,113.8996,113.9,0.0101305061591114,1.0535650005865244e-05,0.0,115.70958,114.35194999999999,1.2486899760607642,119.8908
2012-02-16,119.8908,0.0061863751098721,0.0061417162925773,119.1514,114.0592,113.8984,0.0258698545992569,0.0014002532569694,-1.4047508674665194e-05,116.8759,114.65156999999999,1.7517362109448935,119.3708
2012-02-17,119.3708,-0.0043467135448079,0.0063120411140739,119.8908,114.2906,113.9,0.0061863751098721,0.0020267158474214,1.4047508674648912e-05,117.89194,114.92511000000002,2.0327943820990275,118.5696
2012-02-21,118.5696,-0.0067344850062083,0.0066158860508861,119.3708,114.9382,113.8987,-0.0043467135448079,0.0056502649135846,-1.1413585766886386e-05,118.61822,115.158655,2.1722015454793224,118.4706
2012-02-22,118.4706,-0.0008353014025152,0.0066319800293271,118.5696,116.1085,113.8996,-0.0067344850062083,0.0101305061591114,7.901727098047294e-06,119.09064000000001,115.387205,2.27098158315403,118.6797
2012-02-23,118.6797,0.0017634390864089,0.0066162081388565,118.4706,119.1514,113.9,-0.0008353014025152,0.0258698545992569,3.5118586687986998e-06,118.99629999999999,115.62619,2.3561370891887883,119.1422
2012-02-24,119.1422,0.0038894700871308,0.0066101645379974,118.6797,119.8908,113.9025,0.0017634390864089,0.0061863751098721,2.1948837261303437e-05,118.84657999999999,115.888175,2.4440556671396103,119.8025
2012-02-27,119.8025,0.0055268158764427,0.0066262694022359,119.1422,119.3708,113.9,0.0038894700871308,-0.0043467135448079,-2.1948837261233015e-05,118.93292,116.18329999999999,2.54560383737146,120.5922
2012-02-28,120.5922,0.0065700520074116,0.0066572258299463,119.8025,118.5696,113.9,0.0055268158764427,-0.0067344850062083,0.0,119.33744000000002,116.51790999999999,2.666631448080673,121.1198
2012-02-29,121.1198,0.0043655328482745,0.0066299564069138,120.5922,118.4706,113.8988,0.0065700520074116,-0.0008353014025152,-1.0535613006005957e-05,119.86728000000001,116.87896,2.7797960418173187,121.907
2012-03-01,121.907,0.0064783205238323,0.0066304309779224,121.1198,118.6797,113.9,0.0043655328482745,0.0017634390864089,1.0535613006074365e-05,120.51274000000001,117.27930999999998,2.902081247347902,122.0764
2012-03-02,122.0764,0.0013886192849239,0.0065990664755853,121.907,119.1422,113.8954,0.0064783205238323,0.0038894700871308,-4.038711932406597e-05,121.09957999999999,117.68835999999999,2.9756398983461128,126.6993
2012-04-04,126.6993,0.0371694842083749,0.0099538260763143,122.0764,119.8025,113.9,0.0013886192849239,0.0055268158764427,4.0387119324009154e-05,122.47894,118.32832499999999,3.4556474559575485,130.1486
2012-06-08,130.1486,0.0268603121137115,0.0109588010333673,126.6993,120.5922,113.8997,0.0371694842083749,0.0065700520074116,-2.6338928454057653e-06,124.39022,119.14077,4.191428167493784,130.3868
2012-06-11,130.3868,0.0018285428112251,0.0109073800219927,130.1486,121.1198,113.8984,0.0268603121137115,0.0043655328482745,-1.141361582918243e-05,126.24362,119.96518999999998,4.697091554736375,132.3251
2012-06-13,132.3251,0.0147563560839713,0.0109254998516582,130.3868,121.907,113.8996,0.0018285428112251,0.0064783205238323,1.0535650005865244e-05,128.32724000000002,120.886465,5.222379741103278,132.0539
2012-06-15,132.0539,-0.0020516008845247,0.0110534005490629,132.3251,122.0764,114.0592,0.0147563560839713,0.0013886192849239,0.0014002532569694,130.32274,121.78620000000001,5.5255452159656,131.7936
2012-06-18,131.7936,-0.001973110106779,0.0111896468616828,132.0539,126.6993,114.2906,-0.0020516008845247,0.0371694842083749,0.0020267158474214,131.3416,122.66135000000001,5.660331186562738,132.4807
2012-06-20,132.4807,0.0051999119718583,0.0111932225573635,131.7936,130.1486,114.9382,-0.001973110106779,0.0268603121137115,0.0056502649135846,131.80802,123.53847500000002,5.7588981807899655,132.8614
2012-06-22,132.8614,0.0028695051499591,0.0112075730480418,132.4807,130.3868,116.1085,0.0051999119718583,0.0018285428112251,0.0101305061591114,132.30293999999998,124.37611999999999,5.839126989595851,132.8667
2012-06-25,132.8667,3.989039925167842e-05,0.0103418334544204,132.8614,132.3251,119.1514,0.0028695051499591,0.0147563560839713,0.0258698545992569,132.41126,125.061885,5.99648780083371,133.1261
2012-06-27,133.1261,0.0019504293517235,0.0103692456958566,132.8667,132.0539,119.8908,3.989039925167842e-05,-0.0020516008845247,0.0061863751098721,132.6257,125.72364999999999,6.124722284358771,133.3044
2012-06-29,133.3044,0.0013384355516153,0.0101687162371933,133.1261,131.7936,119.3708,0.0019504293517235,-0.001973110106779,-0.0043467135448079,132.92786,126.42032999999999,6.156443116733335,133.749
2012-07-02,133.749,0.0033296742206861,0.0097716376465389,133.3044,132.4807,118.5696,0.0013384355516153,0.0051999119718583,-0.0067344850062083,133.18152,127.17930000000001,6.072755285353057,133.6876
2012-07-06,133.6876,-0.0004591742572168,0.0097580956275277,133.749,132.8614,118.4706,0.0033296742206861,0.0028695051499591,-0.0008353014025152,133.34676,127.94014999999999,5.8742409906565385,133.4704
2012-07-10,133.4704,-0.0016260044457168,0.0098651600535306,133.6876,132.8667,118.6797,-0.0004591742572168,3.989039925167842e-05,0.0017634390864089,133.46750000000003,128.679685,5.570207062414974,132.2999
2012-09-06,132.2999,-0.0088084151469923,0.0103939334017554,133.4704,133.1261,119.1422,-0.0016260044457168,0.0019504293517235,0.0038894700871308,133.30226,129.33757,5.145273818614471,132.3629
2012-09-07,132.3629,0.0004760774932473,0.0104477570730102,132.2999,133.3044,119.8025,-0.0088084151469923,0.0013384355516153,0.0055268158764427,133.11396,129.96559000000002,4.664253141533893,132.294
2012-09-11,132.294,-0.0005206741373949,0.0105112598284386,132.3629,133.749,120.5922,0.0004760774932473,0.0033296742206861,0.0065700520074116,132.82296,130.55068,4.129893186281947,132.2466
2012-09-12,132.2466,-0.0003583570953364,0.0105704374488183,132.294,133.6876,121.1198,-0.0005206741373949,-0.0004591742572168,0.0043655328482745,132.53476,131.10701999999998,3.492915386380502,131.9484
2012-09-13,131.9484,-0.002257424452656,0.0106599036877226,132.2466,133.4704,121.907,-0.0003583570953364,-0.0016260044457168,0.0064783205238323,132.23036000000002,131.60909,2.7418277292217423,131.7911
2012-09-14,131.7911,-0.0011928438375862,0.0107081663908767,131.9484,132.2999,122.0764,-0.002257424452656,-0.0088084151469923,0.0013886192849239,132.1286,132.09482500000001,1.5774220447391698,132.1385
2012-09-17,132.1385,0.002632521707519,0.0072866289739101,131.7911,132.3629,126.6993,-0.0011928438375862,0.0004760774932473,0.0371694842083749,132.08372,132.366785,0.9371827459087224,132.003
2012-09-18,132.003,-0.0010259653396809,0.0043932700553843,132.1385,132.294,130.1486,0.002632521707519,-0.0005206741373949,0.0268603121137115,132.02552,132.45950499999998,0.7856600761327914,132.0422
2012-09-19,132.0422,0.0002969188630433,0.0043860413713942,132.003,132.2466,130.3868,-0.0010259653396809,-0.0003583570953364,0.0018285428112251,131.98463999999998,132.54227500000002,0.6269807911667735,131.5943
2012-09-20,131.5943,-0.0033978635806107,0.0029534110929313,132.0422,131.9484,132.3251,0.0002969188630433,-0.002257424452656,0.0147563560839713,131.91382,132.50573500000002,0.6606926797866796,131.4845
2012-09-21,131.4845,-0.0008347309351836,0.0029273455412256,131.5943,131.7911,132.0539,-0.0033978635806107,-0.0011928438375862,-0.0020516008845247,131.85250000000002,132.477265,0.6926811663213788,131.4135
2012-09-24,131.4135,-0.0005401334489128,0.002899481021235,131.4845,132.1385,131.7936,-0.0008347309351836,0.002632521707519,-0.001973110106779,131.7075,132.45826,0.7172062431058702,131.1501
2012-09-25,131.1501,-0.0020063717008778,0.0026361993739448,131.4135,132.003,132.4807,-0.0005401334489128,-0.0010259653396809,0.0051999119718583,131.53692,132.39173,0.7744459928793614,130.9657
2012-09-26,130.9657,-0.0014070119422112,0.0025189351962092,131.1501,132.0422,132.8614,-0.0020063717008778,0.0002969188630433,0.0028695051499591,131.32162,132.296945,0.8280876208835738,130.9677
2012-09-27,130.9677,1.5271057452339727e-05,0.0025185510357608,130.9657,131.5943,132.8667,-0.0014070119422112,-0.0033978635806107,3.989039925167842e-05,131.1963,132.20199499999998,0.8672647416280529,129.7943
2012-09-28,129.7943,-0.0089998383211875,0.0030431352488785,130.9677,131.4845,133.1261,1.5271057452339727e-05,-0.0008347309351836,0.0019504293517235,130.85826,132.035405,0.9915112099414976,129.2609
2012-10-01,129.2609,-0.0041180470710237,0.0030418230417548,129.7943,131.4135,133.3044,-0.0089998383211875,-0.0005401334489128,0.0013384355516153,130.42774,131.83323000000001,1.1227042114526025,129.1083
2012-10-02,129.1083,-0.0011812554882265,0.0028209510155941,129.2609,131.1501,133.749,-0.0041180470710237,-0.0020063717008778,0.0033296742206861,130.01938,131.60119500000002,1.1838184019998512,129.1417
2012-10-03,129.1417,0.0002586640866308,0.0028429298748762,129.1083,130.9657,133.6876,-0.0011812554882265,-0.0014070119422112,-0.0004591742572168,129.65457999999998,131.3739,1.1984609353986972,129.3008
2012-10-04,129.3008,0.0012312218005816,0.0029191860543897,129.1417,130.9677,133.4704,0.0002586640866308,1.5271057452339727e-05,-0.0016260044457168,129.3212,131.16541999999998,1.1770394799947275,129.702
2012-10-05,129.702,0.0030980384836596,0.0025610625820647,129.3008,129.7943,132.2999,0.0012312218005816,-0.0089998383211875,-0.0088084151469923,129.30274,131.035525,1.188544351127832,128.4836
2012-10-08,128.4836,-0.0094382416727897,0.0031531018645346,129.702,129.2609,132.3629,0.0030980384836596,-0.0041180470710237,0.0004760774932473,129.14728,130.84156,1.2739921549758624,128.2126
2012-10-09,128.2126,-0.002111446142803,0.0031474937523011,128.4836,129.1083,132.294,-0.0094382416727897,-0.0011812554882265,-0.0005206741373949,128.96814,130.63749,1.3534949232471767,128.3052
2012-10-10,128.3052,0.0007219772196886,0.003178443255033,128.2126,129.1417,132.2466,-0.002111446142803,0.0002586640866308,-0.0003583570953364,128.80084000000002,130.44042,1.3932285789689824,128.3627
2012-10-11,128.3627,0.0004480498025806,0.0032025661381015,128.3052,129.3008,131.9484,0.0007219772196886,0.0012312218005816,-0.002257424452656,128.61322,130.261135,1.4194269801089627,128.5822
2012-10-12,128.5822,0.0017085379269661,0.0032762391317039,128.3627,129.702,131.7911,0.0004480498025806,0.0030980384836596,-0.0011928438375862,128.38926,130.10069,1.4187441436533836,128.4985
2012-10-15,128.4985,-0.0006511574222213,0.00315228947746,128.5822,128.4836,132.1385,0.0017085379269661,-0.0094382416727897,0.002632521707519,128.39224000000002,129.91869,1.3764127126981762,128.4349
2012-10-16,128.4349,-0.000495069938739,0.0031578058456252,128.4985,128.2126,132.003,-0.0006511574222213,-0.002111446142803,-0.0010259653396809,128.4367,129.74028500000003,1.322207979208446,128.6954
2012-10-18,128.6954,0.0020262107509243,0.0032287324723558,128.4349,128.3052,132.0422,-0.000495069938739,0.0007219772196886,0.0002969188630433,128.51474,129.57294499999998,1.2236563705242771,128.9114
2012-10-19,128.9114,0.0016769747585885,0.003253155185922,128.6954,128.3627,131.5943,0.0020262107509243,0.0004480498025806,-0.0033978635806107,128.62448,129.43880000000001,1.1341871998059427,128.9909
2012-10-22,128.9909,0.0006165125515987,0.0032738572496976,128.9114,128.5822,131.4845,0.0016769747585885,0.0017085379269661,-0.0008347309351836,128.70622,129.31412,1.0297177781945945,129.6239
2012-10-23,129.6239,0.0048953212585626,0.0035261969203698,128.9909,128.4985,131.4135,0.0006165125515987,-0.0006511574222213,-0.0005401334489128,128.9313,129.22464,0.9082803070659046,129.926
2012-10-24,129.926,0.0023278771166824,0.0035736197419892,129.6239,128.4349,131.1501,0.0048953212585626,-0.000495069938739,-0.0020063717008778,129.22952,129.163435,0.807337332658261,130.0182
2012-10-25,130.0182,0.0007093830434874,0.003575712067897,129.926,128.6954,130.9657,0.0023278771166824,0.0020262107509243,-0.0014070119422112,129.49408,129.11606,0.7189778588155084,130.1585
2012-10-26,130.1585,0.0010784979100684,0.0035895098020956,130.0182,128.9114,130.9677,0.0007093830434874,0.0016769747585885,1.5271057452339727e-05,129.74349999999998,129.0756,0.6260580223602972,129.9543
2012-10-30,129.9543,-0.0015700883766513,0.002974628351525,130.1585,128.9909,129.7943,0.0010784979100684,0.0006165125515987,-0.0089998383211875,129.93617999999998,129.0836,0.6366577325489053,130.0272
2012-10-31,130.0272,0.0005608091491944,0.0028079310285418,129.9543,129.6239,129.2609,-0.0015700883766513,0.0048953212585626,-0.0041180470710237,130.01684,129.121915,0.6700712132370944,130.1015
2012-11-01,130.1015,0.0005712557055069,0.0027866843444323,130.0272,129.926,129.1083,0.0005608091491944,0.0023278771166824,-0.0011812554882265,130.05194,129.17157500000002,0.7049073204244317,130.3442
2012-11-02,130.3442,0.0018637287561379,0.0028059554663856,130.1015,130.0182,129.1417,0.0005712557055069,0.0007093830434874,0.0002586640866308,130.11714,129.2317,0.7519395566368929,130.2943
2012-11-05,130.2943,-0.00038290583018,0.0028059224182874,130.3442,130.1585,129.3008,0.0018637287561379,0.0010784979100684,0.0012312218005816,130.1443,129.281375,0.7886644499395257,130.3408
2012-11-06,130.3408,0.000356820708288,0.0027322901258049,130.2943,129.9543,129.702,-0.00038290583018,-0.0015700883766513,0.0030980384836596,130.2216,129.31331500000002,0.818949691449183,130.4533
2012-11-07,130.4533,0.0008627496325889,0.00150683113877,130.3408,130.0272,128.4836,0.000356820708288,0.0005608091491944,-0.0094382416727897,130.30682,129.41180000000003,0.8322463659742152,130.967
2012-11-09,130.967,0.003930074758505,0.0015063191871929,130.4533,130.1015,128.2126,0.0008627496325889,0.0005712557055069,-0.002111446142803,130.47992,129.54951999999997,0.8510450755539195,130.7526
2012-11-12,130.7526,-0.0016383950453859,0.0016224181926632,130.967,130.3442,128.3052,0.003930074758505,0.0018637287561379,0.0007219772196886,130.5616,129.67189000000002,0.8385720186209271,130.5591
2012-11-14,130.5591,-0.0014809902148849,0.0017085551897985,130.7526,130.2943,128.3627,-0.0016383950453859,-0.00038290583018,0.0004480498025806,130.61456,129.78171,0.801078616874715,130.3148
2012-11-15,130.3148,-0.0018729360922252,0.0017989452667904,130.5591,130.3408,128.5822,-0.0014809902148849,0.000356820708288,0.0017085379269661,130.60936,129.86834000000002,0.7570050972456909,130.0545
2012-11-16,130.0545,-0.0019994683453121,0.0018747002293477,130.3148,130.4533,128.4985,-0.0018729360922252,0.0008627496325889,-0.0006511574222213,130.52960000000002,129.94613999999999,0.6853817510149584,129.9758
2012-11-19,129.9758,-0.0006053140914963,0.0018782538800537,130.0545,130.967,128.4349,-0.0019994683453121,0.003930074758505,-0.000495069938739,130.33136,130.02318499999998,0.5859553371412212,130.1379
2012-11-20,130.1379,0.0012463781875744,0.001854957430125,129.9758,130.7526,128.6954,-0.0006053140914963,-0.0016383950453859,0.0020262107509243,130.20842,130.09530999999998,0.49575225656308985,127.3025
2013-01-01,127.3025,-0.0220285134488391,0.0053613869974648,130.1379,130.5591,128.9114,0.0012463781875744,-0.0014809902148849,0.0016769747585885,129.5571,130.014865,0.7587507927807002,127.6522
2013-01-02,127.6522,0.0027432341455225,0.0054082540794043,127.3025,130.3148,128.9909,-0.0220285134488391,-0.0018729360922252,0.0006165125515987,129.02458,129.94792999999999,0.899778576325202,127.3452
2013-01-03,127.3452,-0.0024078688514302,0.0052679908543715,127.6522,130.0545,129.6239,0.0027432341455225,-0.0019994683453121,0.0048953212585626,128.48272,129.83399500000002,1.0709565957435014,127.3895
2013-01-07,127.3895,0.0003478128456514,0.0052228091729767,127.3452,129.9758,129.926,-0.0024078688514302,-0.0006053140914963,0.0023278771166824,127.96545999999998,129.70717,1.201696428998019,127.383
2013-01-08,127.383,-5.102591528847745e-05,0.005212577115698,127.3895,130.1379,130.0182,0.0003478128456514,0.0012463781875744,0.0007093830434874,127.41448,129.57541,1.3057610085565707,127.2241
2013-01-09,127.2241,-0.0012481978753183,0.0051890990608061,127.383,127.3025,130.1585,-5.102591528847745e-05,-0.0220285134488391,0.0010784979100684,127.39880000000001,129.42869000000002,1.3983703676605017,126.2912
2013-01-10,126.2912,-0.007359746815608,0.0053725954475282,127.2241,127.6522,129.9543,-0.0012481978753183,0.0027432341455225,-0.0015700883766513,127.12660000000001,129.24553500000002,1.556818898391175,126.0354
2013-01-11,126.0354,-0.0020275316802141,0.0053532653303701,126.2912,127.3452,130.0272,-0.007359746815608,-0.0024078688514302,0.0005608091491944,126.86464000000001,129.04594500000002,1.7005766784948753,126.0684
2013-01-15,126.0684,0.0002617969279992,0.0053472277230302,126.0354,127.3895,130.1015,-0.0020275316802141,0.0003478128456514,0.0005712557055069,126.60042000000001,128.84429,1.8047531226105031,126.3433
2013-01-16,126.3433,0.0021781883224009,0.0053583204355964,126.0684,127.383,130.3442,0.0002617969279992,-5.102591528847745e-05,0.0018637287561379,126.39248,128.644245,1.8508945741732719,126.9609
2013-01-24,126.9609,0.0048763599168076,0.0055448688339228,126.3433,127.2241,130.2943,0.0021781883224009,-0.0012481978753183,-0.00038290583018,126.33984000000001,128.477575,1.8445623482832325,127.0078
2013-01-28,127.0078,0.0003693368555507,0.0055450658756915,126.9609,126.2912,130.3408,0.0048763599168076,-0.007359746815608,0.000356820708288,126.48316,128.310925,1.817734008353614,126.6989
2013-01-30,126.6989,-0.0024350965318632,0.0055265205816254,127.0078,126.0354,130.4533,0.0003693368555507,-0.0020275316802141,0.0008627496325889,126.61586,128.12320499999998,1.7782762139570418,126.4512
2013-01-31,126.4512,-0.0019569423756878,0.005379132399523,126.6989,126.0684,130.967,-0.0024350965318632,0.0002617969279992,0.003930074758505,126.69242,127.89741499999998,1.6822896021632399,126.4532
2013-02-01,126.4532,1.5816253098235365e-05,0.005393708722809,126.4512,126.3433,130.7526,-0.0019569423756878,0.0021781883224009,-0.0016383950453859,126.7144,127.682445,1.569131529312792,127.3038
2013-03-08,127.3038,0.006704076623098,0.0057101841612319,126.4532,126.9609,130.5591,1.5816253098235365e-05,0.0048763599168076,-0.0014809902148849,126.78298,127.51968,1.4164388353578492,125.9784
2013-04-05,125.9784,-0.0104658921796124,0.0060704461740822,127.3038,127.0078,130.3148,0.006704076623098,0.0003693368555507,-0.0018729360922252,126.5771,127.30285999999998,1.292535461956566,126.2946
2013-05-06,126.2946,0.0025068094134992,0.0061416495546371,125.9784,126.6989,130.0545,-0.0104658921796124,-0.0024350965318632,-0.0019994683453121,126.49624000000001,127.11486500000001,1.1350987349911588,126.3673
2013-05-08,126.3673,0.0005754726138474,0.0061560255898787,126.2946,126.4512,129.9758,0.0025068094134992,-0.0019569423756878,-0.0006053140914963,126.47945999999999,126.93444,0.9234766793252379,126.0029
2013-05-10,126.0029,-0.0028878231522063,0.0061315739744437,126.3673,126.4532,130.1379,0.0005754726138474,1.5816253098235365e-05,0.0012463781875744,126.3894,126.72768999999998,0.5597966697544723,126.0029
2013-05-13,126.0029,0.0,0.0038109199030569,126.0029,127.3038,127.3025,-0.0028878231522063,0.006704076623098,-0.0220285134488391,126.12921999999999,126.66270999999999,0.5649657613238445,126.1837
2013-05-20,126.1837,0.0014338591422093,0.0037629804555773,126.0029,125.9784,127.6522,0.0,-0.0104658921796124,0.0027432341455225,126.17028,126.58928499999999,0.5235041559879838,126.456
2013-06-06,126.456,0.0021556398732523,0.0037845137233789,126.1837,126.2946,127.3452,0.0014338591422093,0.0025068094134992,-0.0024078688514302,126.20255999999999,126.54482499999999,0.49278472920405536,126.4642
2013-06-07,126.4642,6.484258673590433e-05,0.0037822945260944,126.456,126.3673,127.3895,0.0021556398732523,0.0005754726138474,0.0003478128456514,126.22193999999999,126.49856,0.4509705631598798,127.3273
2013-06-12,127.3273,0.0068016724551104,0.0041085092277201,126.4642,126.0029,127.383,6.484258673590433e-05,-0.0028878231522063,-5.102591528847745e-05,126.48682,126.49577499999998,0.44535824003639995,128.4449
2013-06-21,128.4449,0.0087390819856758,0.0045362875197541,127.3273,126.0029,127.2241,0.0068016724551104,0.0,-0.0012481978753183,126.97522,126.55681499999999,0.6053554243233951,128.8274
2013-06-25,128.8274,0.0029735053624525,0.0041703784208684,128.4449,126.1837,126.2912,0.0087390819856758,0.0014338591422093,-0.007359746815608,127.50396,126.68362499999998,0.7855952485852985,130.5896
2013-07-04,130.5896,0.0135860572408846,0.0049613514602536,128.8274,126.456,126.0354,0.0029735053624525,0.0021556398732523,-0.0020275316802141,128.33067999999997,126.91133500000001,1.1590705479049659,131.5009
2013-07-26,131.5009,0.0069541144949085,0.005078237432744,130.5896,126.4642,126.0684,0.0135860572408846,6.484258673590433e-05,0.0002617969279992,129.33802,127.18296000000001,1.528732030972259,131.6
2013-07-29,131.6,0.0007533231903544,0.005087209281594,131.5009,127.3273,126.3433,0.0069541144949085,0.0068016724551104,0.0021781883224009,130.19256000000001,127.445795,1.8038989866891966,131.5714
2013-07-30,131.5714,-0.0002173488465127,0.0050650995290506,131.6,128.4449,126.9609,0.0007533231903544,0.0087390819856758,0.0048763599168076,130.81786,127.67631999999999,2.0202870753784814,131.6
2013-07-31,131.6,0.0002173488465127,0.0050674464463131,131.5714,128.8274,127.0078,-0.0002173488465127,0.0029735053624525,0.0003693368555507,131.37238,127.90592999999998,2.193813888640929,131.5902
2013-08-01,131.5902,-7.447085799176112e-05,0.0049911178319594,131.6,130.5896,126.6989,0.0002173488465127,0.0135860572408846,-0.0024350965318632,131.57250000000002,128.150495,2.321118734455664,131.6
2013-08-02,131.6,7.447085799180077e-05,0.0049289085923774,131.5902,131.5009,126.4512,-7.447085799176112e-05,0.0069541144949085,-0.0019569423756878,131.59232,128.407935,2.4066817687580753,131.6
2013-08-05,131.6,0.0,0.0049292441996294,131.6,131.6,126.4532,7.447085799180077e-05,0.0007533231903544,1.5816253098235365e-05,131.59232000000003,128.665275,2.4612153407505892,131.594
2013-08-06,131.594,-4.5593744546104514e-05,0.0048196892580211,131.6,131.5714,127.3038,0.0,-0.0002173488465127,0.006704076623098,131.59684,128.879785,2.522504637368566,131.598
2013-08-07,131.598,3.0396060673099206e-05,0.0039170752226929,131.594,131.6,125.9784,-4.5593744546104514e-05,0.0002173488465127,-0.0104658921796124,131.59643999999997,129.16076500000003,2.4951450324408384,131.6
2013-08-08,131.6,1.5197683873163558e-05,0.0039457208708193,131.598,131.5902,126.2946,3.0396060673099206e-05,-7.447085799176112e-05,0.0025068094134992,131.5984,129.426035,2.456107618563706,131.59
2013-08-12,131.59,-7.599072916750502e-05,0.0039612577172773,131.6,131.6,126.3673,1.5197683873163558e-05,7.447085799180077e-05,0.0005754726138474,131.5964,129.68717,2.390550289014778,131.6
2013-08-13,131.6,7.59907291676104e-05,0.0038207452881236,131.59,131.6,126.0029,-7.599072916750502e-05,0.0,-0.0028878231522063,131.59640000000002,129.967025,2.260630789442827,131.6
2013-08-14,131.6,0.0,0.0038207452881236,131.6,131.594,126.0029,7.59907291676104e-05,-4.5593744546104514e-05,0.0,131.5976,130.24688,2.083576425181348,131.5434
2013-08-15,131.5434,-0.000430183701152,0.0038622374939312,131.6,131.598,126.1837,0.0,3.0396060673099206e-05,0.0014338591422093,131.58668,130.51486500000001,1.866882242859178,131.4389
2013-08-16,131.4389,-0.0007947303335635,0.0039151744958116,131.5434,131.6,126.456,-0.000430183701152,1.5197683873163558e-05,0.0021556398732523,131.55446,130.76401,1.6117615051119276,131.5205
2013-08-19,131.5205,0.0006206281473051,0.003903175379,131.4389,131.59,126.4642,-0.0007947303335635,-7.599072916750502e-05,6.484258673590433e-05,131.54056,131.01682499999998,1.2599776614007687,131.6
2013-08-21,131.6,0.0006042858874104,0.0037412263757665,131.5205,131.6,127.3273,0.0006206281473051,7.59907291676104e-05,0.0068016724551104,131.54055999999997,131.23046000000002,0.9170327012434614,131.75
2013-08-22,131.75,0.001139168530255,0.0033486939696109,131.6,131.6,128.4449,0.0006042858874104,0.0,0.0087390819856758,131.57055999999997,131.39571500000002,0.6465464336052567,131.8573
2013-08-23,131.8573,0.0008140897913375,0.0033256212451876,131.75,131.5434,128.8274,0.001139168530255,-0.000430183701152,0.0029735053624525,131.63334,131.54721,0.24063814260422417,131.9254
2013-08-26,131.9254,0.0005163341000978,0.0015838495069214,131.8573,131.4389,130.5896,0.0008140897913375,-0.0007947303335635,0.0135860572408846,131.73064,131.61399999999998,0.11169042739065062,132.0
2013-08-27,132.0,0.0005653112734637,0.0004636206662682,131.9254,131.5205,131.5009,0.0005163341000978,0.0006206281473051,0.0069541144949085,131.82653999999997,131.63895499999998,0.1377964993335667,132.5
2013-08-28,132.5,0.0037807228399061,0.0009235287753253,132.0,131.6,131.6,0.0005653112734637,0.0006042858874104,0.0007533231903544,132.00654,131.683955,0.23621473608635518,133.0
2013-08-29,133.0,0.0037664827954768,0.0011884438766977,132.5,131.75,131.5714,0.0037807228399061,0.001139168530255,-0.0002173488465127,132.25654,131.755385,0.37538832843236536,133.0575
2013-08-30,133.0575,0.0004322373990226,0.0011863431187592,133.0,131.8573,131.6,0.0037664827954768,0.0008140897913375,0.0002173488465127,132.49658,131.82826,0.47253823058038275,132.9
2013-09-02,132.9,-0.0011843999015766,0.0012417933623408,133.0575,131.9254,131.5902,0.0004322373990226,0.0005163341000978,-7.447085799176112e-05,132.6915,131.89375,0.525593923192457,133.0
2013-09-03,133.0,0.0007521625025541,0.001238950945306,132.9,132.0,131.6,-0.0011843999015766,0.0005653112734637,7.447085799180077e-05,132.8915,131.96375,0.5752907946530847,133.0
2013-09-04,133.0,0.0,0.001238950945306,133.0,132.5,131.6,0.0007521625025541,0.0037807228399061,0.0,132.9915,132.03375,0.6126615992982033,132.9972
2013-09-05,132.9972,-2.1052853188791217e-05,0.0012383638257457,133.0,133.0,131.594,0.0,0.0037664827954768,-4.5593744546104514e-05,132.99094,132.10391,0.6394132918394004,132.955
2013-09-06,132.955,-0.0003173502633491,0.0012481552195505,132.9972,133.0575,131.598,-2.1052853188791217e-05,0.0004322373990226,3.0396060673099206e-05,132.97044,132.17176,0.6547186863891757,132.9667
2013-09-09,132.9667,8.799582739991677e-05,0.0012467326137053,132.955,132.9,131.6,-0.0003173502633491,-0.0011843999015766,1.5197683873163558e-05,132.98378,132.240095,0.6631702674647171,132.9
2013-09-10,132.9,-0.0005017552134159,0.0012609376023635,132.9667,133.0,131.59,8.799582739991677e-05,0.0007521625025541,-7.599072916750502e-05,132.96377999999999,132.305595,0.6602689790546038,132.88
2013-09-11,132.88,-0.0001505004141602,0.0012659088827312,132.9,133.0,131.6,-0.0005017552134159,0.0,7.59907291676104e-05,132.93977999999998,132.36959499999998,0.6502349441521104,132.4238
2013-09-12,132.4238,-0.0034390796485631,0.0015391851021169,132.88,132.9972,131.6,-0.0001505004141602,-2.1052853188791217e-05,0.0,132.82510000000002,132.41078499999998,0.6245012142473924,132.2558
2013-09-13,132.2558,-0.001269459547025,0.0015715850870356,132.4238,132.955,131.5434,-0.0034390796485631,-0.0003173502633491,-0.000430183701152,132.68526000000003,132.446405,0.5918891027590064,132.0965
2013-09-16,132.0965,-0.0012052100116575,0.0015888083589359,132.2558,132.9667,131.4389,-0.001269459547025,8.799582739991677e-05,-0.0007947303335635,132.51122,132.47928499999998,0.5497399761098498,132.2218
2013-09-17,132.2218,0.0009480993891526,0.0015945111632485,132.0965,132.9,131.5205,-0.0012052100116575,-0.0005017552134159,0.0006206281473051,132.37557999999999,132.51435,0.5059907191696936,132.25
2013-09-18,132.25,0.0002132552514624,0.0015925397720051,132.2218,132.88,131.6,0.0009480993891526,-0.0001505004141602,0.0006042858874104,132.24957999999998,132.54685,0.4632394827863396,132.25
2013-09-20,132.25,0.0,0.0015792429838163,132.25,132.4238,131.75,0.0002132552514624,-0.0034390796485631,0.001139168530255,132.21481999999997,132.57184999999998,0.4302921620572776,132.1387
2013-09-23,132.1387,-0.0008419422356154,0.0015881543024843,132.25,132.2558,131.8573,0.0,-0.001269459547025,0.0008140897913375,132.1914,132.58592000000002,0.4098108338856139,132.06
2013-09-24,132.06,-0.0005957637363679,0.0015925158158178,132.1387,132.0965,131.9254,-0.0008419422356154,-0.0012052100116575,0.0005163341000978,132.1841,132.59265,0.39936481078874825,132.1579
2013-09-25,132.1579,0.0007410550494894,0.001595984200117,132.06,132.2218,132.0,-0.0005957637363679,0.0009480993891526,0.0005653112734637,132.17132,132.600545,0.38844356830075233,131.9833
2013-09-26,131.9833,-0.0013220203847759,0.0013603047374719,132.1579,132.25,132.5,0.0007410550494894,0.0002132552514624,0.0037807228399061,132.11798000000002,132.57471,0.41195380795159575,131.9617
2013-09-27,131.9617,-0.0001636704620145,0.0009918253554768,131.9833,132.25,133.0,-0.0013220203847759,0.0,0.0037664827954768,132.06032,132.522795,0.420864973304127,131.9809
2013-09-30,131.9809,0.0001454861779329,0.0009813020497679,131.9617,132.1387,133.0575,-0.0001636704620145,-0.0008419422356154,0.0004322373990226,132.02876,132.468965,0.4177134856215654,131.9963
2013-10-01,131.9963,0.0001166767434267,0.000970059821885,131.9809,132.06,132.9,0.0001454861779329,-0.0005957637363679,-0.0011843999015766,132.01602,132.42378000000002,0.4175110406250822,131.7903
2013-10-02,131.7903,-0.0015618688885405,0.000970793851257,131.9963,132.1579,133.0,0.0001166767434267,0.0007410550494894,0.0007521625025541,131.9425,132.36329500000002,0.41726506969310706,131.4078
2013-10-03,131.4078,-0.0029065579826183,0.0011068279964472,131.7903,131.9833,133.0,-0.0015618688885405,-0.0013220203847759,0.0,131.82739999999998,132.28368500000002,0.44062844028280557,131.3159
2013-10-04,131.3159,-0.0006995943171343,0.0010984451124114,131.4078,131.9617,132.9972,-0.0029065579826183,-0.0001636704620145,-2.1052853188791217e-05,131.69824,132.19962,0.4574000144890107,131.2483
2013-10-07,131.2483,-0.0005149216952931,0.0010963138873993,131.3159,131.9809,132.955,-0.0006995943171343,0.0001454861779329,-0.0003173502633491,131.55172,132.114285,0.4681346098212649,131.1187
2013-10-08,131.1187,-0.0009879292025358,0.0010847383316759,131.2483,131.9963,132.9667,-0.0005149216952931,0.0001166767434267,8.799582739991677e-05,131.37619999999998,132.021885,0.4733794074934973,131.1787
2013-10-09,131.1787,0.0004574959648591,0.0011147471537306,131.1187,131.7903,132.9,-0.0009879292025358,-0.0015618688885405,-0.0005017552134159,131.25388,131.93581999999998,0.461656315081633,131.1366
2013-10-10,131.1366,-0.0003209877606184,0.001111358524116,131.1787,131.4078,132.88,0.0004574959648591,-0.0029065579826183,-0.0001505004141602,131.19964,131.84865000000002,0.43798035703620414,131.173
2013-10-11,131.173,0.0002775346402393,0.0009157925057707,131.1366,131.3159,132.4238,-0.0003209877606184,-0.0006995943171343,-0.0034390796485631,131.17105999999998,131.78611,0.4408239556630916,131.036
2013-10-14,131.036,-0.001044968040506,0.0009068686115055,131.173,131.2483,132.2558,0.0002775346402393,-0.0005149216952931,-0.001269459547025,131.1286,131.72512,0.4565229083917992,130.8956
2013-10-15,130.8956,-0.0010720357028044,0.000901607995365,131.036,131.1187,132.0965,-0.001044968040506,-0.0009879292025358,-0.0012052100116575,131.08398,131.665075,0.4832958360294447,130.9614
2013-10-17,130.9614,0.0005025643873176,0.0008700243240617,130.8956,131.1787,132.2218,-0.0010720357028044,0.0004574959648591,0.0009480993891526,131.04052,131.602055,0.4890219997927995,131.0545
2013-10-21,131.0545,0.0007106439259453,0.0008975252469455,130.9614,131.1366,132.25,0.0005025643873176,-0.0003209877606184,0.0002132552514624,131.0241,131.54228,0.4786071101505528,130.9642
2013-10-22,130.9642,-0.0006892638088426,0.0008923919145913,131.0545,131.173,132.25,0.0007106439259453,0.0002775346402393,0.0,130.98234,131.47799,0.4646943170599027,130.9472
2013-10-23,130.9472,-0.000129814891783,0.0008917541959892,130.9642,131.036,132.1387,-0.0006892638088426,-0.001044968040506,-0.0008419422356154,130.96458,131.418415,0.4517272153895618,130.7628
2013-10-24,130.7628,-0.0014091936151889,0.000916810669772,130.9472,130.8956,132.06,-0.000129814891783,-0.0010720357028044,-0.0005957637363679,130.93802,131.353555,0.44786954099965,130.5886
2013-10-25,130.5886,-0.001333071303978,0.0008866157997421,130.7628,130.9614,132.1579,-0.0014091936151889,0.0005025643873176,0.0007410550494894,130.86346,131.27509,0.4368671686505748,130.4857
2013-10-28,130.4857,-0.0007882813844825,0.0008715578142769,130.5886,131.0545,131.9833,-0.001333071303978,0.0007106439259453,-0.0013220203847759,130.74970000000002,131.20021,0.43743513310707577,130.8812
2013-10-29,130.8812,0.0030263993020416,0.0011853614832693,130.4857,130.9642,131.9617,-0.0007882813844825,-0.0006892638088426,-0.0001636704620145,130.7331,131.146185,0.40387379251655997,131.0783
2013-10-30,131.0783,0.0015048130508251,0.0012558297478564,130.8812,130.9472,131.9809,0.0030263993020416,-0.000129814891783,0.0001454861779329,130.75932,131.101055,0.3529046143195943,131.0065
2013-10-31,131.0065,-0.0005479142765721,0.0012518093213955,131.0783,130.7628,131.9963,0.0015048130508251,-0.0014091936151889,0.0001166767434267,130.80806,131.051565,0.28328742195812423,130.8638
2013-11-01,130.8638,-0.0010898526035571,0.0012325837997022,131.0065,130.5886,131.7903,-0.0005479142765721,-0.001333071303978,-0.0015618688885405,130.86309999999997,131.00524,0.2261100905421525,130.8982
2013-11-04,130.8982,0.0002628341791249,0.0010814398169722,130.8638,130.4857,131.4078,-0.0010898526035571,-0.0007882813844825,-0.0029065579826183,130.9456,130.97976,0.20619460504645493,131.0876
2013-11-05,131.0876,0.0014458801430929,0.0011338185825238,130.8982,130.8812,131.3159,0.0002628341791249,0.0030263993020416,-0.0006995943171343,130.98687999999999,130.96834500000003,0.19246891879704697,131.1
2013-11-06,131.1,9.458876017959796e-05,0.0011298959784701,131.0876,131.0783,131.2483,0.0014458801430929,0.0015048130508251,-0.0005149216952931,130.99122,130.96093000000002,0.1837761799259444,131.0689
2013-11-07,131.0689,-0.0002372516354599,0.0011096137398262,131.1,131.0065,131.1187,9.458876017959796e-05,-0.0005479142765721,-0.0009879292025358,131.0037,130.95844,0.18185334575092918,131.1
2013-11-08,131.1,0.0002372516354599,0.001105722058126,131.0689,130.8638,131.1787,-0.0002372516354599,-0.0010898526035571,0.0004574959648591,131.05094000000003,130.954505,0.17763908255303407,131.1
2013-11-11,131.1,0.0,0.0011036037285825,131.1,130.8982,131.1366,0.0002372516354599,0.0002628341791249,-0.0003209877606184,131.0913,130.952675,0.1758438986798141,131.0836
2013-11-12,131.0836,-0.0001251031721389,0.0011016772607712,131.1,131.0876,131.173,0.0,0.0014458801430929,0.0002775346402393,131.0905,130.948205,0.17101847997334407,131.0833
2013-11-13,131.0833,-2.288618433412608e-06,0.0010756867633967,131.0836,131.1,131.036,-0.0001251031721389,9.458876017959796e-05,-0.001044968040506,131.08715999999998,130.95057,0.17261608174385779,131.0645
2013-11-14,131.0645,-0.0001434305382858,0.0010457840391274,131.0833,131.0689,130.8956,-2.288618433412608e-06,-0.0002372516354599,-0.0010720357028044,131.08628000000002,130.959015,0.17391194162493454,131.1
2013-11-15,131.1,0.000270822328858,0.0010419514279041,131.0645,131.1,130.9614,-0.0001434305382858,0.0002372516354599,0.0005025643873176,131.08628,130.965945,0.17675026827274357,131.1
2013-11-18,131.1,0.0,0.0010303933040197,131.1,131.1,131.0545,0.000270822328858,0.0,0.0007106439259453,131.08628,130.96822,0.17823664515634988,131.07
2013-11-19,131.07,-0.0002288591381999,0.0010188540624776,131.1,131.0836,130.9642,0.0,-0.0001251031721389,-0.0006892638088426,131.08356,130.97350999999998,0.17967530039302515,131.1
2013-11-20,131.1,0.0002288591381999,0.0010188573764602,131.07,131.0833,130.9472,-0.0002288591381999,-2.288618433412608e-06,-0.000129814891783,131.0869,130.98115,0.1817345041327362,131.1
2013-11-21,131.1,0.0,0.0009589983333435,131.1,131.0645,130.7628,0.0002288591381999,-0.0001434305382858,-0.0014091936151889,131.094,130.99801,0.1759612065282768,131.1
2013-11-22,131.1,0.0,0.0008963266138308,131.1,131.1,130.5886,0.0,0.000270822328858,-0.001333071303978,131.094,131.02357999999998,0.1483228150556363,131.1
2013-11-25,131.1,0.0,0.0008676669402587,131.1,131.1,130.4857,0.0,0.0,-0.0007882813844825,131.094,131.054295,0.07801834782656512,131.1107
2013-11-26,131.1107,8.16137557007553e-05,0.0005666682016824,131.1,131.07,130.8812,0.0,-0.0002288591381999,0.0030263993020416,131.10214,131.06577,0.06737035184786641,131.15
2013-11-27,131.15,0.0002997017875279,0.0004625455531653,131.1107,131.1,131.0783,8.16137557007553e-05,0.0002288591381999,0.0015048130508251,131.11214,131.06935500000003,0.06993123289645732,131.1528
2013-11-28,131.1528,2.134937179555984e-05,0.0004423580230435,131.15,131.1,131.0065,0.0002997017875279,0.0,-0.0005479142765721,131.1227,131.07666999999998,0.07065829628863984,131.2
2013-11-29,131.2,0.0003598208253102,0.0003548718214698,131.1528,131.1,130.8638,2.134937179555984e-05,0.0,-0.0010898526035571,131.14270000000002,131.09348,0.05577418373443477,131.1951
2013-12-02,131.1951,-3.73482584130297e-05,0.0003552296714428,131.2,131.1,130.8982,0.0003598208253102,0.0,0.0002628341791249,131.16172,131.108325,0.037619491975489555,131.1522
2013-12-03,131.1522,-0.0003270473939116,0.000186163040021,131.1951,131.1107,131.0876,-3.73482584130297e-05,8.16137557007553e-05,0.0014458801430929,131.17002,131.111555,0.038509144063343964,130.8791
2013-12-04,130.8791,-0.0020844845549877,0.0005059928232181,131.1522,131.15,131.1,-0.0003270473939116,0.0002997017875279,9.458876017959796e-05,131.11584,131.10050999999999,0.06474163138503046,130.8437
2013-12-05,130.8437,-0.0002705152185125,0.000506576293168,130.8791,131.1528,131.0689,-0.0020844845549877,2.134937179555984e-05,-0.0002372516354599,131.05401999999998,131.08925000000002,0.08646707004880562,130.8336
2013-12-06,130.8336,-7.71943153268165e-05,0.0005008636822178,130.8437,131.2,131.1,-0.0002705152185125,0.0003598208253102,0.0002372516354599,130.98074,131.07593000000003,0.10355457291330765,130.8036
2013-12-09,130.8036,-0.0002293251887077,0.0005010377413463,130.8336,131.1951,131.1,-7.71943153268165e-05,-3.73482584130297e-05,0.0,130.90244,131.06110999999999,0.11985496890521445,130.7863
2013-12-10,130.7863,-0.0001322681038159,0.0005010492830083,130.8036,131.1522,131.0836,-0.0002293251887077,-0.0003270473939116,-0.0001251031721389,130.82926,131.046245,0.13446471447819655,130.8164
2013-12-11,130.8164,0.000230119950083,0.0005064311204536,130.7863,130.8791,131.0833,-0.0001322681038159,-0.0020844845549877,-2.288618433412608e-06,130.81672,131.03289999999998,0.14353218965106695,130.838
2013-12-12,130.838,0.0001651032816498,0.000509787837776,130.8164,130.8437,131.0645,0.000230119950083,-0.0002705152185125,-0.0001434305382858,130.81558,131.021575,0.14971035849173336,130.85
2013-12-13,130.85,9.171226810860391e-05,0.0005047287825248,130.838,130.8336,131.1,0.0001651032816498,-7.71943153268165e-05,0.000270822328858,130.81886,131.009075,0.15321349695852368,130.8548
2013-12-17,130.8548,3.668255225384463e-05,0.0005051603126914,130.85,130.8036,131.1,9.171226810860391e-05,-0.0002293251887077,0.0,130.82909999999998,130.996815,0.15535026728334167,130.7972
2013-12-18,130.7972,-0.0004402794622664,0.0005103253297213,130.8548,130.7863,131.07,3.668255225384463e-05,-0.0001322681038159,-0.0002288591381999,130.83128000000002,130.98317500000002,0.16047782554728543,130.7705
2013-12-19,130.7705,-0.0002041536481204,0.0005046059384358,130.7972,130.8164,131.1,-0.0004402794622664,0.000230119950083,0.0002288591381999,130.8221,130.9667,0.16471084389821417,130.7619
2013-12-20,130.7619,-6.576623013517839e-05,0.0005039566968197,130.7705,130.838,131.1,-0.0002041536481204,0.0001651032816498,0.0,130.80688,130.949795,0.16763402326369,130.7413
2013-12-23,130.7413,-0.0001575506536257,0.0005030628203585,130.7619,130.85,131.1,-6.576623013517839e-05,9.171226810860391e-05,0.0,130.78514,130.93186,0.16989121718511568,130.7185
2013-12-24,130.7185,-0.0001744053966061,0.0005020738100024,130.7413,130.8548,131.1,-0.0001575506536257,3.668255225384463e-05,0.0,130.75788,130.912785,0.17142925583343221,130.7089
2013-12-26,130.7089,-7.344295207253064e-05,0.000499569702913,130.7185,130.7972,131.1107,-0.0001744053966061,-0.0004402794622664,8.16137557007553e-05,130.74022,130.892695,0.17055611661126754,130.7007
2013-12-27,130.7007,-6.273679316044332e-05,0.0004887218330095,130.7089,130.7705,131.15,-7.344295207253064e-05,-0.0002041536481204,0.0002997017875279,130.72626,130.87023,0.16435857492195732,130.75
2013-12-30,130.75,0.0003771265526103,0.0005023976440228,130.7007,130.7619,131.1528,-6.273679316044332e-05,-6.576623013517839e-05,2.134937179555984e-05,130.72388,130.85009,0.15213535141574544,130.753
2013-12-31,130.753,2.294428744702528e-05,0.0004897595518871,130.75,130.7413,131.2,0.0003771265526103,-0.0001575506536257,0.0003598208253102,130.72621999999998,130.82774,0.12911788735345783,130.75
2014-01-01,130.75,-2.294428744690496e-05,0.0004899764203893,130.753,130.7185,131.1951,2.294428744702528e-05,-0.0001744053966061,-3.73482584130297e-05,130.73252,130.805485,0.09677472086136066,130.7051
2014-01-02,130.7051,-0.0003434624181467,0.0004902671343257,130.75,130.7089,131.1522,-2.294428744690496e-05,-7.344295207253064e-05,-0.0003270473939116,130.73176,130.78312999999997,0.055161257312872115,130.7035
2014-01-03,130.7035,-1.2241372319148107e-05,0.0001939720214962,130.7051,130.7007,130.8791,-0.0003434624181467,-6.273679316044332e-05,-0.0020844845549877,130.73232,130.77435,0.05301511693972594,130.6811
2014-01-06,130.6811,-0.0001713949487065,0.0001897216964676,130.7035,130.75,130.8437,-1.2241372319148107e-05,0.0003771265526103,-0.0002705152185125,130.71854,130.76621999999998,0.05427301930184516,130.695
2014-01-07,130.695,0.0001063601455,0.000193361619106,130.6811,130.753,130.8336,-0.0001713949487065,2.294428744702528e-05,-7.71943153268165e-05,130.70693999999997,130.75929,0.05406495988439283,130.741
2014-01-08,130.741,0.0003519025725203,0.0002085470192283,130.695,130.75,130.8036,0.0001063601455,-2.294428744690496e-05,-0.0002293251887077,130.70514,130.75616,0.053169336166211986,130.8059
2014-01-09,130.8059,0.0004962781155656,0.0002368073941103,130.741,130.7051,130.7863,0.0003519025725203,-0.0003434624181467,-0.0001322681038159,130.7253,130.75714,0.053929304531974205,130.7314
2014-01-10,130.7314,-0.0005697084279376,0.0002632878032228,130.8059,130.7035,130.8164,0.0004962781155656,-1.2241372319148107e-05,0.000230119950083,130.73088,130.75289,0.05233926666159643,130.7029
2014-01-13,130.7029,-0.0002180280101953,0.0002620891645981,130.7314,130.6811,130.838,-0.0005697084279376,-0.0001713949487065,0.0001651032816498,130.73524,130.746135,0.04941300987801287,130.7117
2014-01-16,130.7117,6.732600247525035e-05,0.0002614430022327,130.7029,130.695,130.85,-0.0002180280101953,0.0001063601455,9.171226810860391e-05,130.73858,130.73922,0.04342734516830509,130.6629
2014-01-17,130.6629,-0.0003734104275399,0.0002699912521231,130.7117,130.741,130.8548,6.732600247525035e-05,0.0003519025725203,3.668255225384463e-05,130.72296,130.729625,0.03731620034747688,130.7202
2014-01-20,130.7202,0.0004384369220341,0.0002785057269483,130.6629,130.8059,130.7972,-0.0003734104275399,0.0004962781155656,-0.0004402794622664,130.70582000000002,130.725775,0.03378217948091542,130.7368
2014-01-21,130.7368,0.0001269807274029,0.0002774134094676,130.7202,130.7314,130.7705,0.0004384369220341,-0.0005697084279376,-0.0002041536481204,130.7069,130.72409,0.0322391702413432,130.7477
2014-01-22,130.7477,8.337014244693104e-05,0.0002779211253203,130.7368,130.7029,130.7619,0.0001269807274029,-0.0002180280101953,-6.576623013517839e-05,130.71586000000002,130.72338,0.03151079335483064,130.7787
2014-01-23,130.7787,0.0002370697577388,0.000280548529487,130.7477,130.7117,130.7413,8.337014244693104e-05,6.732600247525035e-05,-0.0001575506536257,130.72926,130.72525,0.03366624880166734,130.8216
2014-01-24,130.8216,0.0003279812781909,0.0002852153069615,130.7787,130.6629,130.7185,0.0002370697577388,-0.0003734104275399,-0.0001744053966061,130.76100000000002,130.730405,0.03989538250492649,130.6575
2014-01-27,130.6575,-0.0012551674037749,0.0004064611933747,130.8216,130.7202,130.7089,0.0003279812781909,0.0004384369220341,-7.344295207253064e-05,130.74845999999997,130.72783499999997,0.04289630419554967,130.7494
2014-01-28,130.7494,0.0007031184240822,0.0004371100468161,130.6575,130.7368,130.7007,-0.0012551674037749,0.0001269807274029,-6.273679316044332e-05,130.75098,130.73027,0.042656474710038694,130.7849
2014-01-29,130.7849,0.0002714749095473,0.000433170117619,130.7494,130.7477,130.75,0.0007031184240822,8.337014244693104e-05,0.0003771265526103,130.75842,130.732015,0.044192274485034114,130.7339
2014-01-30,130.7339,-0.000390029325972,0.0004424323574113,130.7849,130.7787,130.753,0.0002714749095473,0.0002370697577388,2.294428744702528e-05,130.74946,130.73105999999999,0.043920459121284866,130.6957
2014-01-31,130.6957,-0.0002922392894446,0.0004470075197857,130.7339,130.8216,130.75,-0.000390029325972,0.0003279812781909,-2.294428744690496e-05,130.72428,130.728345,0.044364109106289684,130.7555
2014-02-03,130.7555,0.0004574467513847,0.0004524195439018,130.6957,130.6575,130.7051,-0.0002922392894446,-0.0012551674037749,-0.0003434624181467,130.74388,130.730865,0.044405645302007815,130.7284
2014-02-05,130.7284,-0.0002072785368204,0.0004552279473322,130.7555,130.7494,130.7035,0.0004574467513847,0.0007031184240822,-1.2241372319148107e-05,130.73968,130.73211,0.04394470081162989,130.6522
2014-02-06,130.6522,-0.0005830578257049,0.0004728060590844,130.7284,130.7849,130.6811,-0.0002072785368204,0.0002714749095473,-0.0001713949487065,130.71314,130.73066500000002,0.04613106349195122,130.6471
2014-02-07,130.6471,-3.903569585259001e-05,0.0004720227669245,130.6522,130.7339,130.695,-0.0005830578257049,-0.000390029325972,0.0001063601455,130.69577999999998,130.72827,0.049220140218318276,130.6831
2014-02-10,130.6831,0.0002755135091751,0.0004691697413234,130.6471,130.6957,130.741,-3.903569585259001e-05,-0.0002922392894446,0.0003519025725203,130.69325999999998,130.725375,0.050126407243220754,130.7142
2014-02-11,130.7142,0.000237951961606,0.0004575584202667,130.6831,130.7555,130.8059,0.0002755135091751,0.0004574467513847,0.0004962781155656,130.685,130.72079,0.04643084153041055,130.8003
2014-02-12,130.8003,0.0006584721161615,0.0004643932837887,130.7142,130.7284,130.7314,0.000237951961606,-0.0002072785368204,-0.0005697084279376,130.69938,130.724235,0.04970044231464941,130.8357
2014-02-13,130.8357,0.0002706049642711,0.0004637131694821,130.8003,130.6522,130.7029,0.0006584721161615,-0.0005830578257049,-0.0002180280101953,130.73608,130.730875,0.055260158560768755,130.8373
2014-02-17,130.8373,1.2229003374672996e-05,0.0004637733339993,130.8357,130.6471,130.7117,0.0002706049642711,-3.903569585259001e-05,6.732600247525035e-05,130.77411999999998,130.737155,0.05990775776095971,130.8167
2014-02-18,130.8167,-0.000157459851885,0.0004558920891902,130.8373,130.6831,130.6629,1.2229003374672996e-05,0.0002755135091751,-0.0003734104275399,130.80084000000002,130.744845,0.0597453937263688,130.7998
2014-02-19,130.7998,-0.0001291967442688,0.0004486262212348,130.8167,130.7142,130.7202,-0.000157459851885,0.000237951961606,0.0004384369220341,130.81796,130.748825,0.060661527458686845,130.85
2014-02-20,130.85,0.0003837190062131,0.0004551596464204,130.7998,130.8003,130.7368,-0.0001291967442688,0.0006584721161615,0.0001269807274029,130.8279,130.754485,0.06463161413113014,130.8485
2014-02-21,130.8485,-1.146357353982836e-05,0.0004552139270546,130.85,130.8357,130.7477,0.0003837190062131,0.0002706049642711,8.337014244693104e-05,130.83046,130.759525,0.06792116845386632,130.9393
2014-02-24,130.9393,0.000693691636059,0.0004766420805099,130.8485,130.8373,130.7787,-1.146357353982836e-05,1.2229003374672996e-05,0.0002370697577388,130.85086,130.76755500000002,0.07891173262059699,131.0184
2014-02-25,131.0184,0.0006039143144413,0.0004886089294767,130.9393,130.8167,130.8216,0.000693691636059,-0.000157459851885,0.0003279812781909,130.89119999999997,130.777395,0.0963491483474651,131.0197
2014-02-26,131.0197,9.922221234305809e-06,0.0003763044928661,131.0184,130.7998,130.6575,0.0006039143144413,-0.0001291967442688,-0.0012551674037749,130.93518,130.795505,0.1061670653059927,131.0008
2014-02-28,131.0008,-0.0001442635216158,0.0003565633158003,131.0197,130.85,130.7494,9.922221234305809e-06,0.0003837190062131,0.0007031184240822,130.96534000000003,130.808075,0.11494111475420307,130.9191
2014-03-03,130.9191,-0.000623854870514,0.0003881814144547,131.0008,130.8485,130.7849,-0.0001442635216158,-1.146357353982836e-05,0.0002714749095473,130.97946,130.81478499999997,0.11740768498063311,130.6341
2014-03-04,130.6341,-0.0021792898178722,0.0006275945756078,130.9191,130.9393,130.7339,-0.000623854870514,0.000693691636059,-0.000390029325972,130.91842,130.809795,0.12301335172672395,130.6055
2014-03-05,130.6055,-0.0002189560856335,0.0006262457046215,130.6341,131.0184,130.6957,-0.0021792898178722,0.0006039143144413,-0.0002922392894446,130.83584,130.805285,0.12892784300936083,130.6001
2014-03-06,130.6001,-4.1346739892055474e-05,0.0006154615721072,130.6055,131.0197,130.7555,-0.0002189560856335,9.922221234305809e-06,0.0004574467513847,130.75191999999998,130.79751499999998,0.1365438555648962,130.5646
2014-03-07,130.5646,-0.0002718591005493,0.0006164465492515,130.6001,131.0008,130.7284,-4.1346739892055474e-05,-0.0001442635216158,-0.0002072785368204,130.66468,130.789325,0.14552468724514667,130.5483
2014-03-10,130.5483,-0.0001248502086352,0.0006044877135448,130.5646,130.9191,130.6522,-0.0002718591005493,-0.000623854870514,-0.0005830578257049,130.59052000000003,130.78412999999998,0.1523709603943173,130.5548
2014-03-11,130.5548,4.978876161443335e-05,0.0006048196626773,130.5483,130.6341,130.6471,-0.0001248502086352,-0.0021792898178722,-3.903569585259001e-05,130.57466,130.779515,0.15803236599845605,130.5025
2014-03-12,130.5025,-0.0004006783238752,0.0006054278438882,130.5548,130.6055,130.6831,4.978876161443335e-05,-0.0002189560856335,0.0002755135091751,130.55406,130.770485,0.16863554369650424,130.567
2014-03-13,130.567,0.000494121307256,0.0006149024098006,130.5025,130.6001,130.7142,-0.0004006783238752,-4.1346739892055474e-05,0.000237951961606,130.54744,130.763125,0.17433720159788155,130.6357
2014-03-14,130.6357,0.0005260282652831,0.0006074673243793,130.567,130.5646,130.8003,0.000494121307256,-0.0002718591005493,0.0006584721161615,130.56166000000002,130.754895,0.17636329570382323,130.6067
2014-03-17,130.6067,-0.0002220160289382,0.0006032025909125,130.6357,130.5483,130.8357,0.0005260282652831,-0.0001248502086352,0.0002706049642711,130.57333999999997,130.743445,0.17826451212187752,130.5836
2014-03-18,130.5836,-0.0001768825263436,0.0006030376930877,130.6067,130.5548,130.8373,-0.0002220160289382,4.978876161443335e-05,1.2229003374672996e-05,130.57909999999998,130.73075999999998,0.18024982193716158,130.5675
2014-03-19,130.5675,-0.0001233002657878,0.0006029059399494,130.5836,130.5025,130.8167,-0.0001768825263436,-0.0004006783238752,-0.000157459851885,130.59210000000002,130.7183,0.18259432744105994,130.5903
2014-03-20,130.5903,0.0001746070770848,0.000605828069306,130.5675,130.567,130.7998,-0.0001233002657878,0.000494121307256,-0.0001291967442688,130.59676,130.707825,0.1836788268690156,130.6474
2014-03-21,130.6474,0.0004371497751611,0.0006080948261094,130.5903,130.6357,130.85,0.0001746070770848,0.0005260282652831,0.0003837190062131,130.5991,130.697695,0.1809922111379884,130.6484
2014-03-24,130.6484,7.654160533905083e-06,0.000608219069628,130.6474,130.6067,130.8485,0.0004371497751611,-0.0002220160289382,-1.146357353982836e-05,130.60744,130.68769,0.17771817989814967,130.6497
2014-03-25,130.6497,9.950321108411789e-06,0.0005812669000983,130.6484,130.5836,130.9393,7.654160533905083e-06,-0.0001768825263436,0.000693691636059,130.62066,130.67320999999998,0.16765150537885995,130.6932
2014-03-26,130.6932,0.000332895979969,0.0005667070082532,130.6497,130.5675,131.0184,9.950321108411789e-06,-0.0001233002657878,0.0006039143144413,130.6458,130.65695,0.14689581518535577,130.6866
2014-03-27,130.6866,-5.0501224665396255e-05,0.0005661147778734,130.6932,130.5903,131.0197,0.000332895979969,0.0001746070770848,9.922221234305809e-06,130.66505999999998,130.640295,0.12002916517526163,130.6917
2014-03-28,130.6917,3.902389755121918e-05,0.000567307666524,130.6866,130.6474,131.0008,-5.0501224665396255e-05,0.0004371497751611,-0.0001442635216158,130.67392,130.62484,0.08633913787806381,130.6949
2014-03-31,130.6949,2.448480526666316e-05,0.0005552840651406,130.6917,130.6484,130.9191,3.902389755121918e-05,7.654160533905083e-06,-0.000623854870514,130.68321999999998,130.61363,0.05498356781383563,130.7
2014-04-01,130.7,3.9021419321051146e-05,0.0002559660757097,130.6949,130.6497,130.6341,2.448480526666316e-05,9.950321108411789e-06,-0.0021792898178722,130.69328000000002,130.61692499999998,0.05815780590282013,130.6895
2014-04-02,130.6895,-8.033987597531772e-05,0.0002508317854902,130.7,130.6932,130.6055,3.9021419321051146e-05,0.000332895979969,-0.0002189560856335,130.69254,130.62112499999998,0.060283574336584086,130.689
2014-04-03,130.689,-3.825869381118732e-06,0.0002503931005562,130.6895,130.6866,130.6001,-8.033987597531772e-05,-5.0501224665396255e-05,-4.1346739892055474e-05,130.69302,130.62557,0.06190735092012852,130.6804
2014-04-04,130.6804,-6.580724448314369e-05,0.000241215833341,130.689,130.6917,130.5646,-3.825869381118732e-06,3.902389755121918e-05,-0.0002718591005493,130.69076,130.63136,0.06131728865023303,130.5624
2014-04-07,130.5624,-0.0009033742405518,0.0003199281981069,130.6804,130.6949,130.5483,-6.580724448314369e-05,2.448480526666316e-05,-0.0001248502086352,130.66425999999998,130.632065,0.06038602372320683,130.7
2014-04-08,130.7,0.0010533472303914,0.0003967362590313,130.5624,130.7,130.5548,-0.0009033742405518,3.9021419321051146e-05,4.978876161443335e-05,130.66426,130.63932499999999,0.059326969708359774,130.589
2014-04-09,130.589,-0.0008496339813567,0.0004347869595236,130.7,130.6895,130.5025,0.0010533472303914,-8.033987597531772e-05,-0.0004006783238752,130.64416,130.64364999999998,0.051458470665123435,130.5891
2014-04-10,130.5891,7.657609883009487e-07,0.0004210337481288,130.589,130.689,130.567,-0.0008496339813567,-3.825869381118732e-06,0.000494121307256,130.62418,130.64475499999998,0.049940790922142826,130.5726
2014-04-11,130.5726,-0.0001263584976048,0.0004037417564719,130.5891,130.6804,130.6357,7.657609883009487e-07,-6.580724448314369e-05,0.0005260282652831,130.60261999999997,130.64159999999998,0.052471967383453694,130.5973
2014-04-16,130.5973,0.0001891489032514,0.000403604748536,130.5726,130.5624,130.6067,-0.0001263584976048,-0.0009033742405518,-0.0002220160289382,130.6096,130.64113,0.05284182048973737,130.6113
2014-04-17,130.6113,0.0001071940205139,0.0004021816719131,130.5973,130.7,130.5836,0.0001891489032514,0.0010533472303914,-0.0001768825263436,130.59186,130.642515,0.05160307281787745,130.6
2014-04-21,130.6,-8.651999363777457e-05,0.0004016208505336,130.6113,130.589,130.5675,0.0001071940205139,-0.0008496339813567,-0.0001233002657878,130.59405999999998,130.64414,0.04958890360844576,130.6082
2014-04-22,130.6082,6.278516526441232e-05,0.0004000196727752,130.6,130.5891,130.5903,-8.651999363777457e-05,7.657609883009487e-07,0.0001746070770848,130.59787999999998,130.64503499999998,0.04871995449864459,130.5973
2014-04-23,130.5973,-8.34591921406658e-05,0.0003872812355428,130.6082,130.5726,130.6474,6.278516526441232e-05,-0.0001263584976048,0.0004371497751611,130.60282,130.64253,0.04986644365898305,130.6191
2014-04-24,130.6191,0.0001669114194256,0.0003894928775967,130.5973,130.5973,130.6484,-8.34591921406658e-05,0.0001891489032514,7.654160533905083e-06,130.60718,130.641065,0.050114692330756445,130.6182
2014-04-25,130.6182,-6.890287106837578e-06,0.0003894629162211,130.6191,130.6113,130.6497,0.0001669114194256,0.0001071940205139,9.950321108411789e-06,130.60855999999998,130.63949,0.05032358339091644,130.604
2014-04-28,130.604,-0.0001087197031031,0.0003813098036083,130.6182,130.6,130.6932,-6.890287106837578e-06,-8.651999363777457e-05,0.000332895979969,130.60936,130.63502999999997,0.04925430350464387,130.5982
2014-04-29,130.5982,-4.441003943290683e-05,0.0003812984779983,130.604,130.6082,130.6866,-0.0001087197031031,6.278516526441232e-05,-5.0501224665396255e-05,130.60736,130.63061,0.04834089358585413,130.5962
2014-04-30,130.5962,-1.531426401189939e-05,0.0003809454486098,130.5982,130.5973,130.6917,-4.441003943290683e-05,-8.34591921406658e-05,3.902389755121918e-05,130.60714000000002,130.625835,0.046676966798681045,130.625
2014-05-02,130.625,0.0002205027778503,0.0003850973140084,130.5962,130.6191,130.6949,-1.531426401189939e-05,0.0001669114194256,2.448480526666316e-05,130.60832,130.62234,0.043759190229349064,130.5957
2014-05-05,130.5957,-0.0002243313804984,0.0003872265955981,130.625,130.6182,130.7,0.0002205027778503,-6.890287106837578e-06,3.9021419321051146e-05,130.60381999999998,130.61712500000002,0.040077003092816026,130.6
2014-05-06,130.6,3.292550375372364e-05,0.0003874324890787,130.5957,130.604,130.6895,-0.0002243313804984,-0.0001087197031031,-8.033987597531772e-05,130.60302,130.61265,0.03639821414155998,130.6
2014-05-07,130.6,0.0,0.0003874492473144,130.6,130.5982,130.689,3.292550375372364e-05,-4.441003943290683e-05,-3.825869381118732e-06,130.60338,130.60819999999998,0.03171121324279777,130.6
2014-05-08,130.6,0.0,0.000387444894716,130.6,130.5962,130.6804,0.0,-1.531426401189939e-05,-6.580724448314369e-05,130.60414,130.60417999999999,0.026791212091532225,130.5403
2014-05-09,130.5403,-0.0004572254917379,0.0003450882760395,130.6,130.625,130.5624,0.0,0.0002205027778503,-0.0009033742405518,130.5872,130.603075,0.028972107604013756,130.4841
2014-05-12,130.4841,-0.0004306110912879,0.0002516566798261,130.5403,130.5957,130.7,-0.0004572254917379,-0.0002243313804984,0.0010533472303914,130.56488000000002,130.59228000000002,0.031101050804313968,130.3587
2014-05-13,130.3587,-0.0009614987238353,0.000270162999757,130.4841,130.6,130.589,-0.0004306110912879,3.292550375372364e-05,-0.0008496339813567,130.51662000000002,130.58076499999999,0.060816888825433436,130.3608
2014-05-16,130.3608,1.6109266856183135e-05,0.0002704507274234,130.3587,130.6,130.5891,-0.0009614987238353,0.0,7.657609883009487e-07,130.46878,130.56935000000001,0.07813088541599758,130.3561
2014-05-19,130.3561,-3.6054432992427344e-05,0.0002705214353659,130.3608,130.6,130.5726,1.6109266856183135e-05,0.0,-0.0001263584976048,130.42000000000002,130.558525,0.09150946380797227,130.3515
2014-05-20,130.3515,-3.5288576171058094e-05,0.0002631949460543,130.3561,130.5403,130.5973,-3.6054432992427344e-05,-0.0004572254917379,0.0001891489032514,130.38224,130.546235,0.10193925574169031,130.3742
2014-05-21,130.3742,0.0001741293632148,0.0002662978535132,130.3515,130.4841,130.6113,-3.5288576171058094e-05,-0.0004306110912879,0.0001071940205139,130.36025999999998,130.53438,0.10760365672284057,130.3732
2014-05-22,130.3732,-7.670258648895678e-06,0.0002669481841486,130.3742,130.3587,130.6,0.0001741293632148,-0.0009614987238353,-8.651999363777457e-05,130.36316,130.52304,0.11217783997849798,130.3525
2014-05-23,130.3525,-0.0001587875690313,0.0002649995373743,130.3732,130.3608,130.6082,-7.670258648895678e-06,1.6109266856183135e-05,6.278516526441232e-05,130.36149999999998,130.510255,0.11645103542121273,130.3717
2014-05-26,130.3717,0.0001472820707454,0.0002706281972776,130.3525,130.3561,130.5973,-0.0001587875690313,-3.6054432992427344e-05,-8.34591921406658e-05,130.36462,130.49897500000003,0.11848426885654786,130.4152
2014-05-27,130.4152,0.0003336057171846,0.000281202050673,130.3717,130.3515,130.6191,0.0001472820707454,-3.5288576171058094e-05,0.0001669114194256,130.37736,130.48878,0.11635729725450636,130.3865
2014-05-28,130.3865,-0.0002200905907885,0.0002823985416664,130.4152,130.3742,130.6182,0.0003336057171846,0.0001741293632148,-6.890287106837578e-06,130.37982,130.477195,0.11431001461014854,130.4359
2014-05-29,130.4359,0.000378801825232,0.0003010135214098,130.3865,130.3732,130.604,-0.0002200905907885,-7.670258648895678e-06,-0.0001087197031031,130.39236,130.46879,0.11061590678973782,130.4631
2014-05-30,130.4631,0.0002085098072323,0.000307147618288,130.4359,130.3525,130.5982,0.000378801825232,-0.0001587875690313,-4.441003943290683e-05,130.41448,130.46203500000001,0.10633970525569911,130.3863
2014-06-02,130.3863,-0.0005888455347731,0.0003295252028424,130.4631,130.3717,130.5962,0.0002085098072323,0.0001472820707454,-1.531426401189939e-05,130.4174,130.45154,0.10269709365632601,130.3526
2014-06-03,130.3526,-0.0002584961445159,0.0003238606219048,130.3863,130.4152,130.625,-0.0005888455347731,0.0003336057171846,0.0002205027778503,130.40488,130.43792,0.09634855360777074,130.3518
2014-06-04,130.3518,-6.137219011303148e-06,0.0003232816785889,130.3526,130.3865,130.5957,-0.0002584961445159,-0.0002200905907885,-0.0002243313804984,130.39794,130.425725,0.0905903437877506,130.3164
2014-06-05,130.3164,-0.0002716096571629,0.0003241858162177,130.3518,130.4359,130.6,-6.137219011303148e-06,0.000378801825232,3.292550375372364e-05,130.37403999999998,130.411545,0.08381820219483459,130.2841
2014-06-06,130.2841,-0.0002478890114591,0.0003245499646236,130.3164,130.4631,130.6,-0.0002716096571629,0.0002085098072323,0.0,130.33823999999998,130.39575,0.0758189081626587,130.2566
2014-06-09,130.2566,-0.0002110994566463,0.0003238365725586,130.2841,130.3863,130.6,-0.0002478890114591,-0.0005888455347731,0.0,130.3123,130.37858,0.06528081521391393,130.2603
2014-06-10,130.2603,2.840506700541043e-05,0.0003162570772105,130.2566,130.3526,130.5403,-0.0002110994566463,-0.0002584961445159,-0.0004572254917379,130.29384,130.36458,0.058438862279131226,130.26
2014-06-11,130.26,-2.3030834833621307e-06,0.0003075991106425,130.2603,130.3518,130.4841,2.840506700541043e-05,-6.137219011303148e-06,-0.0004306110912879,130.27548000000002,130.353375,0.05573802319558824,130.253
2014-06-13,130.253,-5.3740120467572025e-05,0.0002283776944461,130.26,130.3164,130.3587,-2.3030834833621307e-06,-0.0002716096571629,-0.0009614987238353,130.2628,130.34809,0.06005084594056682,130.2476
2014-06-16,130.2476,-4.1458637720983566e-05,0.0002279883347401,130.253,130.2841,130.3608,-5.3740120467572025e-05,-0.0002478890114591,1.6109266856183135e-05,130.2555,130.34242999999998,0.0639950499177233,130.2355
2014-06-17,130.2355,-9.290429980840952e-05,0.0002282456976117,130.2476,130.2566,130.3561,-4.1458637720983566e-05,-0.0002110994566463,-3.6054432992427344e-05,130.25128,130.33639999999997,0.06818392304161831,130.2298
2014-06-18,130.2298,-4.3767826277845295e-05,0.0002282320826461,130.2355,130.2603,130.3515,-9.290429980840952e-05,2.840506700541043e-05,-3.5288576171058094e-05,130.24518,130.33031499999998,0.07208434583168338,130.2381
2014-06-19,130.2381,6.373146174868591e-05,0.0002239040183138,130.2298,130.26,130.3742,-4.3767826277845295e-05,-2.3030834833621307e-06,0.0001741293632148,130.24079999999998,130.32351,0.07411884406523235,130.2652
2014-06-20,130.2652,0.0002080587854183,0.000231239447966,130.2381,130.253,130.3732,6.373146174868591e-05,-5.3740120467572025e-05,-7.670258648895678e-06,130.24324000000001,130.31811,0.07424221308302631,130.2927
2014-06-23,130.2927,0.0002110855215068,0.0002360996577899,130.2652,130.2476,130.3525,0.0002080587854183,-4.1458637720983566e-05,-0.0001587875690313,130.25226,130.31512,0.07398805446467663,130.2741
2014-06-24,130.2741,-0.0001427656941067,0.000233991947603,130.2927,130.2355,130.3717,0.0002110855215068,-9.290429980840952e-05,0.0001472820707454,130.25997999999998,130.31023999999996,0.07327506500058625,130.2904
2014-06-25,130.2904,0.0001251129760289,0.0002208673344926,130.2741,130.2298,130.4152,-0.0001427656941067,-4.3767826277845295e-05,0.0003336057171846,130.2721,130.304,0.06905899075049203,130.3144
2014-06-26,130.3144,0.000184186937983,0.0002227677287053,130.2904,130.2381,130.3865,0.0001251129760289,6.373146174868591e-05,-0.0002200905907885,130.28735999999998,130.30039499999998,0.06635460138175728,130.3359
2014-06-27,130.3359,0.0001649719954189,0.0002067919227785,130.3144,130.2652,130.4359,0.000184186937983,0.0002080587854183,0.000378801825232,130.30149999999998,130.29539499999998,0.05896240076085085,130.3018
2014-06-30,130.3018,-0.0002616659078451,0.0002039574534928,130.3359,130.2927,130.4631,0.0001649719954189,0.0002110855215068,0.0002085098072323,130.30331999999999,130.28733,0.04393170648937555,130.3256
2014-07-01,130.3256,0.0001826362083661,0.0001690023730493,130.3018,130.2741,130.3863,-0.0002616659078451,-0.0001427656941067,-0.0005888455347731,130.31362,130.284295,0.03849484542824985,130.301
2014-07-02,130.301,-0.0001887758200664,0.0001645558233319,130.3256,130.2904,130.3526,0.0001826362083661,0.0001251129760289,-0.0002584961445159,130.31574,130.28171500000002,0.035270059888621405,130.2807
2014-07-03,130.2807,-0.0001558052621581,0.0001672825494003,130.301,130.3144,130.3518,-0.0001887758200664,0.000184186937983,-6.137219011303148e-06,130.30900000000003,130.27816,0.03118022979089134,130.2691
2014-07-04,130.2691,-8.9042478694305e-05,0.000157970114224,130.2807,130.3359,130.3164,-0.0001558052621581,0.0001649719954189,-0.0002716096571629,130.29564,130.275795,0.02989441891802155,130.2573
2014-07-07,130.2573,-9.058582936772928e-05,0.0001496252784028,130.2691,130.3018,130.2841,-8.9042478694305e-05,-0.0002616659078451,-0.0002478890114591,130.28674,130.27445500000002,0.030102482295351507,130.2561
2014-07-08,130.2561,-9.21257793257103e-06,0.0001419792530014,130.2573,130.3256,130.2566,-9.058582936772928e-05,0.0001826362083661,-0.0002110994566463,130.27284,130.27443,0.030118294725698838,130.2504
2014-07-09,130.2504,-4.376090424539069e-05,0.0001421311715125,130.2561,130.301,130.2603,-9.21257793257103e-06,-0.0001887758200664,2.840506700541043e-05,130.26272,130.273935,0.030442357407941,130.2207
2014-07-10,130.2207,-0.0002280483334138,0.0001507107815685,130.2504,130.2807,130.26,-4.376090424539069e-05,-0.0001558052621581,-2.3030834833621307e-06,130.25072,130.27196999999998,0.032582334466565464,130.2233
2014-07-11,130.2233,1.9965904379258405e-05,0.0001506170011531,130.2207,130.2691,130.253,-0.0002280483334138,-8.9042478694305e-05,-5.3740120467572025e-05,130.24156,130.270485,0.03413237802759362,130.2
2014-07-14,130.2,-0.000178939442532,0.0001551305786658,130.2233,130.2573,130.2476,1.9965904379258405e-05,-9.058582936772928e-05,-4.1458637720983566e-05,130.2301,130.268105,0.03732255517186857,130.1974
2014-07-15,130.1974,-1.9969477422513783e-05,0.0001541380065275,130.2,130.2561,130.2355,-0.000178939442532,-9.21257793257103e-06,-9.290429980840952e-05,130.21836,130.2662,0.03995393391250653,130.18
2014-07-16,130.18,-0.0001336521528049,0.0001563271482656,130.1974,130.2504,130.2298,-1.9969477422513783e-05,-4.376090424539069e-05,-4.3767826277845295e-05,130.20428,130.26371,0.04371648964253306,130.1865
2014-07-17,130.1865,4.992961845204847e-05,0.0001559722017583,130.18,130.2207,130.2381,-0.0001336521528049,-0.0002280483334138,6.373146174868591e-05,130.19743999999997,130.26113,0.04672646149142608,130.2
2014-07-18,130.2,0.0001036920117755,0.0001495611785735,130.1865,130.2233,130.2652,4.992961845204847e-05,1.9965904379258405e-05,0.0002080587854183,130.19278,130.25786999999997,0.04866190656849096,130.25
2014-07-21,130.25,0.0003839508590074,0.0001678068747623,130.2,130.2,130.2927,0.0001036920117755,-0.000178939442532,0.0002110855215068,130.20278000000002,130.255735,0.047985351584328095,130.287
2014-07-22,130.287,0.0002840287579018,0.0001777336520111,130.25,130.1974,130.2741,0.0003839508590074,-1.9969477422513783e-05,-0.0001427656941067,130.2207,130.25637999999998,0.048330654904658904,130.2659
2014-07-23,130.2659,-0.0001619632715363,0.0001791054557494,130.287,130.18,130.2904,0.0002840287579018,-0.0001336521528049,0.0001251129760289,130.23788,130.255155,0.04772974873221533,130.2598
2014-07-24,130.2598,-4.682839352192938e-05,0.0001733192570501,130.2659,130.1865,130.3144,-0.0001619632715363,4.992961845204847e-05,0.000184186937983,130.25254,130.25242500000002,0.04568023721410669,130.2297
2014-07-25,130.2297,-0.0002311033660394,0.0001735848717169,130.2598,130.2,130.3359,-4.682839352192938e-05,0.0001036920117755,0.0001649719954189,130.25848000000002,130.247115,0.04144204918149795,130.227
2014-07-28,130.227,-2.073281278689296e-05,0.0001656248882086,130.2297,130.25,130.3018,-0.0002311033660394,0.0003839508590074,-0.0002616659078451,130.25388,130.243375,0.0395805889207285,130.2086
2014-07-30,130.2086,-0.0001413017270344,0.0001595986435091,130.227,130.287,130.3256,-2.073281278689296e-05,0.0002840287579018,0.0001826362083661,130.2382,130.23752499999998,0.035191010639680456,130.2102
2014-07-31,130.2102,1.228789933755775e-05,0.0001563590330101,130.2086,130.2659,130.301,-0.0001413017270344,-0.0001619632715363,-0.0001887758200664,130.22706,130.23298499999999,0.03231024390846465,130.2067
2014-08-01,130.2067,-2.687997591695669e-05,0.0001537458992498,130.2102,130.2598,130.2807,1.228789933755775e-05,-4.682839352192938e-05,-0.0001558052621581,130.21644,130.229285,0.030758366741182586,130.2303
2014-08-04,130.2303,0.000181233849757,0.0001598912596794,130.2067,130.2297,130.2691,-2.687997591695669e-05,-0.0002311033660394,-8.9042478694305e-05,130.21656,130.227345,0.02930420247133843,130.2255
2014-08-05,130.2255,-3.68584612093572e-05,0.0001590014873886,130.2303,130.227,130.2573,0.000181233849757,-2.073281278689296e-05,-9.058582936772928e-05,130.21625999999998,130.225755,0.028443415080292245,130.2104
2014-08-06,130.2104,-0.00011595943583,0.0001606784315332,130.2255,130.2086,130.2561,-3.68584612093572e-05,-0.0001413017270344,-9.21257793257103e-06,130.21662,130.22347,0.027703374169565045,130.1933
2014-08-07,130.1933,-0.0001313345395981,0.0001626120439494,130.2104,130.2102,130.2504,-0.00011595943583,1.228789933755775e-05,-4.376090424539069e-05,130.21323999999998,130.220615,0.027724248712937504,130.1862
2014-08-08,130.1862,-5.4535783360326624e-05,0.0001555096646914,130.1933,130.2067,130.2207,-0.0001313345395981,-2.687997591695669e-05,-0.0002280483334138,130.20914,130.21889000000002,0.028772170277675226,130.1711
2014-08-11,130.1711,-0.0001159944431513,0.0001569463757963,130.1862,130.2303,130.2233,-5.4535783360326624e-05,0.000181233849757,1.9965904379258405e-05,130.19729999999998,130.21628,0.03065694037270898,130.16
2014-08-12,130.16,-8.52760197051482e-05,0.0001533109012734,130.1711,130.2255,130.2,-0.0001159944431513,-3.68584612093572e-05,-0.000178939442532,130.1842,130.21428,0.03299083753769296,130.19
2014-08-13,130.19,0.0002304589985233,0.0001628451157368,130.16,130.2104,130.1974,-8.52760197051482e-05,-0.00011595943583,-1.9969477422513783e-05,130.18012,130.21391,0.03323073867697896,130.2306
2014-08-14,130.2306,0.0003118032930493,0.0001740872236761,130.19,130.1933,130.18,0.0002304589985233,-0.0001313345395981,-0.0001336521528049,130.18758000000003,130.21643999999998,0.032429687395882874,130.1646
2014-08-15,130.1646,-0.000506921797432,0.0002098161639384,130.2306,130.1862,130.1865,0.0003118032930493,-5.4535783360326624e-05,4.992961845204847e-05,130.18326,130.215345,0.033833189378815444,130.1609
2014-08-18,130.1609,-2.842595135902801e-05,0.0002081742938621,130.1646,130.1711,130.2,-0.000506921797432,-0.0001159944431513,0.0001036920117755,130.18122,130.21339,0.03583688034717721,130.1518
2014-08-19,130.1518,-6.991591269807002e-05,0.0001859445902811,130.1609,130.16,130.25,-2.842595135902801e-05,-8.52760197051482e-05,0.0003839508590074,130.17958,130.20848,0.037256035800226954,130.13
2014-08-20,130.13,-0.0001675107522,0.0001716896788748,130.1518,130.19,130.287,-6.991591269807002e-05,0.0002304589985233,0.0002840287579018,130.16758,130.20063,0.03637053598400962,130.2078
2014-08-21,130.2078,0.0005976850255016,0.0002240543671513,130.13,130.2306,130.2659,-0.0001675107522,0.0003118032930493,-0.0001619632715363,130.16302,130.19772500000002,0.033051759541952115,130.2014
2014-08-22,130.2014,-4.915340933631695e-05,0.0002240683632669,130.2078,130.1646,130.2598,0.0005976850255016,-0.000506921797432,-4.682839352192938e-05,130.17038,130.194805,0.029687521184570062,130.1763
2014-08-25,130.1763,-0.0001927968491753,0.0002223477937401,130.2014,130.1609,130.2297,-4.915340933631695e-05,-2.842595135902801e-05,-0.0002311033660394,130.17346,130.192135,0.028771171031212187,130.1934
2014-08-26,130.1934,0.0001313516897287,0.0002249253258348,130.1763,130.1518,130.227,-0.0001927968491753,-6.991591269807002e-05,-2.073281278689296e-05,130.18178,130.190455,0.027584711028185466,130.184
2014-08-27,130.184,-7.220288707152401e-05,0.0002233746020977,130.1934,130.13,130.2086,0.0001313516897287,-0.0001675107522,-0.0001413017270344,130.19258,130.18922500000002,0.027279814561493015,130.188
2014-08-28,130.188,3.072527000072888e-05,0.0002235070307443,130.184,130.2078,130.2102,-7.220288707152401e-05,0.0005976850255016,1.228789933755775e-05,130.18862,130.188115,0.026829368597722194,130.1962
2014-08-29,130.1962,6.298385234380773e-05,0.000224021306694,130.188,130.2014,130.2067,3.072527000072888e-05,-4.915340933631695e-05,-2.687997591695669e-05,130.18758,130.18759,0.02654780976960933,130.2045
2014-09-01,130.2045,6.37479085332131e-05,0.0002204189616823,130.1962,130.1763,130.2303,6.298385234380773e-05,-0.0001927968491753,0.000181233849757,130.19322,130.1863,0.024941468183396744,130.1913
2014-09-02,130.1913,-0.0001013841237937,0.000221304674812,130.2045,130.1934,130.2255,6.37479085332131e-05,0.0001313516897287,-3.68584612093572e-05,130.1928,130.18459,0.023225822593499965,130.205
2014-09-03,130.205,0.0001052242294737,0.0002214222423262,130.1913,130.184,130.2104,-0.0001013841237937,-7.220288707152401e-05,-0.00011595943583,130.19699999999997,130.18432,0.022939613941315183,130.2037
2014-09-04,130.2037,-9.98430544007363e-06,0.0002193466705534,130.205,130.188,130.1933,0.0001052242294737,3.072527000072888e-05,-0.0001313345395981,130.20014,130.18484,0.02326939244196712,130.1987
2014-09-05,130.1987,-3.8402103825500514e-05,0.0002191496674647,130.2037,130.1962,130.1862,-9.98430544007363e-06,6.298385234380773e-05,-5.4535783360326624e-05,130.20064,130.185465,0.02347480773727395,130.2
2014-09-09,130.2,9.984688863550388e-06,0.0002172976199543,130.1987,130.2045,130.1711,-3.8402103825500514e-05,6.37479085332131e-05,-0.0001159944431513,130.19974000000002,130.18690999999998,0.023433464451410188,130.2027
2014-09-10,130.2027,2.0737112173594105e-05,0.0002161127327327,130.2,130.1913,130.16,9.984688863550388e-06,-0.0001013841237937,-8.52760197051482e-05,130.20202,130.189045,0.02278899707693828,130.23
2014-09-11,130.23,0.0002096510929694,0.0002150755854462,130.2027,130.205,130.19,2.0737112173594105e-05,0.0001052242294737,0.0002304589985233,130.20702,130.19104499999997,0.024563375997663082,130.2717
2014-09-12,130.2717,0.0003201514643182,0.0002156884169663,130.23,130.2037,130.2306,0.0002096510929694,-9.98430544007363e-06,0.0003118032930493,130.22062,130.19310000000002,0.02930780376373252,130.28
2014-09-15,130.28,6.371096410277104e-05,0.0001772168866951,130.2717,130.1987,130.1646,0.0003201514643182,-3.8402103825500514e-05,-0.000506921797432,130.23687999999999,130.19887,0.034330822324092555,130.28
2014-09-16,130.28,0.0,0.0001767161260302,130.28,130.2,130.1609,6.371096410277104e-05,9.984688863550388e-06,-2.842595135902801e-05,130.25288,130.204825,0.037574219442407415,130.2759
2014-09-17,130.2759,-3.147117375067471e-05,0.000175597525404,130.28,130.2027,130.1518,0.0,2.0737112173594105e-05,-6.991591269807002e-05,130.26752000000002,130.21103,0.03859000543317413,130.2813
2014-09-18,130.2813,4.144963179495228e-05,0.0001681815128778,130.2759,130.23,130.13,-3.147117375067471e-05,0.0002096510929694,-0.0001675107522,130.27777999999998,130.218595,0.03665056139958321,130.275
2014-09-19,130.275,-4.835807079856299e-05,0.0001116216973385,130.2813,130.2717,130.2078,4.144963179495228e-05,0.0003201514643182,0.0005976850255016,130.27844,130.22195499999998,0.038635414192798805,130.28
2014-09-22,130.28,3.8379612754420215e-05,0.0001102356569347,130.275,130.28,130.2014,-4.835807079856299e-05,6.371096410277104e-05,-4.915340933631695e-05,130.27844,130.225885,0.04039217313909202,130.2712
2014-09-23,130.2712,-6.754910361842296e-05,9.998298043624584e-05,130.28,130.28,130.1763,3.8379612754420215e-05,0.0,-0.0001927968491753,130.27668,130.23063,0.039830893766808866,130.2855
2014-09-24,130.2855,0.0001097649764092,9.901627672135314e-05,130.2712,130.2759,130.1934,-6.754910361842296e-05,-3.147117375067471e-05,0.0001313516897287,130.2786,130.23523500000002,0.04061632117299109,130.3067
2014-09-25,130.3067,0.0001627063284838,9.951709614571376e-05,130.2855,130.2813,130.184,0.0001097649764092,4.144963179495228e-05,-7.220288707152401e-05,130.28368,130.24137000000002,0.04172181170489078,130.3071
2014-09-26,130.3071,3.0696762794914545e-06,9.994784978693088e-05,130.3067,130.275,130.188,0.0001627063284838,-4.835807079856299e-05,3.072527000072888e-05,130.2901,130.247325,0.0422002228522021,130.35
2014-09-29,130.35,0.0003291680939238,0.0001183891048452,130.3071,130.28,130.1962,3.0696762794914545e-06,3.8379612754420215e-05,6.298385234380773e-05,130.3041,130.25501500000001,0.046215732891124,130.3707
2014-09-30,130.3707,0.0001587906141975,0.0001204775405883,130.35,130.2712,130.2045,0.0003291680939238,-6.754910361842296e-05,6.37479085332131e-05,130.324,130.263325,0.05131539082066223,130.43
2014-10-01,130.43,0.0004547533884837,0.0001425143153415,130.3707,130.2855,130.1913,0.0001587906141975,0.0001097649764092,-0.0001013841237937,130.3529,130.27526,0.06060058531342667,130.4982
2014-10-02,130.4982,0.0005227491819822,0.000172121930557,130.43,130.3067,130.205,0.0004547533884837,0.0001627063284838,0.0001052242294737,130.39119999999997,130.28992,0.07617281317263161,130.4946
2014-10-03,130.4946,-2.7586967918107467e-05,0.000172824592071,130.4982,130.3071,130.2037,0.0005227491819822,3.0696762794914545e-06,-9.98430544007363e-06,130.4287,130.304465,0.08598424744524272,130.3529
2014-10-07,130.3529,-0.0010864586698239,0.0003183336354661,130.4946,130.35,130.1987,-2.7586967918107467e-05,0.0003291680939238,-3.8402103825500514e-05,130.42928,130.312175,0.08285794989830189,130.3127
2014-10-09,130.3127,-0.0003084411623067,0.0003287173253146,130.3529,130.3707,130.2,-0.0010864586698239,0.0001587906141975,9.984688863550388e-06,130.41768,130.31781,0.07854778561170436,130.3461
2014-10-10,130.3461,0.0002562737201491,0.0003320700472174,130.3127,130.43,130.2027,-0.0003084411623067,0.0004547533884837,2.0737112173594105e-05,130.4009,130.32498,0.0738943669477004,130.3815
2014-10-13,130.3815,0.0002715477779684,0.0003338704100953,130.3461,130.4982,130.23,0.0002562737201491,0.0005227491819822,0.0002096510929694,130.37756,130.332555,0.0713674219372052,130.55
2014-10-14,130.55,0.0012915268828954,0.0004306267642975,130.3815,130.4946,130.2717,0.0002715477779684,-2.7586967918107467e-05,0.0003201514643182,130.38864,130.34647,0.0847533020207775,130.55
2014-10-15,130.55,0.0,0.000431196794408,130.55,130.3529,130.28,0.0012915268828954,-0.0010864586698239,6.371096410277104e-05,130.42806000000002,130.35997000000003,0.09454615187829038,130.5659
2014-10-16,130.5659,0.0001217850006042,0.000430517406797,130.55,130.3127,130.28,0.0,-0.0003084411623067,0.0,130.4787,130.374265,0.10304969301127138,130.6
2014-10-17,130.6,0.0002611366965883,0.0004304427293164,130.5659,130.3461,130.2759,0.0001217850006042,0.0002562737201491,-3.147117375067471e-05,130.52948,130.39047,0.11187260655819255,130.6
2014-10-20,130.6,0.0,0.0004309617742958,130.6,130.3815,130.2813,0.0002611366965883,0.0002715477779684,4.144963179495228e-05,130.57318,130.406405,0.11803219216630406,130.6348
2014-10-21,130.6348,0.000266426986036,0.0004301537798071,130.6,130.55,130.275,0.0,0.0012915268828954,-4.835807079856299e-05,130.59014,130.424395,0.12420792613148017,130.75
2014-10-23,130.75,0.0008814591166655,0.0004601513643034,130.6348,130.55,130.28,0.000266426986036,0.0,3.8379612754420215e-05,130.63013999999998,130.447895,0.1390282571360317,130.7667
2014-10-24,130.7667,0.0001277165092913,0.0004566797182275,130.75,130.5659,130.2712,0.0008814591166655,0.0001217850006042,-6.754910361842296e-05,130.6703,130.47267,0.14962897303574677,130.8175
2014-10-27,130.8175,0.0003884026683465,0.0004583560778048,130.7667,130.6,130.2855,0.0001277165092913,0.0002611366965883,0.0001097649764092,130.7138,130.49927,0.1614264834892564,130.83
2014-10-28,130.83,9.55484001148568e-05,0.0004589182506366,130.8175,130.6,130.3067,0.0003884026683465,0.0,0.0001627063284838,130.7598,130.525435,0.17071346651811256,130.8155
2014-10-29,130.8155,-0.0001108369913862,0.0004621911328106,130.83,130.6348,130.3071,9.55484001148568e-05,0.000266426986036,3.0696762794914545e-06,130.79594,130.550855,0.17430503651894175,130.85
2014-10-30,130.85,0.0002636954447562,0.0004614197961736,130.8155,130.75,130.35,-0.0001108369913862,0.0008814591166655,0.0003291680939238,130.81594,130.575855,0.1797524129639783,130.8436
2014-10-31,130.8436,-4.891216293608301e-05,0.0004645199008504,130.85,130.7667,130.3707,0.0002636954447562,0.0001277165092913,0.0001587906141975,130.83132,130.59949999999998,0.18242875463857608,130.8367
2014-11-03,130.8367,-5.273610586349568e-05,0.0004626383307831,130.8436,130.8175,130.43,-4.891216293608301e-05,0.0003884026683465,0.0004547533884837,130.83516,130.61983500000002,0.18518669176924243,130.85
2014-11-04,130.85,0.0001016482687995,0.0004545646172566,130.8367,130.83,130.4982,-5.273610586349568e-05,9.55484001148568e-05,0.0005227491819822,130.83916,130.637425,0.18967850880676176,130.85
2014-11-05,130.85,0.0,0.0004540881429789,130.85,130.8155,130.4946,0.0001016482687995,-0.0001108369913862,-2.7586967918107467e-05,130.84606000000002,130.655195,0.19222444246788017,130.85
2014-11-07,130.85,0.0,0.0003541349439737,130.85,130.85,130.3529,0.0,0.0002636954447562,-0.0010864586698239,130.84606,130.68005,0.18299637469219276,130.8656
2014-11-10,130.8656,0.0001192133752704,0.0003348193106408,130.85,130.8436,130.3127,0.0,-4.891216293608301e-05,-0.0003084411623067,130.85046,130.707695,0.16550777519639107,130.874
2014-11-11,130.874,6.418593138270015e-05,0.0003362253424435,130.8656,130.8367,130.3461,0.0001192133752704,-5.273610586349568e-05,0.0002562737201491,130.85792,130.73409,0.14571712644678192,130.9
2014-11-12,130.9,0.0001986446330462,0.0003358276451884,130.874,130.85,130.3815,6.418593138270015e-05,0.0001016482687995,0.0002715477779684,130.86792,130.760015,0.12422400085027839,130.8925
2014-11-13,130.8925,-5.7297286989116896e-05,0.0002203387760569,130.9,130.85,130.55,0.0001986446330462,0.0,0.0012915268828954,130.87642,130.77714,0.11715511711479414,130.95
2014-11-14,130.95,0.0004391953248555,0.0002283360341387,130.8925,130.85,130.55,-5.7297286989116896e-05,0.0,0.0,130.89642,130.79713999999998,0.11027933619893349,130.95
2014-11-17,130.95,0.0,0.0002308216183169,130.95,130.8656,130.5659,0.0004391953248555,0.0001192133752704,0.0001217850006042,130.9133,130.816345,0.10093945797689115,130.9861
2014-11-18,130.9861,0.0002756397474695,0.0002312219133962,130.95,130.874,130.6,0.0,6.418593138270015e-05,0.0002611366965883,130.93572,130.83565,0.0940729419838212,130.9902
2014-11-19,130.9902,3.1300541311045035e-05,0.0002302742905155,130.9861,130.9,130.6,0.0002756397474695,0.0001986446330462,0.0,130.95376,130.85516,0.08236204665537027,131.0
2014-11-20,131.0,7.481195865019108e-05,0.0002291219862096,130.9902,130.8925,130.6348,3.1300541311045035e-05,-5.7297286989116896e-05,0.000266426986036,130.97526,130.87342,0.07057589116301895,131.0
2014-11-21,131.0,0.0,0.0001500346007553,131.0,130.95,130.75,7.481195865019108e-05,0.0004391953248555,0.0008814591166655,130.98525999999998,130.88592,0.06969979681892723,131.0
2014-11-24,131.0,0.0,0.0001513042997404,131.0,130.95,130.7667,0.0,0.0,0.0001277165092913,130.99526,130.897585,0.06820347473597993,130.9967
2014-11-25,130.9967,-2.519115698918629e-05,0.0001357077073026,131.0,130.9861,130.8175,0.0,0.0002756397474695,0.0003884026683465,130.99738,130.906545,0.0688962260653844,131.0
2014-11-26,131.0,2.519115698917285e-05,0.0001358799621114,130.9967,130.9902,130.83,-2.519115698918629e-05,3.1300541311045035e-05,9.55484001148568e-05,130.99934000000002,130.915045,0.06944017089887729,131.0136
2014-11-27,131.0136,0.0001038114053027,0.000129598360415,131.0,131.0,130.8155,2.519115698917285e-05,7.481195865019108e-05,-0.0001108369913862,131.00206,130.92495,0.06861736386607051,131.0082
2014-11-28,131.0082,-4.1217944467054696e-05,0.0001241335263409,131.0136,131.0,130.85,0.0001038114053027,0.0,0.0002636954447562,131.0037,130.93285999999998,0.06864102189710222,131.05
2014-12-01,131.05,0.0003190131074282,0.000133953265677,131.0082,131.0,130.8436,-4.1217944467054696e-05,0.0,-4.891216293608301e-05,131.0137,130.94318,0.07001676184814355,131.05
2014-12-02,131.05,0.0,0.0001317281061981,131.05,130.9967,130.8367,0.0003190131074282,-2.519115698918629e-05,-5.273610586349568e-05,131.02436,130.953845,0.06918406774079175,131.0
2014-12-03,131.0,-0.0003816065682638,0.0001673363736783,131.05,131.0,130.85,0.0,2.519115698917285e-05,0.0001016482687995,131.02436,130.961345,0.06535883516723588,131.0
2014-12-04,131.0,0.0,0.0001673363736783,131.0,131.0136,130.85,-0.0003816065682638,0.0001038114053027,0.0,131.02164,130.96884500000002,0.060321624539146704,131.0182
2014-12-05,131.0182,0.000138921647651,0.0001677162182147,131.0,131.0082,130.85,0.0,-4.1217944467054696e-05,0.0,131.02364,130.977255,0.05430541765821109,131.02
2014-12-08,131.02,1.373845492786385e-05,0.0001675545490494,131.0182,131.05,130.8656,0.000138921647651,0.0003190131074282,0.0001192133752704,131.01764,130.98497500000002,0.04823234193025236,131.0
2014-12-09,131.0,-0.0001526601025788,0.0001740869985388,131.02,131.05,130.874,1.373845492786385e-05,0.0,6.418593138270015e-05,131.00763999999998,130.991275,0.04059901305082649,131.01
2014-12-10,131.01,7.633296442773982e-05,0.0001706347888061,131.0,131.0,130.9,-0.0001526601025788,-0.0003816065682638,0.0001986446330462,131.00964,130.996775,0.034589180962293145,131.0071
2014-12-11,131.0071,-2.213595982933538e-05,0.0001697366543792,131.01,131.0,130.8925,7.633296442773982e-05,0.0,-5.7297286989116896e-05,131.01106,131.00250499999999,0.024396386006168943,131.0225
2014-12-12,131.0225,0.0001175439722668,0.0001435087235665,131.0071,131.0182,130.95,-2.213595982933538e-05,0.000138921647651,0.0004391953248555,131.01192,131.00613,0.021384576159609404,131.0
2014-12-15,131.0,-0.000171740976865,0.0001502325009925,131.0225,131.02,130.95,0.0001175439722668,1.373845492786385e-05,0.0,131.00792,131.00863,0.01693750409273902,130.9917
2014-12-16,130.9917,-6.336078587804346e-05,0.0001384232553866,131.0,131.0,130.9861,-0.000171740976865,-0.0001526601025788,0.0002756397474695,131.00626000000003,131.00891000000001,0.01658813439739187,131.0434
2014-12-17,131.0434,0.0003946036288333,0.0001639381486967,130.9917,131.01,130.9902,-6.336078587804346e-05,7.633296442773982e-05,3.1300541311045035e-05,131.01294000000001,131.01157,0.01766075317711019,131.0158
2014-12-18,131.0158,-0.0002106394288162,0.0001712074028619,131.0434,131.0071,131.0,0.0003946036288333,-2.213595982933538e-05,7.481195865019108e-05,131.01468,131.01236,0.017468298885117608,131.0128
2014-12-19,131.0128,-2.289826377838688e-05,0.0001713263730487,131.0158,131.0225,131.0,-0.0002106394288162,0.0001175439722668,0.0,131.01273999999998,131.01299999999998,0.017224401071005847,131.0348
2014-12-22,131.0348,0.0001679084261918,0.0001751457771389,131.0128,131.0,131.0,-2.289826377838688e-05,-0.000171740976865,0.0,131.0197,131.01474000000002,0.0175957648205827,131.0004
2014-12-23,131.0004,-0.0002625601460994,0.0001856192620503,131.0348,130.9917,130.9967,0.0001679084261918,-6.336078587804346e-05,-2.519115698918629e-05,131.02144,131.014925,0.01741462989436985,130.9978
2014-12-24,130.9978,-1.9847464601548407e-05,0.000185588794432,131.0004,131.0434,131.0,-0.0002625601460994,0.0003946036288333,2.519115698917285e-05,131.01232,131.01481500000003,0.017520492291812375,131.005
2014-12-26,131.005,5.49612447027606e-05,0.0001844570105768,130.9978,131.0158,131.0136,-1.9847464601548407e-05,-0.0002106394288162,0.0001038114053027,131.01015999999998,131.014385,0.017656883781823545,131.0689
2014-12-29,131.0689,0.0004876487224887,0.000214237012005,131.005,131.0128,131.0082,5.49612447027606e-05,-2.289826377838688e-05,-4.1217944467054696e-05,131.02138000000002,131.01742000000002,0.02136518546945741,131.0778
2014-12-30,131.0778,6.790091199632127e-05,0.0002030520849107,131.0689,131.0348,131.05,0.0004876487224887,0.0001679084261918,0.0003190131074282,131.02998000000002,131.01881,0.024299228764790858,131.0486
2014-12-31,131.0486,-0.0002227932792789,0.0002096680976141,131.0778,131.0004,131.05,6.790091199632127e-05,-0.0002625601460994,0.0,131.03962,131.01874,0.024206488748082042,131.091
2015-01-01,131.091,0.0003234917606478,0.0002013339634982,131.0486,130.9978,131.0,-0.0002227932792789,-1.9847464601548407e-05,-0.0003816065682638,131.05826,131.02329,0.028644277331106964,131.0125
2015-01-02,131.0125,-0.0005990000312638,0.0002463019539748,131.091,131.005,131.0,0.0003234917606478,5.49612447027606e-05,0.0,131.05975999999998,131.023915,0.028242917465774127,131.02
2015-01-06,131.02,5.724480743481098e-05,0.0002446320446977,131.0125,131.0689,131.0182,-0.0005990000312638,0.0004876487224887,0.000138921647651,131.04998,131.024005,0.028226610580676423,131.015
2015-01-07,131.015,-3.8162840846674553e-05,0.0002447615577595,131.02,131.0778,131.02,5.724480743481098e-05,6.790091199632127e-05,1.373845492786385e-05,131.03741999999997,131.023755,0.028286029053409517,131.25
2015-01-08,131.25,0.0017920810088494,0.0004670639651543,131.015,131.0486,131.0,-3.8162840846674553e-05,-0.0002227932792789,-0.0001526601025788,131.0777,131.036255,0.05744534672754347,131.25
2015-01-09,131.25,0.0,0.0004675390005104,131.25,131.091,131.01,0.0017920810088494,0.0003234917606478,7.633296442773982e-05,131.10949999999997,131.048255,0.07427438084633614,131.245
2015-01-12,131.245,-3.809596373718228e-05,0.0004677567553221,131.25,131.0125,131.0071,0.0,-0.0005990000312638,-2.213595982933538e-05,131.156,131.06015,0.08553301297152269,131.22
2015-01-13,131.22,-0.0001905015912644,0.0004718802915811,131.245,131.02,131.0225,-3.809596373718228e-05,5.724480743481098e-05,0.0001175439722668,131.196,131.070025,0.09210583653473661,131.0889
2015-01-16,131.0889,-0.0009995849238507,0.0005276986332896,131.22,131.015,131.0,-0.0001905015912644,-3.8162840846674553e-05,-0.000171740976865,131.21077999999997,131.07447,0.0906827384059972,131.5
2015-01-19,131.5,0.0031311326249384,0.0008694788376547,131.0889,131.25,130.9917,-0.0009995849238507,0.0017920810088494,-6.336078587804346e-05,131.26077999999998,131.099885,0.12927943731777075,131.7054
2015-01-20,131.7054,0.00156075856875,0.0009212261870027,131.5,131.25,131.0434,0.0031311326249384,0.0,0.0003946036288333,131.35186,131.132985,0.1862505309565023,131.7433
2015-01-21,131.7433,0.0002877220518565,0.000914772514622,131.7054,131.245,131.0158,0.00156075856875,-3.809596373718228e-05,-0.0002106394288162,131.45152000000002,131.16936,0.22842541197109614,131.9
2015-01-22,131.9,0.0011887274848431,0.0009337977592464,131.7433,131.22,131.0128,0.0002877220518565,-0.0001905015912644,-2.289826377838688e-05,131.58751999999998,131.21372000000002,0.2773324806691588,131.85
2015-01-23,131.85,-0.0003791469239732,0.0009469450018181,131.9,131.0889,131.0348,0.0011887274848431,-0.0009995849238507,0.0001679084261918,131.73974,131.25448,0.3078760098897577,132.0
2015-01-26,132.0,0.0011370097870751,0.0009540852770553,131.85,131.5,131.0004,-0.0003791469239732,0.0031311326249384,-0.0002625601460994,131.83973999999998,131.30446,0.3435303194958872,132.0817
2015-01-27,132.0817,0.0006187479299518,0.0009506764697678,132.0,131.7054,130.9978,0.0011370097870751,0.00156075856875,-1.9847464601548407e-05,131.91500000000002,131.358655,0.3765192543720469,132.0975
2015-01-28,132.0975,0.0001196157761006,0.0009495076616338,132.0817,131.7433,131.005,0.0006187479299518,0.0002877220518565,5.49612447027606e-05,131.98584,131.41328000000001,0.4009666275549835,132.194
2015-01-29,132.194,0.0007302543160743,0.0009520277365762,132.0975,131.9,131.0689,0.0001196157761006,0.0011887274848431,0.0004876487224887,132.04464,131.469535,0.4281136178105725,132.2
2015-01-30,132.2,4.53868090881182e-05,0.0009524883534302,132.194,131.85,131.0778,0.0007302543160743,-0.0003791469239732,6.790091199632127e-05,132.11464,131.525645,0.4471841896120685,132.2
2015-02-02,132.2,0.0,0.0009457773120597,132.2,132.0,131.0486,4.53868090881182e-05,0.0011370097870751,-0.0002227932792789,132.15464,131.583215,0.4565544254948541,132.2
2015-02-05,132.2,0.0,0.0009505815602897,132.2,132.0817,131.091,0.0,0.0006187479299518,0.0003234917606478,132.17829999999998,131.638665,0.46095159041056855,132.2
2015-02-06,132.2,0.0,0.000925860928579,132.2,132.0975,131.0125,0.0,0.0001196157761006,-0.0005990000312638,132.19879999999998,131.69804000000002,0.4524528220731589,132.8
2015-02-09,132.8,0.0045283096247478,0.0012928063014701,132.2,132.194,131.02,0.0,0.0007302543160743,5.724480743481098e-05,132.32,131.78704,0.4858912141532739,132.8
2015-02-10,132.8,0.0,0.001291726453871,132.8,132.2,131.015,0.0045283096247478,4.53868090881182e-05,-3.8162840846674553e-05,132.44,131.87628999999998,0.5003391543340028,132.7987
2015-02-11,132.7987,-9.789204540744795e-06,0.0012725266600226,132.8,132.2,131.25,0.0,0.0,0.0017920810088494,132.55974,131.953725,0.5178459218792274,132.8
2015-02-12,132.8,9.789204540675535e-06,0.001272291047351,132.7987,132.2,131.25,-9.789204540744795e-06,0.0,0.0,132.67973999999998,132.031225,0.5229446522655894,132.8
2015-02-13,132.8,0.0,0.0012713340665539,132.8,132.2,131.245,9.789204540675535e-06,0.0,-3.809596373718228e-05,132.79974,132.108975,0.5154413069516663,132.8
2015-02-16,132.8,0.0,0.0012658891086537,132.8,132.8,131.22,0.0,0.0045283096247478,-0.0001905015912644,132.79973999999999,132.187975,0.4925943178362781,132.8
2015-02-18,132.8,0.0,0.0012183142892639,132.8,132.8,131.0889,0.0,0.0,-0.0009995849238507,132.79974,132.27353,0.437128769527592,132.8
2015-02-19,132.8,0.0,0.0010752705497135,132.8,132.7987,131.5,0.0,-9.789204540744795e-06,0.0031311326249384,132.8,132.33853,0.4119831155089087,132.9
2015-02-20,132.9,0.000752728676866,0.0010478249660577,132.8,132.8,131.7054,0.0,9.789204540675535e-06,0.00156075856875,132.82000000000002,132.39826,0.4018321964401832,132.9
2015-02-23,132.9,0.0,0.0010521576158287,132.9,132.8,131.7433,0.000752728676866,0.0,0.0002877220518565,132.84,132.456095,0.38551304499204464,132.9
2015-02-24,132.9,0.0,0.0010409786042495,132.9,132.8,131.9,0.0,0.0,0.0011887274848431,132.86,132.50609500000002,0.37427796097220395,132.8991
2015-02-25,132.8991,-6.772031959477738e-06,0.0010300025982999,132.9,132.8,131.85,0.0,0.0,-0.0003791469239732,132.87982,132.55855000000003,0.3502298185191802,132.9
2015-02-26,132.9,6.772031959487445e-06,0.0010181595780439,132.8991,132.8,132.0,-6.772031959477738e-06,0.0,0.0011370097870751,132.89982,132.60354999999998,0.33203262282798657,132.9
2015-02-27,132.9,0.0,0.001018636344316,132.9,132.9,132.0817,6.772031959487445e-06,0.000752728676866,0.0006187479299518,132.89982,132.644465,0.31428632816168295,132.9
2015-03-02,132.9,0.0,0.0010201556883528,132.9,132.9,132.0975,0.0,0.0,0.0001196157761006,132.89982,132.68459000000001,0.29115641824472077,132.9
2015-03-03,132.9,0.0,0.0010171164513334,132.9,132.9,132.194,0.0,0.0,0.0007302543160743,132.89982,132.71989000000002,0.27062017058445315,132.8986
2015-03-04,132.8986,-1.0534291753412671e-05,0.0010178323779341,132.9,132.8991,132.2,0.0,-6.772031959477738e-06,4.53868090881182e-05,132.89972,132.75482000000002,0.24373408847555875,132.9
2015-03-06,132.9,1.0534291753564172e-05,0.0010176915457077,132.8986,132.9,132.2,-1.0534291753412671e-05,6.772031959487445e-06,0.0,132.89972000000003,132.78982000000002,0.20742428064418816,132.9
2015-03-09,132.9,0.0,0.0010176915457077,132.9,132.9,132.2,1.0534291753564172e-05,0.0,0.0,132.89972,132.82482,0.1551270806406323,132.9
2015-03-10,132.9,0.0,0.0010176915457077,132.9,132.9,132.2,0.0,0.0,0.0,132.89972,132.85981999999998,0.050249803253250055,132.9
2015-03-11,132.9,0.0,0.0001683942364337,132.9,132.9,132.8,0.0,0.0,0.0045283096247478,132.89972,132.86482,0.04894239998669895,132.9
2015-03-12,132.9,0.0,0.0001683942364337,132.9,132.8986,132.8,0.0,-1.0534291753412671e-05,0.0,132.9,132.86982,0.047042988074508324,132.9
2015-03-13,132.9,0.0,0.0001682633082197,132.9,132.9,132.7987,0.0,1.0534291753564172e-05,-9.789204540744795e-06,132.9,132.874885,0.04435947968020466,132.9
2015-03-16,132.9,0.0,0.0001683642825866,132.9,132.9,132.8,0.0,0.0,9.789204540675535e-06,132.9,132.879885,0.04098170664574481,132.9
2015-03-17,132.9,0.0,0.0001683642825866,132.9,132.9,132.8,0.0,0.0,0.0,132.9,132.884885,0.03658695864307244,132.9
2015-03-18,132.9,0.0,0.0001683642825866,132.9,132.9,132.8,0.0,0.0,0.0,132.9,132.889885,0.03074214089738221,132.9
2015-03-19,132.9,0.0,0.0001683642825866,132.9,132.9,132.8,0.0,0.0,0.0,132.9,132.894885,0.02233654700735069,132.9
2015-03-20,132.9,0.0,0.0001683642825866,132.9,132.9,132.8,0.0,0.0,0.0,132.9,132.899885,0.0003631232866229059,132.9
2015-03-23,132.9,0.0,4.063077906508384e-06,132.9,132.9,132.9,0.0,0.0,0.000752728676866,132.9,132.899885,0.0003631232866229059,132.9
2015-03-24,132.9,0.0,4.063077906508384e-06,132.9,132.9,132.9,0.0,0.0,0.0,132.9,132.89988499999998,0.0003631232866229059,132.9
2015-03-25,132.9,0.0,4.063077906508384e-06,132.9,132.9,132.9,0.0,0.0,0.0,132.9,132.89988499999998,0.0003631232866229059,132.9
2015-03-26,132.9,0.0,3.738209546866899e-06,132.9,132.9,132.8991,0.0,0.0,-6.772031959477738e-06,132.9,132.89992999999998,0.0003130337045400575,132.9
2015-03-27,132.9,0.0,3.417775559231066e-06,132.9,132.9,132.9,0.0,0.0,6.772031959487445e-06,132.9,132.89993,0.0003130337045400575,132.8794
2015-03-30,132.8794,-0.0001550157765518,3.483067238473467e-05,132.9,132.9,132.9,0.0,0.0,0.0,132.89588,132.8989,0.004600456567318798,132.9
2015-03-31,132.9,0.0001550157765519,5.040975499041475e-05,132.8794,132.9,132.9,-0.0001550157765518,0.0,0.0,132.89588,132.8989,0.004600456567318798,132.9
2015-04-01,132.9,0.0,5.040975499041475e-05,132.9,132.9,132.9,0.0001550157765519,0.0,0.0,132.89587999999998,132.8989,0.004600456567318798,132.9
2015-04-02,132.9,0.0,5.034889048994222e-05,132.9,132.9,132.8986,0.0,0.0,-1.0534291753412671e-05,132.89588,132.89897000000002,0.004606298959184524,132.8984
2015-04-06,132.8984,-1.203919963417222e-05,5.036575547752972e-05,132.9,132.9,132.9,0.0,0.0,1.0534291753564172e-05,132.89556000000002,132.89889,0.004601360279012261,132.9
2015-04-07,132.9,1.2039199634235808e-05,5.044521082888812e-05,132.8984,132.8794,132.9,-1.203919963417222e-05,-0.0001550157765518,0.0,132.89968000000002,132.89889,0.004601360279012261,132.9
2015-04-08,132.9,0.0,5.044521082888812e-05,132.9,132.9,132.9,1.2039199634235808e-05,0.0001550157765519,0.0,132.89968000000002,132.89889,0.004601360279012261,132.9
2015-04-09,132.9,0.0,5.044521082888812e-05,132.9,132.9,132.9,0.0,0.0,0.0,132.89968000000002,132.89889,0.004601360279012261,132.9
2015-04-10,132.9,0.0,5.044521082888812e-05,132.9,132.9,132.9,0.0,0.0,0.0,132.89968,132.89889,0.004601360279012261,132.8983
2015-04-15,132.8983,-1.2791654423888755e-05,5.052623691426059e-05,132.9,132.8984,132.9,0.0,-1.203919963417222e-05,0.0,132.89965999999998,132.89880499999998,0.004595474386657778,132.9
2015-04-16,132.9,1.279165442380056e-05,5.061564115528269e-05,132.8983,132.9,132.9,-1.2791654423888755e-05,1.2039199634235808e-05,0.0,132.89965999999998,132.898805,0.004595474386657778,132.9
2015-04-17,132.9,0.0,5.061564115528269e-05,132.9,132.9,132.9,1.279165442380056e-05,0.0,0.0,132.89965999999998,132.898805,0.004595474386657778,132.9
2015-04-20,132.9,0.0,5.061564115528269e-05,132.9,132.9,132.9,0.0,0.0,0.0,132.89966,132.898805,0.004595474386657778,132.8964
2015-04-21,132.8964,-2.708840300487117e-05,5.097678107166114e-05,132.9,132.9,132.9,0.0,0.0,0.0,132.89894,132.89862499999998,0.004616659261130836,132.8981
2015-04-22,132.8981,1.2791837302948933e-05,5.1074822590846593e-05,132.8964,132.8983,132.9,-2.708840300487117e-05,-1.2791654423888755e-05,0.0,132.8989,132.89853,0.004606413217840842,132.8983
2015-04-23,132.8983,1.5049112780864738e-06,5.107703963384808e-05,132.8981,132.9,132.9,1.2791837302948933e-05,1.279165442380056e-05,0.0,132.89856,132.89844499999998,0.004593526978479619,132.8994
2015-04-24,132.8994,8.27697154652625e-06,5.111601151892202e-05,132.8983,132.9,132.9,1.5049112780864738e-06,0.0,0.0,132.89844,132.89841500000003,0.0045847878441365114,132.9
2015-04-27,132.9,4.514682877306417e-06,5.112702834375817e-05,132.8994,132.9,132.9,8.27697154652625e-06,0.0,0.0,132.89844,132.898415,0.0045847878441365114,132.897
2015-04-28,132.897,-2.2573618213457767e-05,5.137559186253531e-05,132.9,132.8964,132.9,4.514682877306417e-06,-2.708840300487117e-05,0.0,132.89856,132.898265,0.004579274315885636,132.9
2015-04-29,132.9,2.257361821349496e-05,5.164892824918572e-05,132.897,132.8981,132.9,-2.2573618213457767e-05,1.2791837302948933e-05,0.0,132.89893999999998,132.89826499999998,0.004579274315885636,132.9
2015-04-30,132.9,0.0,3.6601149297108026e-05,132.9,132.8983,132.8794,2.257361821349496e-05,1.5049112780864738e-06,-0.0001550157765518,132.89928,132.899295,0.0011315874252820904,133.0714
2015-05-05,133.0714,0.0012888605596461,0.000288437561166,132.9,132.8994,132.9,0.0,8.27697154652625e-06,0.0001550157765519,132.93368,132.90786500000002,0.038508416928015154,133.1
2015-05-06,133.1,0.00021489912222,0.0002899095465048,133.0714,132.9,132.9,0.0012888605596461,4.514682877306417e-06,0.0,132.97368,132.917865,0.057596173717716345,133.3
2015-05-07,133.3,0.0015015017835971,0.0004299875028376,133.1,132.897,132.9,0.00021489912222,-2.2573618213457767e-05,0.0,133.05428,132.937865,0.102786714611284,133.3
2015-05-08,133.3,0.0,0.0004297566946673,133.3,132.9,132.8984,0.0015015017835971,2.257361821349496e-05,-1.203919963417222e-05,133.13428,132.957945,0.13023404222087462,133.3
2015-05-11,133.3,0.0,0.0004299697611569,133.3,132.9,132.9,0.0,0.0,1.2039199634235808e-05,133.21428,132.97794500000003,0.15007037109129678,133.4412
2015-05-12,133.4412,0.0010587041910939,0.0004734670254635,133.3,133.0714,132.9,0.0,0.0012888605596461,0.0,133.28824,133.005005,0.1809021412269576,133.5
2015-05-13,133.5,0.000440546464547,0.000473763766231,133.4412,133.1,132.9,0.0010587041910939,0.00021489912222,0.0,133.36824000000001,133.035005,0.20998497556638981,133.4
2015-05-14,133.4,-0.0007493443587808,0.0005198974702568,133.5,133.3,132.9,0.000440546464547,0.0015015017835971,0.0,133.38824,133.060005,0.2224593527991032,133.4
2015-05-15,133.4,0.0,0.0005196455737192,133.4,133.3,132.8983,-0.0007493443587808,0.0,-1.2791654423888755e-05,133.40824000000003,133.08509,0.23137325253768876,133.3125
2015-05-18,133.3125,-0.000656137249954,0.0005520596740376,133.4,133.3,132.9,0.0,0.0,1.279165442380056e-05,133.41073999999998,133.105715,0.23238888066829722,133.3
2015-05-19,133.3,-9.376904690630468e-05,0.0005538401872129,133.3125,133.4412,132.9,-0.000656137249954,0.0010587041910939,0.0,133.3825,133.12571499999999,0.2309608357443156,133.4994
2015-05-20,133.4994,0.0014947562635189,0.0006283398443321,133.3,133.5,132.9,-9.376904690630468e-05,0.000440546464547,0.0,133.38238,133.155685,0.23888385697103764,133.7
2015-05-21,133.7,0.0015015006597153,0.0006863512095701,133.4994,133.4,132.8964,0.0014947562635189,-0.0007493443587808,-2.708840300487117e-05,133.44238,133.19586500000003,0.2596562408976476,133.7
2015-05-22,133.7,0.0,0.0006866402397393,133.7,133.4,132.8981,0.0015015006597153,0.0,1.2791837302948933e-05,133.50238,133.23596,0.27283519488626334,133.7
2015-05-25,133.7,0.0,0.0006866748447768,133.7,133.3125,132.8983,0.0,-0.000656137249954,1.5049112780864738e-06,133.57987999999997,133.276045,0.2794284137026237,133.7
2015-05-26,133.7,0.0,0.000686862837766,133.7,133.3,132.8994,0.0,-9.376904690630468e-05,8.27697154652625e-06,133.65988,133.316075,0.279976775099012,133.9
2015-05-27,133.9,0.0014947685892295,0.000732409473236,133.7,133.4994,132.9,0.0,0.0014947562635189,4.514682877306417e-06,133.73999999999998,133.366075,0.29084295792356624,133.9
2015-05-28,133.9,0.0,0.0007317819712166,133.9,133.7,132.897,0.0014947685892295,0.0015015006597153,-2.2573618213457767e-05,133.78,133.416225,0.29217397460558503,133.9
2015-05-29,133.9,0.0,0.0007323728543057,133.9,133.7,132.9,0.0,0.0,2.257361821349496e-05,133.82,133.466225,0.2846509401926393,133.9
2015-06-01,133.9,0.0,0.0007323728543057,133.9,133.7,132.9,0.0,0.0,0.0,133.86,133.51622500000002,0.267251802937876,133.9
2015-06-03,133.9,0.0,0.0007038606770181,133.9,133.7,133.0714,0.0,0.0,0.0012888605596461,133.9,133.557655,0.258755327358978,133.9
2015-06-04,133.9,0.0,0.0007070280101234,133.9,133.9,133.1,0.0,0.0014947685892295,0.00021489912222,133.9,133.597655,0.24579453007654176,133.9
2015-06-05,133.9,0.0,0.000650118596094,133.9,133.9,133.3,0.0,0.0,0.0015015017835971,133.9,133.627655,0.24416324018495436,133.8966
2015-06-08,133.8966,-2.5392406028906447e-05,0.0006506048166153,133.9,133.9,133.3,0.0,0.0,0.0,133.89932,133.657485,0.2384020382831877,133.8979
2015-06-09,133.8979,9.708937263456257e-06,0.0006504330466688,133.8966,133.9,133.3,-2.5392406028906447e-05,0.0,0.0,133.8989,133.68738,0.2284967731884661,133.8
2015-06-10,133.8,-0.0007314215342331,0.0006526560188089,133.8979,133.9,133.4412,9.708937263456257e-06,0.0,0.0010587041910939,133.8789,133.70532,0.22214818806999656,133.7985
2015-06-11,133.7985,-1.1210825173080264e-05,0.0006493066977139,133.8,133.9,133.5,-0.0007314215342331,0.0,0.000440546464547,133.8586,133.720245,0.21760873014759352,133.7973
2015-06-12,133.7973,-8.968750630573674e-06,0.0006179840049012,133.7985,133.9,133.4,-1.1210825173080264e-05,0.0,-0.0007493443587808,133.83806,133.74011000000002,0.20457991332588019,134.0
2015-06-15,134.0,0.0015138318325867,0.000687600492125,133.7973,133.8966,133.4,-8.968750630573674e-06,-2.5392406028906447e-05,0.0,133.85874,133.77011,0.19588851257141685,133.9987
2015-06-16,133.9987,-9.701539596989404e-06,0.0006586141584759,134.0,133.8979,133.3125,0.0015138318325867,9.708937263456257e-06,-0.000656137249954,133.8789,133.80442,0.1698880175742161,133.9995
2015-06-17,133.9995,5.970189352128497e-06,0.0006561938920523,133.9987,133.8,133.3,-9.701539596989404e-06,-0.0007314215342331,-9.376904690630468e-05,133.9188,133.83939500000002,0.127223071660076,133.9986
2015-06-18,133.9986,-6.716465527192175e-06,0.000590276156449,133.9995,133.7985,133.4994,5.970189352128497e-06,-1.1210825173080264e-05,0.0014947562635189,133.95882,133.864355,0.10382629453216546,134.2
2015-06-19,134.2,0.0015018724024422,0.000590319744031,133.9986,133.7973,133.7,-6.716465527192175e-06,-8.968750630573674e-06,0.0015015006597153,134.03936,133.889355,0.12095303335739459,134.1
2015-06-22,134.1,-0.0007454342499485,0.0006252246110022,134.2,134.0,133.7,0.0015018724024422,0.0015138318325867,0.0,134.05936,133.909355,0.12106524758603604,133.9
2015-06-23,133.9,-0.0014925375905059,0.000725090273245,134.1,133.9987,133.7,-0.0007454342499485,-9.701539596989404e-06,0.0,134.03962,133.91935500000002,0.11067664834483296,133.9
2015-06-24,133.9,0.0,0.000725090273245,133.9,133.9995,133.7,-0.0014925375905059,5.970189352128497e-06,0.0,134.01972,133.929355,0.09813929125907507,133.8
2015-06-25,133.8,-0.0007471050029986,0.0006647913521267,133.9,133.9986,133.9,0.0,-6.716465527192175e-06,0.0014947685892295,133.98,133.92435500000002,0.10217788649624517,133.7126
2015-06-26,133.7126,-0.0006534271889229,0.0006787683954997,133.8,134.2,133.9,-0.0007471050029986,0.0015018724024422,0.0,133.88252000000003,133.914985,0.11259082071778223,133.7
2015-06-29,133.7,-9.423639730774655e-05,0.0006785837621452,133.7126,134.1,133.9,-0.0006534271889229,-0.0007454342499485,0.0,133.80252000000002,133.904985,0.1224425032173359,133.7
2015-06-30,133.7,0.0,0.0006785837621452,133.7,133.9,133.9,-9.423639730774655e-05,-0.0014925375905059,0.0,133.76252,133.894985,0.13075593280062497,133.7
2015-07-02,133.7,0.0,0.0006785837621452,133.7,133.9,133.9,0.0,0.0,0.0,133.72251999999997,133.884985,0.13780977837296776,133.6
2015-07-03,133.6,-0.0007482230053521,0.0006946807779016,133.7,133.8,133.9,0.0,-0.0007471050029986,0.0,133.68252,133.86998499999999,0.15171478873362973,133.6
2015-07-06,133.6,0.0,0.0006946807779016,133.6,133.7126,133.9,-0.0007482230053521,-0.0006534271889229,0.0,133.66,133.854985,0.16300164114280202,133.6
2015-07-07,133.6,0.0,0.0006948708612648,133.6,133.7,133.8966,0.0,-9.423639730774655e-05,-2.5392406028906447e-05,133.64000000000001,133.840155,0.17224647720636524,133.6
2015-07-08,133.6,0.0,0.0006947855683245,133.6,133.7,133.8979,0.0,0.0,9.708937263456257e-06,133.61999999999998,133.82526000000001,0.1797089529724194,133.6
2015-07-09,133.6,0.0,0.0006795120738624,133.6,133.7,133.8,0.0,0.0,-0.0007314215342331,133.6,133.81526,0.18662019518835757,133.6
2015-07-10,133.6,0.0,0.0006795719069479,133.6,133.6,133.7985,0.0,-0.0007482230053521,-1.1210825173080264e-05,133.6,133.805335,0.19273662221183538,133.6
2015-07-13,133.6,0.0,0.0006796201983385,133.6,133.6,133.7973,0.0,0.0,-8.968750630573674e-06,133.6,133.79547,0.198142989542399,133.8
2015-07-14,133.8,0.0014958865915829,0.0006774221357446,133.6,133.6,134.0,0.0,0.0,0.0015138318325867,133.64000000000001,133.78546999999998,0.1922361817347888,133.8
2015-07-15,133.8,0.0,0.0006774745866947,133.8,133.6,133.9987,0.0014958865915829,0.0,-9.701539596989404e-06,133.68,133.775535,0.18565818128622988,133.7992
2015-07-16,133.7992,-5.979091118352355e-06,0.0006774054313295,133.8,133.6,133.9995,0.0,0.0,5.970189352128497e-06,133.71984,133.76551999999998,0.17819326465385302,133.8
2015-07-17,133.8,5.9790911184472345e-06,0.0006774785278236,133.7992,133.6,133.9986,-5.979091118352355e-06,0.0,-6.716465527192175e-06,133.75984,133.75559,0.16985976224865507,133.7994
2015-07-20,133.7994,-4.484314987464478e-06,0.0005679180040951,133.8,133.6,134.2,5.9790911184472345e-06,0.0,0.0015018724024422,133.79972,133.73556,0.1346710393187711,133.8
2015-07-21,133.8,4.484314987409127e-06,0.0005510042537273,133.7994,133.8,134.1,-4.484314987464478e-06,0.0014958865915829,-0.0007454342499485,133.79972,133.72056,0.10548771138038456,133.7
2015-07-22,133.7,-0.0007476635862307,0.0004723359494968,133.8,133.8,133.9,4.484314987409127e-06,0.0,-0.0014925375905059,133.77972,133.71056,0.09669525863121828,133.6988
2015-07-23,133.6988,-8.975358154098884e-06,0.0004722654614454,133.7,133.7992,133.9,-0.0007476635862307,-5.979091118352355e-06,0.0,133.75964000000002,133.7005,0.08580154574538833,133.6971
2015-07-24,133.6971,-1.2715228618072687e-05,0.0004450382270826,133.6988,133.8,133.8,-8.975358154098884e-06,5.9790911184472345e-06,-0.0007471050029986,133.73906,133.695355,0.08254443437956006,133.6976
2015-07-27,133.6976,3.739789906026365e-06,0.0004208471616798,133.6971,133.7994,133.7126,-1.2715228618072687e-05,-4.484314987464478e-06,-0.0006534271889229,133.71869999999998,133.694605,0.082447587591597,133.7
2015-07-28,133.7,1.7950796866219372e-05,0.0004203510667627,133.6976,133.8,133.7,3.739789906026365e-06,4.484314987409127e-06,-9.423639730774655e-05,133.6987,133.694605,0.082447587591597,133.6
2015-07-29,133.6,-0.0007482230053521,0.0004524233665666,133.7,133.7,133.7,1.7950796866219372e-05,-0.0007476635862307,0.0,133.6787,133.689605,0.08509297988668908,133.6
2015-07-30,133.6,0.0,0.0004524233665666,133.6,133.6988,133.7,-0.0007482230053521,-8.975358154098884e-06,0.0,133.65893999999997,133.68460499999998,0.08735785124058035,133.6
2015-08-03,133.6,0.0,0.0004203510667627,133.6,133.6971,133.6,0.0,-1.2715228618072687e-05,-0.0007482230053521,133.63952,133.68460499999998,0.08735785124058035,133.5
2015-08-04,133.5,-0.0007487832622411,0.0004524697095046,133.6,133.6976,133.6,0.0,3.739789906026365e-06,0.0,133.6,133.67960499999998,0.09498406772057183,133.4993
2015-08-05,133.4993,-5.243459439769037e-06,0.0004524483931067,133.5,133.7,133.6,-0.0007487832622411,1.7950796866219372e-05,0.0,133.55986,133.67457,0.10184699613023705,133.4927
2015-08-06,133.4927,-4.943968359599863e-05,0.0004523666191333,133.4993,133.6,133.6,-5.243459439769037e-06,-0.0007482230053521,0.0,133.5384,133.669205,0.10858509864191854,133.75
2015-08-07,133.75,0.0019255910788474,0.000631009897788,133.4927,133.6,133.6,-4.943968359599863e-05,0.0,0.0,133.56840000000003,133.676705,0.10873367979034572,133.75
2015-08-10,133.75,0.0,0.000631009897788,133.75,133.6,133.6,0.0019255910788474,0.0,0.0,133.5984,133.684205,0.10833688910889114,133.75
2015-08-11,133.75,0.0,0.000631009897788,133.75,133.5,133.6,0.0,-0.0007487832622411,0.0,133.64839999999998,133.691705,0.10738868148088652,133.75
2015-08-12,133.75,0.0,0.0005323034812431,133.75,133.4993,133.8,0.0,-5.243459439769037e-06,0.0014958865915829,133.69854,133.689205,0.10529651098681277,133.8
2015-08-13,133.8,0.0003737619180121,0.0005395063921699,133.75,133.4927,133.8,0.0,-4.943968359599863e-05,0.0,133.76000000000002,133.689205,0.10529651098681277,133.9
2015-08-14,133.9,0.0007471050029987,0.0005647565451258,133.8,133.75,133.7992,0.0003737619180121,0.0019255910788474,-5.979091118352355e-06,133.79,133.694245,0.11297120017108025,133.9
2015-08-17,133.9,0.0,0.0005647757770647,133.9,133.75,133.8,0.0007471050029987,0.0,5.9790911184472345e-06,133.82000000000002,133.699245,0.11989871806822308,134.0
2015-08-18,134.0,0.0007465472537845,0.0005864012555079,133.9,133.75,133.7994,0.0,0.0,-4.484314987464478e-06,133.87000000000003,133.709275,0.13602416141673676,134.0
2015-08-19,134.0,0.0,0.0005864304559594,134.0,133.75,133.8,0.0007465472537845,0.0,4.484314987409127e-06,133.92000000000002,133.71927499999998,0.149708291317191,133.8967
2015-08-20,133.8967,-0.0007711928151387,0.00058818799363,134.0,133.8,133.7,0.0,0.0003737619180121,-0.0007476635862307,133.93934,133.72911000000002,0.154751488011364,133.9
2015-08-21,133.9,2.464556135422792e-05,0.0005879878642092,133.8967,133.9,133.6988,-0.0007711928151387,0.0007471050029987,-8.975358154098884e-06,133.93934000000002,133.73917,0.1591545197189862,134.0
2015-08-24,134.0,0.0007465472537845,0.0006062411520216,133.9,133.9,133.6971,2.464556135422792e-05,0.0,-1.2715228618072687e-05,133.95934000000003,133.754315,0.16904500261799896,134.1
2015-08-25,134.1,0.0007459903367213,0.0006217127184104,134.0,134.0,133.6976,0.0007465472537845,0.0007465472537845,3.739789906026365e-06,133.97934,133.774435,0.1851220486870574,134.2496
2015-08-26,134.2496,0.0011149635810736,0.0006568255617058,134.1,134.0,133.7,0.0007459903367213,0.0,1.7950796866219372e-05,134.02926000000002,133.80191499999998,0.21228970836684072,134.15
2015-08-27,134.15,-0.0007421769970733,0.0006563649304887,134.2496,133.8967,133.6,0.0011149635810736,-0.0007711928151387,-0.0007482230053521,134.07992000000002,133.82941499999998,0.22023193339969974,134.15
2015-08-28,134.15,0.0,0.0006563649304887,134.15,133.9,133.6,-0.0007421769970733,2.464556135422792e-05,0.0,134.12992,133.85691500000001,0.2243773238014553,134.3
2015-08-31,134.3,0.0011175266575587,0.0006849045579844,134.15,134.0,133.6,0.0,0.0007465472537845,0.0,134.18991999999997,133.891915,0.23646269153693186,134.5
2015-09-01,134.5,0.0014880955127017,0.0006938604351283,134.3,134.1,133.5,0.0011175266575587,0.0007459903367213,-0.0007487832622411,134.26992,133.94191500000002,0.25428408122119917,134.5
2015-09-02,134.5,0.0,0.0006937109154145,134.5,134.2496,133.4993,0.0014880955127017,0.0011149635810736,-5.243459439769037e-06,134.32,133.99195000000003,0.2609727037335958,134.5
2015-09-03,134.5,0.0,0.0006922113296004,134.5,134.15,133.4927,0.0,-0.0007421769970733,-4.943968359599863e-05,134.39000000000001,134.042315,0.2567160898823507,134.75
2015-09-04,134.75,0.0018570107472126,0.0006842545436361,134.5,134.15,133.75,0.0,0.0,0.0019255910788474,134.51,134.092315,0.29177585713080595,137.875
2015-09-07,137.875,0.02292626778456,0.0050842976782077,134.75,134.3,133.75,0.0018570107472126,0.0011175266575587,0.0,135.225,134.298565,0.8872866642119412,137.4985
2015-09-08,137.4985,-0.0027344696174541,0.0051634393330775,137.875,134.5,133.75,0.02292626778456,0.0014880955127017,0.0,135.8247,134.48599,1.1284449639769538,138.1655
2015-09-09,138.1655,0.0048392340070543,0.0052084563921232,137.4985,134.5,133.75,-0.0027344696174541,0.0,0.0,136.5578,134.706765,1.3806301620954864,138.7796
2015-09-10,138.7796,0.0044348212442906,0.0052362371526181,138.1655,134.5,133.8,0.0048392340070543,0.0,0.0003737619180121,137.41371999999998,134.95574499999998,1.6342162874514747,138.936
2015-09-11,138.936,0.0011263322372557,0.0052328061686591,138.7796,134.75,133.9,0.0044348212442906,0.0018570107472126,0.0007471050029987,138.25092,135.207545,1.8382251475591107,139.0345
2015-09-14,139.0345,0.000708708327846,0.0052220360035879,138.936,137.875,133.9,0.0011263322372557,0.02292626778456,0.0,138.48282,135.46427,1.9976317333776303,139.7679
2015-09-15,139.7679,0.0052610859278754,0.0052677693743964,139.0345,137.4985,134.0,0.000708708327846,-0.0027344696174541,0.0007465472537845,138.93670000000003,135.752665,2.1828738821881175,139.9898
2015-09-16,139.9898,0.0015863731117017,0.0052462704852732,139.7679,138.1655,134.0,0.0052610859278754,0.0048392340070543,0.0,139.30156,136.052155,2.335328473788212,140.6358
2015-09-17,140.6358,0.0046040071974789,0.0052244143920507,139.9898,138.7796,133.8967,0.0015863731117017,0.0044348212442906,-0.0007711928151387,139.6728,136.38911,2.4890757565782335,140.7891
2015-09-18,140.7891,0.001089455944821,0.0052037257776825,140.6358,138.936,133.9,0.0046040071974789,0.0011263322372557,2.464556135422792e-05,140.04342,136.733565,2.6006651253013517,140.5167
2015-09-21,140.5167,-0.0019366830342056,0.0052854895957336,140.7891,139.0345,134.0,0.001089455944821,0.000708708327846,0.0007465472537845,140.33986,137.0594,2.647959359877617,140.8342
2015-09-22,140.8342,0.0022569690360069,0.0052717706222969,140.5167,139.7679,134.1,-0.0019366830342056,0.0052610859278754,0.0007459903367213,140.55311999999998,137.39611,2.679804400341434,140.951
2015-09-23,140.951,0.000829000293054,0.0052759678711808,140.8342,139.9898,134.2496,0.0022569690360069,0.0015863731117017,0.0011149635810736,140.74535999999998,137.73118000000002,2.684624451749432,140.9578
2015-09-25,140.9578,4.824255221065111e-05,0.0052538252143234,140.951,140.6358,134.15,0.000829000293054,0.0046040071974789,-0.0007421769970733,140.80975999999998,138.07157,2.637840822396012,140.9568
2015-09-28,140.9568,-7.094347011576986e-06,0.0052540013548811,140.9578,140.7891,134.15,4.824255221065111e-05,0.001089455944821,0.0,140.8433,138.41190999999998,2.5426374046364284,141.2438
2015-09-29,141.2438,0.0020340148032883,0.0052455308293949,140.9568,140.5167,134.3,-7.094347011576986e-06,-0.0019366830342056,0.0011175266575587,140.98872,138.7591,2.4228742572196937,141.2335
2015-09-30,141.2335,-7.292621392634898e-05,0.0052732425615729,141.2438,140.8342,134.5,0.0020340148032883,0.0022569690360069,0.0014880955127017,141.06857999999997,139.09577499999997,2.2624136517067317,141.2334
2015-10-01,141.2334,-7.080475624471507e-07,0.0052732598250332,141.2335,140.951,134.5,-7.292621392634898e-05,0.000829000293054,0.0,141.12506,139.43244499999997,2.031762964173335,141.2575
2015-10-02,141.2575,0.0001706249656783,0.0052692368110654,141.2334,140.9578,134.5,-7.080475624471507e-07,4.824255221065111e-05,0.0,141.185,139.77032,1.7037385497415438,141.2601
2015-10-05,141.2601,1.840593294072489e-05,0.0052961157127119,141.2575,140.9568,134.75,0.0001706249656783,-7.094347011576986e-06,0.0018570107472126,141.24566,140.095825,1.2575778163037015,141.2243
2015-10-06,141.2243,-0.0002534653254598,0.0021749690079547,141.2601,141.2438,137.875,1.840593294072489e-05,0.0020340148032883,0.02292626778456,141.24176,140.26328999999998,1.1659430097479087,141.0307
2015-10-07,141.0307,-0.001371809394772,0.0020637263297422,141.2243,141.2335,137.4985,-0.0002534653254598,-7.292621392634898e-05,-0.0027344696174541,141.20120000000003,140.43990000000002,0.9773775723471171,140.5995
2015-10-08,140.5995,-0.003062173992303,0.0021001136447701,141.0307,141.2334,138.1655,-0.001371809394772,-7.080475624471507e-07,0.0048392340070543,141.07441999999998,140.5616,0.8177771688390115,140.5457
2015-10-09,140.5457,-0.0003827203925707,0.0019402988025524,140.5995,141.2575,138.7796,-0.003062173992303,0.0001706249656783,0.0044348212442906,140.93206,140.64990500000002,0.702446994033612,140.338
2015-10-12,140.338,-0.0014789041717697,0.0019921436205006,140.5457,141.2601,138.936,-0.0003827203925707,1.840593294072489e-05,0.0011263322372557,140.74764,140.720005,0.5820444000566365,140.3209
2015-10-13,140.3209,-0.0001218561037698,0.0019962609472016,140.338,141.2243,139.0345,-0.0014789041717697,-0.0002534653254598,0.000708708327846,140.56696,140.784325,0.43963827458412946,140.4809
2015-10-14,140.4809,0.0011395939578426,0.0016588239287354,140.3209,141.0307,139.7679,-0.0001218561037698,-0.001371809394772,0.0052610859278754,140.45700000000002,140.819975,0.3773789758672742,140.6841
2015-10-15,140.6841,0.0014454148658441,0.0016531567119557,140.4809,140.5995,139.9898,0.0011395939578426,-0.003062173992303,0.0015863731117017,140.47392,140.85469,0.3253380264477288,140.9312
2015-10-16,140.9312,0.0017548766946534,0.0013535921689132,140.6841,140.5457,140.6358,0.0014454148658441,-0.0003827203925707,0.0046040071974789,140.55102,140.86946,0.3215611333875952,140.9554
2015-10-19,140.9554,0.0001717002515158,0.0013338713976679,140.9312,140.338,140.7891,0.0017548766946534,-0.0014789041717697,0.001089455944821,140.6745,140.87777499999999,0.32152390899921485,140.9672
2015-10-20,140.9672,8.371091928703667e-05,0.0012485508227874,140.9554,140.3209,140.5167,0.0001717002515158,-0.0001218561037698,-0.0019366830342056,140.80375999999998,140.9003,0.31048764867407946,140.9901
2015-10-21,140.9901,0.0001624359436721,0.0011471306323574,140.9672,140.4809,140.8342,8.371091928703667e-05,0.0011395939578426,0.0022569690360069,140.9056,140.90809499999997,0.3106977384688777,141.0126
2015-10-22,141.0126,0.0001595729405976,0.0011330476701266,140.9901,140.6841,140.951,0.0001624359436721,0.0014454148658441,0.000829000293054,140.97129999999999,140.911175,0.31144986393046137,141.0638
2015-10-23,141.0638,0.0003630222206627,0.0011356169910726,141.0126,140.9312,140.9578,0.0001595729405976,0.0017548766946534,4.824255221065111e-05,140.99782,140.916475,0.3131821428249086,141.0489
2015-10-26,141.0489,-0.0001056315438038,0.0011360347118968,141.0638,140.9554,140.9568,0.0003630222206627,0.0001717002515158,-7.094347011576986e-06,141.01651999999999,140.92108000000002,0.3144807074329899,141.1087
2015-10-28,141.1087,0.0004238765916307,0.0010397095012692,141.0489,140.9672,141.2438,-0.0001056315438038,8.371091928703667e-05,0.0020340148032883,141.04482000000002,140.91432500000002,0.30857948367041377,140.8772
2015-10-29,140.8772,-0.0016419264368101,0.0010991932488952,141.1087,140.9901,141.2335,0.0004238765916307,0.0001624359436721,-7.292621392634898e-05,141.02223999999998,140.89651,0.2993293167631603,140.8543
2015-10-30,140.8543,-0.0001625661315857,0.0010988156975664,140.8772,141.0126,141.2334,-0.0016419264368101,0.0001595729405976,-7.080475624471507e-07,140.99058,140.877555,0.28868702130276064,140.9668
2015-11-02,140.9668,0.000798378872098,0.0011168056854334,140.8543,141.0638,141.2575,-0.0001625661315857,0.0003630222206627,0.0001706249656783,140.97118,140.86301999999998,0.27557068742643603,140.9771
2015-11-03,140.9771,7.30641805307854e-05,0.0011171852320544,140.9668,141.0489,141.2601,0.000798378872098,-0.0001056315438038,1.840593294072489e-05,140.95682,140.84886999999998,0.26098821727842386,141.0487
2015-11-04,141.0487,0.0005077549751709,0.0011246334424568,140.9771,141.1087,141.2243,7.30641805307854e-05,0.0004238765916307,-0.0002534653254598,140.94482,140.84009,0.25043380442800756,141.2663
2015-11-05,141.2663,0.0015415407831048,0.0011347104570199,141.0487,140.8772,141.0307,0.0005077549751709,-0.0016419264368101,-0.001371809394772,141.02264,140.85187,0.264989785464027,141.562
2015-11-06,141.562,0.0020910220635104,0.0009534239594601,141.2663,140.8543,140.5995,0.0015415407831048,-0.0001625661315857,-0.003062173992303,141.16418000000002,140.899995,0.30161371505741974,141.5214
2015-11-09,141.5214,-0.0002868412650009,0.000949827099445,141.562,140.9668,140.5457,0.0020910220635104,0.000798378872098,-0.0003827203925707,141.2751,140.94878,0.31965981355208134,141.901
2015-11-11,141.901,0.0026786889602303,0.0009837863020538,141.5214,140.9771,140.338,-0.0002868412650009,7.30641805307854e-05,-0.0014789041717697,141.45988000000003,141.02693000000002,0.3519111581666026,141.929
2015-11-12,141.929,0.0001973012020633,0.0009747973275287,141.901,141.0487,140.3209,0.0026786889602303,0.0005077549751709,-0.0001218561037698,141.63594,141.10733499999998,0.36555224589502927,141.9633
2015-11-13,141.9633,0.000241640933318,0.0009678240192669,141.929,141.2663,140.4809,0.0001973012020633,0.0015415407831048,0.0011395939578426,141.77534,141.181455,0.38177702428024646,142.0599
2015-11-16,142.0599,0.0006802261486019,0.0009443575519504,141.9633,141.562,140.6841,0.000241640933318,0.0020910220635104,0.0014454148658441,141.87492,141.250245,0.41032609426724764,142.1384
2015-11-17,142.1384,0.0005524311862271,0.0008964229647457,142.0599,141.5214,140.9312,0.0006802261486019,-0.0002868412650009,0.0017548766946534,141.99832,141.310605,0.4479864641455008,142.2944
2015-11-18,142.2944,0.0010969200151462,0.0009064012780935,142.1384,141.901,140.9554,0.0005524311862271,0.0026786889602303,0.0001717002515158,142.077,141.377555,0.49017620511149074,142.2797
2015-11-19,142.2797,-0.0001033122832547,0.0009115759247931,142.2944,141.929,140.9672,0.0010969200151462,0.0001973012020633,8.371091928703667e-05,142.14713999999998,141.44318,0.519337791483234,142.3063
2015-11-20,142.3063,0.0001869382195713,0.0009111665565871,142.2797,141.9633,140.9901,-0.0001033122832547,0.000241640933318,0.0001624359436721,142.21573999999998,141.50899,0.5418097654882122,142.4662
2015-11-23,142.4662,0.0011230018123561,0.000919619408448,142.3063,142.0599,141.0126,0.0001869382195713,0.0006802261486019,0.0001595729405976,142.29699999999997,141.58167,0.5685530536549819,142.6267
2015-11-24,142.6267,0.0011259488886347,0.0009288574875684,142.4662,142.1384,141.0638,0.0011230018123561,0.0005524311862271,0.0003630222206627,142.39466,141.65981499999998,0.600156315825775,142.8892
2015-11-26,142.8892,0.0018387772727303,0.0009578269659815,142.6267,142.2944,141.0489,0.0011259488886347,0.0010969200151462,-0.0001056315438038,142.51362,141.75182999999998,0.6412323497759078,143.0667
2015-11-27,143.0667,0.0012414503271091,0.0009651701178307,142.8892,142.2797,141.1087,0.0018387772727303,-0.0001033122832547,0.0004238765916307,142.67102,141.84972999999997,0.685794902652585,143.2074
2015-11-30,143.2074,0.0009829740890228,0.0007949874517471,143.0667,142.3063,140.8772,0.0012414503271091,0.0001869382195713,-0.0016419264368101,142.85124000000002,141.96624,0.7094082021241068,143.239
2015-12-01,143.239,0.0002206346466786,0.0007744047548887,143.2074,142.4662,140.8543,0.0009829740890228,0.0011230018123561,-0.0001625661315857,143.0058,142.085475,0.7130773818300808,143.2327
2015-12-02,143.2327,-4.398340220705993e-05,0.000799262888375,143.239,142.6267,140.9668,0.0002206346466786,0.0011259488886347,0.000798378872098,143.127,142.19877000000002,0.705955269254377,143.2318
2015-12-03,143.2318,-6.283501097047074e-06,0.0008032341752863,143.2327,142.8892,140.9771,-4.398340220705993e-05,0.0018387772727303,7.30641805307854e-05,143.19552,142.311505,0.6801537670212066,143.2498
2015-12-04,143.2498,0.0001256625208996,0.0008148443032214,143.2318,143.0667,141.0487,-6.283501097047074e-06,0.0012414503271091,0.0005077549751709,143.23214,142.42156,0.6420793838265632,143.2529
2015-12-07,143.2529,2.16402847173416e-05,0.0008103798708107,143.2498,143.2074,141.2663,0.0001256625208996,0.0009829740890228,0.0015415407831048,143.24124,142.52089,0.6066397664080384,143.2426
2015-12-08,143.2426,-7.190339816458284e-05,0.0007573141620178,143.2529,143.239,141.562,2.16402847173416e-05,0.0002206346466786,0.0020910220635104,143.24196,142.60492000000002,0.5827520368029756,143.2214
2015-12-09,143.2214,-0.000148011617786,0.000749448582097,143.2426,143.2327,141.5214,-7.190339816458284e-05,-4.398340220705993e-05,-0.0002868412650009,143.2397,142.68992,0.53870853322212,143.178
2015-12-10,143.178,-0.0003030732629481,0.0005940126420029,143.2214,143.2318,141.901,-0.000148011617786,-6.283501097047074e-06,0.0026786889602303,143.22894000000002,142.75376999999997,0.5154569593323408,143.2196
2015-12-11,143.2196,0.0002905052297406,0.0005923058967073,143.178,143.2498,141.929,-0.0003030732629481,0.0001256625208996,0.0001973012020633,143.22289999999998,142.8183,0.4867557087253255,143.276
2015-12-14,143.276,0.0003937233292837,0.0005904281547279,143.2196,143.2529,141.9633,0.0002905052297406,2.16402847173416e-05,0.000241640933318,143.22752,142.883935,0.45271092816124053,143.4938
2015-12-15,143.4938,0.0015189886932162,0.0006349855455898,143.276,143.2426,142.0599,0.0003937233292837,-7.190339816458284e-05,0.0006802261486019,143.27776,142.95562999999999,0.4282212095311365,143.4583
2015-12-16,143.4583,-0.0002474280563278,0.0006564769955114,143.4938,143.2214,142.1384,0.0015189886932162,-0.000148011617786,0.0005524311862271,143.32514,143.021625,0.3961525581370648,143.5647
2015-12-17,143.5647,0.0007414040329438,0.0006430607389707,143.4583,143.178,142.2944,-0.0002474280563278,-0.0003030732629481,0.0010969200151462,143.40248,143.08514,0.3746711742561204,143.5606
2015-12-18,143.5606,-2.855896014928988e-05,0.0006399193939235,143.5647,143.2196,142.2797,0.0007414040329438,0.0002905052297406,-0.0001033122832547,143.47068,143.149185,0.33736476160235185,143.5406
2015-12-21,143.5406,-0.0001393236951453,0.0006509908176076,143.5606,143.276,142.3063,-2.855896014928988e-05,0.0003937233292837,0.0001869382195713,143.5236,143.21089999999998,0.2836844447387369,143.5415
2015-12-22,143.5415,6.269983395035921e-06,0.0006363121303344,143.5406,143.4938,142.4662,-0.0001393236951453,0.0015189886932162,0.0011230018123561,143.53314,143.26466499999998,0.23237505811516584,143.5859
2015-12-23,143.5859,0.0003092703820943,0.0006113661504413,143.5415,143.4583,142.6267,6.269983395035921e-06,-0.0002474280563278,0.0011259488886347,143.55866,143.312625,0.18864538398043,143.6286
2015-12-28,143.6286,0.0002973387507565,0.0004985924949178,143.5859,143.5647,142.8892,0.0003092703820943,0.0007414040329438,0.0018387772727303,143.57144,143.349595,0.17310939483831653,143.6861
2015-12-29,143.6861,0.0004002579803098,0.0004437333630859,143.6286,143.5606,143.0667,0.0002973387507565,-2.855896014928988e-05,0.0012414503271091,143.59654,143.38056500000002,0.1752282128575474,143.8484
2015-12-30,143.8484,0.0011289081291929,0.000457980251043,143.6861,143.5406,143.2074,0.0004002579803098,-0.0001393236951453,0.0009829740890228,143.6581,143.41261500000002,0.1989092658849615,144.0623
2015-12-31,144.0623,0.0014858776652247,0.0005379894707283,143.8484,143.5415,143.239,0.0011289081291929,6.269983395035921e-06,0.0002206346466786,143.76226000000003,143.45378,0.2416816426560978,144.0716
2016-01-01,144.0716,6.455332054452234e-05,0.0005350188818874,144.0623,143.5859,143.2327,0.0014858776652247,0.0003092703820943,-4.398340220705993e-05,143.8594,143.495725,0.2721675023178786,144.2333
2016-01-04,144.2333,0.0011217292314857,0.0005607577740054,144.0716,143.6286,143.2318,6.455332054452234e-05,0.0002973387507565,-6.283501097047074e-06,143.98034,143.5458,0.3104867316039521,144.1833
2016-01-05,144.1833,-0.0003467206845993,0.0005802427723811,144.2333,143.6861,143.2498,0.0011217292314857,0.0004002579803098,0.0001256625208996,144.07978,143.59247499999998,0.3329973397269234,144.2318
2016-01-06,144.2318,0.0003363208130028,0.0005758401157271,144.1833,143.8484,143.2529,-0.0003467206845993,0.0011289081291929,2.16402847173416e-05,144.15646,143.64141999999998,0.35186498244413955,144.0106
2016-01-07,144.0106,-0.0015348196061569,0.0007085940310259,144.2318,144.0623,143.2426,0.0003363208130028,0.0014858776652247,-7.190339816458284e-05,144.14612,143.67982,0.3479349327809994,143.9415
2016-01-08,143.9415,-0.0004799409438334,0.0007225838566593,144.0106,144.0716,143.2214,-0.0015348196061569,6.455332054452234e-05,-0.000148011617786,144.1201,143.715825,0.3350189277477853,143.8175
2016-01-11,143.8175,-0.0008618323505094,0.0007551906569286,143.9415,144.2333,143.178,-0.0004799409438334,0.0011217292314857,-0.0003030732629481,144.03694000000002,143.7478,0.3106148418468661,143.7993
2016-01-12,143.7993,-0.0001265572805503,0.0007589721898713,143.8175,144.1833,143.2196,-0.0008618323505094,-0.0003467206845993,0.0002905052297406,143.96014,143.77678500000002,0.28469784768332956,143.745
2016-01-13,143.745,-0.0003776809392183,0.0007682589422569,143.7993,144.2318,143.276,-0.0001265572805503,0.0003363208130028,0.0003937233292837,143.86278,143.800235,0.2594762989921267,143.8047
2016-01-14,143.8047,0.0004152325727188,0.0007025931493988,143.745,144.0106,143.4938,-0.0003776809392183,-0.0015348196061569,0.0015189886932162,143.8216,143.81578000000002,0.24926371910024478,143.8161
2016-01-18,143.8161,7.92710402444445e-05,0.0006976699823469,143.8047,143.9415,143.4583,0.0004152325727188,-0.0004799409438334,-0.0002474280563278,143.79652,143.83367,0.2346691670745319,143.9308
2016-01-19,143.9308,0.0007972284398199,0.0007003741951506,143.8161,143.8175,143.5647,7.92710402444445e-05,-0.0008618323505094,0.0007414040329438,143.81918000000002,143.85197499999998,0.22672852501258037,143.9169
2016-01-20,143.9169,-9.657885062695788e-05,0.0007013355771691,143.9308,143.7993,143.5606,0.0007972284398199,-0.0001265572805503,-2.855896014928988e-05,143.8427,143.86979000000002,0.21639134109692962,143.8858
2016-01-21,143.8858,-0.0002161202804634,0.000703060924591,143.9169,143.745,143.5406,-9.657885062695788e-05,-0.0003776809392183,-0.0001393236951453,143.87086,143.88705,0.20204365728494444,143.9
2016-01-22,143.9,9.868450779387064e-05,0.0007025769435413,143.8858,143.8047,143.5415,-0.0002161202804634,0.0004152325727188,6.269983395035921e-06,143.88992000000002,143.904975,0.18495347025558112,143.9
2016-01-25,143.9,0.0,0.0007017042177121,143.9,143.8161,143.5859,9.868450779387064e-05,7.92710402444445e-05,0.0003092703820943,143.9067,143.92068,0.16908902848588753,143.9089
2016-01-26,143.9089,6.184659336675305e-05,0.0007003565940966,143.9,143.9308,143.6286,0.0,0.0007972284398199,0.0002973387507565,143.90231999999997,143.934695,0.15460144498395748,143.89
2016-01-27,143.89,-0.0001313417113628,0.0006983456365272,143.9089,143.9169,143.6861,6.184659336675305e-05,-9.657885062695788e-05,0.0004002579803098,143.89694,143.94489000000002,0.1436827531552559,143.8972
2016-01-28,143.8972,5.003697177309311e-05,0.0006524814288976,143.89,143.8858,143.8484,-0.0001313417113628,-0.0002161202804634,0.0011289081291929,143.89921999999999,143.94733,0.1423662588520701,143.9208
2016-01-29,143.9208,0.0001639925234204,0.0005556142739239,143.8972,143.9,144.0623,5.003697177309311e-05,9.868450779387064e-05,0.0014858776652247,143.90338,143.940255,0.1398456873300199,143.9
2016-02-01,143.9,-0.0001445343771973,0.0005553295560411,143.9208,143.9,144.0716,0.0001639925234204,0.0,6.455332054452234e-05,143.90338000000003,143.93167499999998,0.13658930701607283,143.9071
2016-02-02,143.9071,4.933860215024536e-05,0.0004822250136157,143.9,143.9089,144.2333,-0.0001445343771973,6.184659336675305e-05,0.0011217292314857,143.90302000000003,143.915365,0.11670523035043735,143.9
2016-02-03,143.9,-4.933860215014462e-05,0.0004792213024235,143.9071,143.89,144.1833,4.933860215024536e-05,-0.0001313417113628,-0.0003467206845993,143.90502,143.9012,0.09819853132466795,143.9296
2016-02-05,143.9296,0.0002056772486523,0.0004738449251297,143.9,143.8972,144.2318,-4.933860215014462e-05,5.003697177309311e-05,0.0003363208130028,143.9115,143.88609000000002,0.060767043323975214,143.9046
2016-02-08,143.9046,-0.0001737111160721,0.0003350890388779,143.9296,143.9208,144.0106,0.0002056772486523,0.0001639925234204,-0.0015348196061569,143.90826,143.88079,0.05352722747031522,143.9091
2016-02-09,143.9091,3.127022793126681e-05,0.000318600409484,143.9046,143.9,143.9415,-0.0001737111160721,-0.0001445343771973,-0.0004799409438334,143.91008,143.87917,0.052063413526478065,143.9
2016-02-10,143.9,-6.323636051136806e-05,0.0002487814505364,143.9091,143.9071,143.8175,3.127022793126681e-05,4.933860215024536e-05,-0.0008618323505094,143.90866,143.883295,0.05015332755527618,143.9
2016-02-11,143.9,0.0,0.0002462216174444,143.9,143.9,143.7993,-6.323636051136806e-05,-4.933860215014462e-05,-0.0001265572805503,143.90866,143.88833,0.046173951150639284,143.897
2016-02-12,143.897,-2.084802829862763e-05,0.0002269155035533,143.9,143.9296,143.745,0.0,0.0002056772486523,-0.0003776809392183,143.90214,143.89593,0.031527032287450636,143.8989
2016-02-15,143.8989,1.3203801722125235e-05,0.0002103238548235,143.897,143.9046,143.8047,-2.084802829862763e-05,-0.0001737111160721,0.0004152325727188,143.90099999999998,143.90064,0.023087188896983375,143.9207
2016-02-16,143.9207,0.0001514837769331,0.0002117794624671,143.8989,143.9091,143.8161,1.3203801722125235e-05,3.127022793126681e-05,7.92710402444445e-05,143.90331999999998,143.90587,0.012216644237393277,143.9004
2016-02-17,143.9004,-0.0001410598460896,0.000117133367312,143.9207,143.9,143.9308,0.0001514837769331,-6.323636051136806e-05,0.0007972284398199,143.9034,143.90435,0.010755389180524324,143.9
2016-02-18,143.9,-2.779704267117639e-06,0.0001153726212396,143.9004,143.9,143.9169,-0.0001410598460896,0.0,-9.657885062695788e-05,143.9034,143.903505,0.01037463767809325,143.93
2016-02-19,143.93,0.0002084563812571,0.00011369971113,143.9,143.897,143.8858,-2.779704267117639e-06,-2.084802829862763e-05,-0.0002161202804634,143.91,143.90571500000001,0.011087843110549566,143.9192
2016-02-23,143.9192,-7.503929144209082e-05,0.000113634662842,143.93,143.8989,143.9,0.0002084563812571,1.3203801722125235e-05,9.868450779387064e-05,143.91406,143.906675,0.011393943525122787,143.8943
2016-02-24,143.8943,-0.000173028715207,0.0001205457728353,143.9192,143.9207,143.9,-7.503929144209082e-05,0.0001514837769331,0.0,143.90877999999998,143.90639,0.011638361098281242,143.883
2016-02-25,143.883,-7.853294895595224e-05,0.0001207205166364,143.8943,143.9004,143.9089,-0.000173028715207,-0.0001410598460896,6.184659336675305e-05,143.90529999999998,143.905095,0.012733769921891576,143.9
2016-02-26,143.9,0.0001181445743479,0.0001203025303487,143.883,143.9,143.89,-7.853294895595224e-05,-2.779704267117639e-06,-0.0001313417113628,143.90529999999998,143.905595,0.012298756959096841,144.354
2016-02-29,144.354,0.0031500022577431,0.0007142518838674,143.9,143.93,143.8972,0.0001181445743479,0.0002084563812571,5.003697177309311e-05,143.9901,143.928435,0.10090046816218902,143.9165
2016-03-01,143.9165,-0.0030353458706486,0.0010099926954708,144.354,143.9192,143.9208,0.0031500022577431,-7.503929144209082e-05,0.0001639925234204,143.98956,143.92821999999998,0.10092217208054129,143.9108
2016-03-02,143.9108,-3.960708383648416e-05,0.0010094829630975,143.9165,143.8943,143.9,-0.0030353458706486,-0.000173028715207,-0.0001445343771973,143.99286,143.92876,0.10079203903703586,144.2556
2016-03-03,144.2556,0.0023930629285621,0.0011423460488608,143.9108,143.883,143.9071,-3.960708383648416e-05,-7.853294895595224e-05,4.933860215024536e-05,144.06738,143.94618499999999,0.12424599644747465,144.1154
2016-03-04,144.1154,-0.0009723586008743,0.0011679456032304,144.2556,143.9,143.9,0.0023930629285621,0.0001181445743479,-4.933860215014462e-05,144.11046000000002,143.95695500000002,0.12926616544150998,143.9
2016-03-08,143.9,-0.0014957536309456,0.0012187691438403,144.1154,144.354,143.9296,-0.0009723586008743,0.0031500022577431,0.0002056772486523,144.01966,143.95547499999998,0.1297643323452402,143.9089
2016-03-09,143.9089,6.184659336675305e-05,0.00121824477398,143.9,143.9165,143.9046,-0.0014957536309456,-0.0030353458706486,-0.0001737111160721,144.01814,143.95569,0.12967913794217933,144.0067
2016-03-10,144.0067,0.0006793657847058,0.00122766162764,143.9089,143.9108,143.9091,6.184659336675305e-05,-3.960708383648416e-05,3.127022793126681e-05,144.03732,143.96057000000002,0.12967002687611828,144.3571
2016-03-11,144.3571,0.002430264634192,0.0013388558543257,144.0067,144.2556,143.9,0.0006793657847058,0.0023930629285621,-6.323636051136806e-05,144.05762,143.98342499999998,0.15603513386929355,143.9
2016-03-14,143.9,-0.0031714770122648,0.0015324446368616,144.3571,144.1154,143.9,0.002430264634192,-0.0009723586008743,0.0,144.01453999999998,143.98342499999998,0.15603513386929355,143.9
2016-03-15,143.9,0.0,0.0015324367998228,143.9,143.9,143.897,-0.0031714770122648,-0.0014957536309456,-2.084802829862763e-05,144.01453999999998,143.983575,0.15594909713218927,143.898
2016-03-16,143.898,-1.3898637238867654e-05,0.0015324374628168,143.9,143.9089,143.8989,0.0,6.184659336675305e-05,1.3203801722125235e-05,144.01236,143.98353,0.15597494426493738,143.9
2016-03-17,143.9,1.38986372388955e-05,0.0015320289311882,143.898,144.0067,143.9207,-1.3898637238867654e-05,0.0006793657847058,0.0001514837769331,143.99102000000002,143.98249500000003,0.15648166346767117,143.9
2016-03-18,143.9,0.0,0.0015317048722575,143.9,144.3571,143.9004,1.38986372388955e-05,0.002430264634192,-0.0001410598460896,143.89960000000002,143.982475,0.15649273348366188,143.9
2016-03-21,143.9,0.0,0.0015317047461439,143.9,143.9,143.9,0.0,-0.0031714770122648,-2.779704267117639e-06,143.89960000000002,143.982475,0.15649273348366188,143.93
2016-03-23,143.93,0.0002084563812571,0.0015317047461439,143.9,143.9,143.93,0.0,0.0,0.0002084563812571,143.9056,143.982475,0.15649273348366188,143.9035
2016-03-24,143.9035,-0.0001841342308999,0.0015321802249404,143.93,143.898,143.9192,0.0002084563812571,-1.3898637238867654e-05,-7.503929144209082e-05,143.9067,143.98169000000001,0.15686577190817338,143.895
2016-03-28,143.895,-5.906910565876812e-05,0.0015317360758865,143.9035,143.9,143.8943,-0.0001841342308999,1.38986372388955e-05,-0.000173028715207,143.9057,143.981725,0.15684532391241032,143.9
2016-03-29,143.9,3.4746955301472966e-05,0.0015316388869499,143.895,143.9,143.883,-5.906910565876812e-05,0.0,-7.853294895595224e-05,143.9057,143.98257500000003,0.15632734835502823,143.89
2016-03-30,143.89,-6.949511799605788e-05,0.0015314898796813,143.9,143.9,143.9,3.4746955301472966e-05,0.0,0.0001181445743479,143.90370000000001,143.982075,0.15662107424081417,143.9
2016-03-31,143.9,6.949511799604011e-05,0.0013406635217953,143.89,143.93,144.354,-6.949511799605788e-05,0.0002084563812571,0.0031500022577431,143.89770000000001,143.959375,0.13062105839554414,143.9
2016-04-01,143.9,0.0,0.0011569546856238,143.9,143.9035,143.9165,6.949511799604011e-05,-0.0001841342308999,-0.0030353458706486,143.89700000000002,143.95855,0.13095778137108266,143.9
2016-04-04,143.9,0.0,0.0011569275488055,143.9,143.895,143.9108,0.0,-5.906910565876812e-05,-3.960708383648416e-05,143.898,143.95801,0.13118710573895265,143.9
2016-04-05,143.9,0.0,0.0010104740484939,143.9,143.9,144.2556,0.0,3.4746955301472966e-05,0.0023930629285621,143.898,143.94022999999999,0.1113254738738464,143.9
2016-04-06,143.9,0.0,0.0009906757915536,143.9,143.89,144.1154,0.0,-6.949511799605788e-05,-0.0009723586008743,143.9,143.92946,0.10364106266384664,143.9
2016-04-07,143.9,0.0,0.0009325098271579,143.9,143.9,143.9,0.0,6.949511799604011e-05,-0.0014957536309456,143.9,143.92946,0.10364106266384664,143.9
2016-04-08,143.9,0.0,0.0009323964801015,143.9,143.9,143.9089,0.0,0.0,6.184659336675305e-05,143.9,143.929015,0.10375303293772219,143.9
2016-04-11,143.9,0.0,0.0009184966067944,143.9,143.9,144.0067,0.0,0.0,0.0006793657847058,143.9,143.92368000000002,0.1022810399500125,143.9
2016-04-12,143.9,0.0,0.0007125733422072,143.9,143.9,144.3571,0.0,0.0,0.002430264634192,143.9,143.900825,0.007354329309907496,143.9
2016-04-15,143.9,0.0,6.962360273828194e-05,143.9,143.9,143.9,0.0,0.0,-0.0031714770122648,143.9,143.900825,0.007354329309907496,143.9
2016-04-18,143.9,0.0,6.962360273828194e-05,143.9,143.9,143.9,0.0,0.0,0.0,143.9,143.900825,0.007354329309907496,143.9
2016-04-19,143.9,0.0,6.954689609932335e-05,143.9,143.9,143.898,0.0,0.0,-1.3898637238867654e-05,143.9,143.900925,0.007327443125425014,143.9
2016-04-20,143.9,0.0,6.947742188074591e-05,143.9,143.9,143.9,0.0,0.0,1.38986372388955e-05,143.9,143.900925,0.007327443125425014,143.9
2016-04-22,143.9,0.0,6.947742188074591e-05,143.9,143.9,143.9,0.0,0.0,0.0,143.9,143.900925,0.007327443125425014,143.9024
2016-04-25,143.9024,1.6678109703374235e-05,6.957743972265038e-05,143.9,143.9,143.9,0.0,0.0,0.0,143.90048,143.901045,0.007331148514773673,143.9
2016-04-26,143.9,-1.667810970344413e-05,4.954778848327636e-05,143.9024,143.9,143.93,1.6678109703374235e-05,0.0,0.0002084563812571,143.90048,143.899545,0.0027034970764221,143.9
2016-04-27,143.9,0.0,2.798720885785143e-05,143.9,143.9,143.9035,-1.667810970344413e-05,0.0,-0.0001841342308999,143.90048000000002,143.89937,0.002542497036237411,143.9
2016-04-28,143.9,0.0,2.445451728246003e-05,143.9,143.9,143.895,0.0,0.0,-5.906910565876812e-05,143.90048000000002,143.89962,0.002326862948044658,143.9
2016-04-29,143.9,0.0,2.318740758217697e-05,143.9,143.9,143.9,0.0,0.0,3.4746955301472966e-05,143.90048,143.89962,0.002326862948044658,143.9
2016-05-03,143.9,0.0,1.645474102325918e-05,143.9,143.9024,143.89,0.0,1.6678109703374235e-05,-6.949511799605788e-05,143.9,143.90012000000002,0.0005366333840741716,145.73
2016-05-04,145.73,0.012636980652283,0.0028257199578584,143.9,143.9,143.9,0.0,-1.667810970344413e-05,6.949511799604011e-05,144.26600000000002,143.99162,0.40917254573811085,145.73
2016-05-05,145.73,0.0,0.0028257199578584,145.73,143.9,143.9,0.012636980652283,0.0,0.0,144.632,144.08311999999998,0.5632213303156602,145.73
2016-05-06,145.73,0.0,0.0028257199578584,145.73,143.9,143.9,0.0,0.0,0.0,144.998,144.17462,0.6703645069554274,145.7617
2016-05-09,145.7617,0.0002175019057143,0.0028235779589226,145.73,143.9,143.9,0.0,0.0,0.0,145.37034,144.267705,0.7542334313036054,145.715
2016-05-10,145.715,-0.0003204372795464,0.0028283220700049,145.7617,143.9,143.9,0.0002175019057143,0.0,0.0,145.73334,144.358455,0.8144496982632943,145.7327
2016-05-11,145.7327,0.0001214626159118,0.002827035667284,145.715,145.73,143.9,-0.0003204372795464,0.012636980652283,0.0,145.73388,144.45009,0.8618727094170632,145.75
2016-05-12,145.75,0.0001187034429165,0.002825761596119,145.7327,145.73,143.9,0.0001214626159118,0.0,0.0,145.73788,144.54259,0.8982353688004733,145.75
2016-05-13,145.75,0.0,0.002825761596119,145.75,145.73,143.9,0.0001187034429165,0.0,0.0,145.74187999999998,144.63509,0.9234802815412996,145.74
2016-05-16,145.74,-6.861298846561702e-05,0.0028266193626096,145.75,145.7617,143.9,0.0,0.0002175019057143,0.0,145.73754000000002,144.72709,0.9379341683080458,145.74
2016-05-17,145.74,0.0,0.0028266193626096,145.74,145.715,143.9,-6.861298846561702e-05,-0.0003204372795464,0.0,145.74254000000002,144.81909000000002,0.9427652042769665,145.725
2016-05-18,145.725,-0.0001029283105227,0.0028279302874511,145.74,145.7327,143.9,0.0,0.0001214626159118,0.0,145.74099999999999,144.91034,0.9374302395802552,145.75
2016-05-19,145.75,0.0001715412989882,0.002826178112617,145.725,145.75,143.9,-0.0001029283105227,0.0001187034429165,0.0,145.74099999999999,145.00284,0.9236612111736389,145.75
2016-05-20,145.75,0.0,0.002826178112617,145.75,145.75,143.9,0.0001715412989882,0.0,0.0,145.74099999999999,145.09534,0.8997285446618206,145.75
2016-05-24,145.75,0.0,0.002826178112617,145.75,145.74,143.9,0.0,-6.861298846561702e-05,0.0,145.743,145.18784,0.8647888281176305,145.75
2016-05-25,145.75,0.0,0.0028263737662369,145.75,145.74,143.9024,0.0,0.0,1.6678109703374235e-05,145.74499999999998,145.28022,0.8176449239480463,145.75
2016-05-26,145.75,0.0,0.0028261729324839,145.75,145.725,143.9,0.0,-0.0001029283105227,-1.667810970344413e-05,145.75,145.37272000000002,0.7555716626815542,145.75
2016-05-27,145.75,0.0,0.0028261729324839,145.75,145.75,143.9,0.0,0.0001715412989882,0.0,145.75,145.46522,0.6747004486007051,145.75
2016-05-30,145.75,0.0,0.0028261729324839,145.75,145.75,143.9,0.0,0.0,0.0,145.75,145.55772,0.5670447031247889,145.75
2016-05-31,145.75,0.0,0.0028261729324839,145.75,145.75,143.9,0.0,0.0,0.0,145.75,145.65022,0.41212320663489693,145.955
2016-06-01,145.955,0.0014055297903593,0.0028269297114445,145.75,145.75,143.9,0.0,0.0,0.0,145.791,145.75296999999998,0.048954738220851945,145.908
2016-06-02,145.908,-0.0003220689186796,0.0003424599236045,145.955,145.75,145.73,0.0014055297903593,0.0,0.012636980652283,145.8226,145.76187,0.05958507473439131,145.95
2016-06-03,145.95,0.0002878111978421,0.0003457910715142,145.908,145.75,145.73,-0.0003220689186796,0.0,0.0,145.86260000000001,145.77287,0.07233490876351638,145.925
2016-06-06,145.925,-0.0001713062102688,0.0003498554553735,145.95,145.75,145.73,0.0002878111978421,0.0,0.0,145.8976,145.78262,0.07907987018147979,145.9
2016-06-07,145.9,-0.0001713355611148,0.0003518419375876,145.925,145.75,145.7617,-0.0001713062102688,0.0,0.0002175019057143,145.9276,145.789535,0.08309885203789906,145.75
2016-06-08,145.75,-0.0010286302981382,0.0004198713921004,145.9,145.955,145.715,-0.0001713355611148,0.0014055297903593,-0.0003204372795464,145.8866,145.791285,0.0818050522794015,145.7458
2016-06-09,145.7458,-2.8816881754632613e-05,0.0004191535948156,145.75,145.908,145.7327,-0.0010286302981382,-0.0003220689186796,0.0001214626159118,145.85416,145.79194,0.08136253097621683,145.548
2016-06-10,145.548,-0.0013580792341033,0.0005167012585683,145.7458,145.95,145.75,-2.8816881754632613e-05,0.0002878111978421,0.0001187034429165,145.77375999999998,145.78184000000002,0.09773350648049188,145.0131
2016-06-13,145.0131,-0.0036818459474312,0.000958073174294,145.548,145.925,145.75,-0.0013580792341033,-0.0001713062102688,0.0,145.59138000000002,145.744995,0.19792093703125208,144.7474
2016-06-14,144.7474,-0.0018339288789808,0.0010194982571193,145.0131,145.9,145.74,-0.0036818459474312,-0.0001713355611148,-6.861298846561702e-05,145.36086,145.695365,0.29825716076393277,144.725
2016-06-15,144.725,-0.0001547643232633,0.0010173532427371,144.7474,145.75,145.74,-0.0018339288789808,-0.0010286302981382,0.0,145.15586000000002,145.644615,0.3683743837166176,144.75
2016-06-16,144.75,0.0001727264880362,0.0010227217544507,144.725,145.7458,145.725,-0.0001547643232633,-2.8816881754632613e-05,-0.0001029283105227,144.9567,145.595865,0.41830718031724806,144.5893
2016-06-17,144.5893,-0.0011108067001189,0.0010294254543028,144.75,145.548,145.75,0.0001727264880362,-0.0013580792341033,0.0001715412989882,144.76496,145.53783,0.47276851582185314,144.5
2016-06-20,144.5,-0.0006178022004988,0.0010260616947886,144.5893,145.0131,145.75,-0.0011108067001189,-0.0036818459474312,0.0,144.66234,145.47533,0.5231806230063464,144.5385
2016-06-21,144.5385,0.000266400498395,0.0010336478430458,144.5,144.7474,145.75,-0.0006178022004988,-0.0018339288789808,0.0,144.62056,145.414755,0.558638455202898,145.1935
2016-06-22,145.1935,0.0045214274975732,0.0015130183979103,144.5385,144.725,145.75,0.000266400498395,-0.0001547643232633,0.0,144.71426000000002,145.38693,0.5549083139771691,145.25
2016-06-23,145.25,0.0003890601835653,0.0015180996219789,145.1935,144.75,145.75,0.0045214274975732,0.0001727264880362,0.0,144.81426000000002,145.36193,0.5489210230557683,145.25
2016-06-24,145.25,0.0,0.0015180996219789,145.25,144.5893,145.75,0.0003890601835653,-0.0011108067001189,0.0,144.94639999999998,145.33693,0.5416544587747012,145.25
2016-06-27,145.25,0.0,0.0015180996219789,145.25,144.5,145.75,0.0,-0.0006178022004988,0.0,145.0964,145.31193000000002,0.5330563069646143,145.25
2016-06-28,145.25,0.0,0.0015180996219789,145.25,144.5385,145.75,0.0,0.000266400498395,0.0,145.23870000000002,145.28693,0.5230609052541659,145.25
2016-06-29,145.25,0.0,0.0014731029314871,145.25,145.1935,145.955,0.0,0.0045214274975732,0.0014055297903593,145.25,145.25168000000002,0.49886484571430595,145.25
2016-06-30,145.25,0.0,0.0014739428386369,145.25,145.25,145.908,0.0,0.0003890601835653,-0.0003220689186796,145.25,145.21878,0.47440018813247126,145.25
2016-07-01,145.25,0.0,0.0014700622576105,145.25,145.25,145.95,0.0,0.0,0.0002878111978421,145.25,145.18378,0.4423529926191444,145.25
2016-07-04,145.25,0.0,0.0014709846968466,145.25,145.25,145.925,0.0,0.0,-0.0001713062102688,145.25,145.15003000000002,0.40717537806233306,145.246
2016-07-05,145.246,-2.7539105531561363e-05,0.0014716471610784,145.25,145.25,145.9,0.0,0.0,-0.0001713355611148,145.2492,145.11733,0.36816854131773874,145.246
2016-07-07,145.246,0.0,0.0014599981975035,145.246,145.25,145.75,-2.7539105531561363e-05,0.0,-0.0010286302981382,145.2484,145.09213,0.33865036009874516,145.25
2016-07-08,145.25,2.753910553156876e-05,0.0014603458625021,145.246,145.25,145.7458,0.0,0.0,-2.8816881754632613e-05,145.2484,145.06734,0.3047298067663917,145.25
2016-07-11,145.25,0.0,0.0014335413153094,145.25,145.25,145.548,2.753910553156876e-05,0.0,-0.0013580792341033,145.2484,145.05244000000002,0.28674537462484617,145.25
2016-07-12,145.25,0.0,0.0011600043309712,145.25,145.25,145.0131,0.0,0.0,-0.0036818459474312,145.2484,145.064285,0.28991028784833994,145.2477
2016-07-13,145.2477,-1.583489301314347e-05,0.001069714754587,145.25,145.246,144.7474,0.0,-2.7539105531561363e-05,-0.0018339288789808,145.24874,145.0893,0.28262132741674256,145.25
2016-07-14,145.25,1.5834893013287857e-05,0.0010676457954317,145.2477,145.246,144.725,-1.583489301314347e-05,0.0,-0.0001547643232633,145.24954,145.11555,0.27115253325336147,145.25
2016-07-15,145.25,0.0,0.0010684149978462,145.25,145.25,144.75,1.5834893013287857e-05,2.753910553156876e-05,0.0001727264880362,145.24954,145.14055000000002,0.25842643557784956,145.25
2016-07-18,145.25,0.0,0.0010262368217209,145.25,145.25,144.5893,0.0,0.0,-0.0011108067001189,145.24954,145.173585,0.22421520970559602,145.25
2016-07-20,145.25,0.0,0.0010085856015901,145.25,145.25,144.5,0.0,0.0,-0.0006178022004988,145.24954,145.211085,0.15880710659595929,145.25
2016-07-21,145.25,0.0,0.0010102383322567,145.25,145.2477,144.5385,0.0,-1.583489301314347e-05,0.000266400498395,145.25,145.24666,0.012579070966739766,145.75
2016-07-22,145.75,0.003436429498581,0.0007688239567192,145.25,145.25,145.1935,0.0,1.5834893013287857e-05,0.0045214274975732,145.35,145.274485,0.11193207174105359,145.75
2016-07-25,145.75,0.0,0.0007684781134479,145.75,145.25,145.25,0.003436429498581,0.0,0.0003890601835653,145.45,145.299485,0.15407824140249426,145.75
2016-07-26,145.75,0.0,0.0007684781134479,145.75,145.25,145.25,0.0,0.0,0.0,145.55,145.324485,0.1834001929918328,145.75
2016-07-27,145.75,0.0,0.0007684781134479,145.75,145.25,145.25,0.0,0.0,0.0,145.65,145.34948500000002,0.20546378666692822,145.7466
2016-07-28,145.7466,-2.3327887873449084e-05,0.0007687702774787,145.75,145.25,145.25,0.0,0.0,0.0,145.74931999999998,145.374315,0.22213846618223504,145.7466
2016-07-29,145.7466,0.0,0.0007687702774787,145.7466,145.75,145.25,-2.3327887873449084e-05,0.003436429498581,0.0,145.74864,145.399145,0.23489928289616496,145.75
2016-08-01,145.75,2.3327887873566883e-05,0.0007685153830884,145.7466,145.75,145.25,0.0,0.0,0.0,145.74864,145.424145,0.24459749848065832,145.75
2016-08-02,145.75,0.0,0.0007685153830884,145.75,145.75,145.25,2.3327887873566883e-05,0.0,0.0,145.74864,145.449145,0.25132132807856566,145.745
2016-08-03,145.745,-3.430590576503535e-05,0.0007689572235003,145.75,145.75,145.25,0.0,0.0,0.0,145.74764,145.473895,0.2550238367595523,145.7471
2016-08-04,145.7471,1.4408623767250434e-05,0.000768446796756,145.745,145.7466,145.246,-3.430590576503535e-05,-2.3327887873449084e-05,-2.7539105531561363e-05,145.74774000000002,145.49894999999998,0.25606904594115626,145.6167
2016-08-05,145.6167,-0.0008951009611105,0.0008042362741513,145.7471,145.7466,145.246,1.4408623767250434e-05,0.0,0.0,145.72176,145.51748500000002,0.2501437697126027,145.6
2016-08-08,145.6,-0.0001146912249079,0.0008057935611172,145.6167,145.75,145.25,-0.0008951009611105,2.3327887873566883e-05,2.753910553156876e-05,145.69176,145.53498499999998,0.24257410207953337,145.6
2016-08-09,145.6,0.0,0.0008057935611172,145.6,145.75,145.25,-0.0001146912249079,0.0,0.0,145.66176000000002,145.552485,0.2333832633914574,145.6
2016-08-10,145.6,0.0,0.0008057935611172,145.6,145.745,145.25,0.0,-3.430590576503535e-05,0.0,145.63276000000002,145.569985,0.2223703294522341,145.6
2016-08-11,145.6,0.0,0.0008056604897945,145.6,145.7471,145.2477,0.0,1.4408623767250434e-05,-1.583489301314347e-05,145.60333999999997,145.5876,0.20905177141367778,145.5
2016-08-12,145.5,-0.0006870491510383,0.0008255795441471,145.6,145.6167,145.25,0.0,-0.0008951009611105,1.5834893013287857e-05,145.57999999999998,145.6001,0.19479074055217127,145.5
2016-08-15,145.5,0.0,0.0008255795441471,145.5,145.6,145.25,-0.0006870491510383,-0.0001146912249079,0.0,145.56,145.6126,0.17848046030338835,145.5
2016-08-16,145.5,0.0,0.0008255795441471,145.5,145.6,145.25,0.0,0.0,0.0,145.54,145.6251,0.15949347775672412,145.5
2016-08-18,145.5,0.0,0.0008255795441471,145.5,145.6,145.25,0.0,0.0,0.0,145.51999999999998,145.6376,0.1367191164956033,145.5
2016-08-19,145.5,0.0,0.0008255795441471,145.5,145.6,145.25,0.0,0.0,0.0,145.5,145.6501,0.10778272967095144,145.5
2016-08-22,145.5,0.0,0.0002451111083829,145.5,145.5,145.75,0.0,-0.0006870491510383,0.003436429498581,145.5,145.6376,0.1100598448432344,145.5
2016-08-23,145.5,0.0,0.0002451111083829,145.5,145.5,145.75,0.0,0.0,0.0,145.5,145.6251,0.110816400907497,145.5
2016-08-24,145.5,0.0,0.0002451111083829,145.5,145.5,145.75,0.0,0.0,0.0,145.5,145.6126,0.11008375268333075,145.5111
2016-08-25,145.5111,7.628574996199454e-05,0.0002471026276001,145.5,145.5,145.75,0.0,0.0,0.0,145.50222000000002,145.600655,0.10731656295189547,145.8525
2016-08-26,145.8525,0.0023434647035006,0.0005964629471947,145.5111,145.5,145.7466,7.628574996199454e-05,0.0,-2.3327887873449084e-05,145.57272,145.60594999999998,0.11706616875942837,145.6
2016-08-29,145.6,-0.0017327013024243,0.0007158942509264,145.8525,145.5,145.7466,0.0023434647035006,0.0,0.0,145.59272,145.59862,0.11228808614039949,145.6286
2016-08-30,145.6286,0.0001964092818627,0.0007178747799984,145.6,145.5,145.75,-0.0017327013024243,0.0,2.3327887873566883e-05,145.61844000000002,145.59255000000002,0.10682244724986731,145.62
2016-08-31,145.62,-5.90560778833072e-05,0.0007178158394799,145.6286,145.5,145.75,0.0001964092818627,0.0,0.0,145.64244000000002,145.58605,0.10050600125908622,145.5564
2016-09-01,145.5564,-0.0004368485976984,0.0007231353311421,145.62,145.5111,145.745,-5.90560778833072e-05,7.628574996199454e-05,-3.430590576503535e-05,145.6515,145.57662,0.0934043815868966,145.5118
2016-09-02,145.5118,-0.0003064573893613,0.0007248441554497,145.5564,145.8525,145.7471,-0.0004368485976984,0.0023434647035006,1.4408623767250434e-05,145.58336,145.56485500000002,0.08526524836411574,145.4911
2016-09-05,145.4911,-0.0001422666236997,0.0006994327347397,145.5118,145.6,145.6167,-0.0003064573893613,-0.0017327013024243,-0.0008951009611105,145.56158,145.558575,0.08586899967344848,145.4175
2016-09-06,145.4175,-0.0005060008646726,0.0007069719330955,145.4911,145.6286,145.6,-0.0001422666236997,0.0001964092818627,-0.0001146912249079,145.51935999999998,145.54945,0.09079097726260862,145.4175
2016-09-07,145.4175,0.0,0.0007069719330955,145.4175,145.62,145.6,-0.0005060008646726,-5.90560778833072e-05,0.0,145.47886,145.540325,0.09453688141169307,145.4333
2016-09-08,145.4333,0.0001086467702035,0.0007078959774279,145.4175,145.5564,145.6,0.0,-0.0004368485976984,0.0,145.45424,145.53199,0.09633030279477446,145.4214
2016-09-09,145.4214,-8.182779928702245e-05,0.0007077839621984,145.4333,145.5118,145.6,0.0001086467702035,-0.0003064573893613,0.0,145.43616,145.52306,0.09795834439466808,145.1558
2016-09-13,145.1558,-0.0018280861262849,0.0008007535155041,145.4214,145.4911,145.5,-8.182779928702245e-05,-0.0001422666236997,-0.0006870491510383,145.36909999999997,145.50584999999998,0.12788674461058716,145.2978
2016-09-14,145.2978,0.00097778103844,0.0008373753492187,145.1558,145.4175,145.5,-0.0018280861262849,-0.0005060008646726,0.0,145.34516000000002,145.49574,0.13610207227917584,145.5983
2016-09-15,145.5983,0.0020660304960423,0.000964232008834,145.2978,145.4175,145.5,0.00097778103844,0.0,0.0,145.38132000000002,145.500655,0.13802535407725997,145.8126
2016-09-19,145.8126,0.0014707757234256,0.001016205891856,145.5983,145.4333,145.5,0.0020660304960423,0.0001086467702035,0.0,145.45718,145.51628499999998,0.1546459938723372,145.75
2016-09-20,145.75,-0.0004294103630707,0.0010231053178409,145.8126,145.4214,145.5,0.0014707757234256,-8.182779928702245e-05,0.0,145.5229,145.528785,0.1631313298822971,145.7706
2016-09-21,145.7706,0.0001413279201145,0.0010229693088107,145.75,145.1558,145.5,-0.0004294103630707,-0.0018280861262849,0.0,145.64586,145.54231499999997,0.17161914458809124,146.022
2016-09-22,146.022,0.0017231421372928,0.001085392108093,145.7706,145.2978,145.5,0.0001413279201145,0.00097778103844,0.0,145.7907,145.56841500000002,0.20187182293320519,145.9
2016-09-23,145.9,-0.0008358397592692,0.0011084952554493,146.022,145.5983,145.5,0.0017231421372928,0.0020660304960423,0.0,145.85103999999998,145.588415,0.21417656574751803,146.2704
2016-09-26,146.2704,0.0025355080352808,0.001231001270305,145.9,145.8126,145.5111,-0.0008358397592692,0.0014707757234256,7.628574996199454e-05,145.9426,145.62638,0.26176119404924164,146.3273
2016-09-27,146.3273,0.0003889299247209,0.0011303842670698,146.2704,145.75,145.8525,0.0025355080352808,-0.0004294103630707,0.0023434647035006,146.05806,145.65012000000002,0.3018143705806592,146.3385
2016-09-28,146.3385,7.653781210826688e-05,0.0010394717088754,146.3273,145.7706,145.6,0.0003889299247209,0.0001413279201145,-0.0017327013024243,146.17164000000002,145.68704499999998,0.3383265527011337,146.4824
2016-09-29,146.4824,0.0009828534205308,0.0010520191469739,146.3385,146.022,145.6286,7.653781210826688e-05,0.0017231421372928,0.0001964092818627,146.26372,145.72973499999998,0.38165548704150526,146.7229
2016-09-30,146.7229,0.0016404891312416,0.0010900971905901,146.4824,145.9,145.62,0.0009828534205308,-0.0008358397592692,-5.90560778833072e-05,146.4283,145.78488,0.44015982931367176,146.8753
2016-10-03,146.8753,0.001038153596906,0.0010819849998202,146.7229,146.2704,145.5564,0.0016404891312416,0.0025355080352808,-0.0004368485976984,146.54928,145.85082500000001,0.4989942852212335,146.7257
2016-10-04,146.7257,-0.0010190701867275,0.0011193309449441,146.8753,146.3273,145.5118,0.001038153596906,0.0003889299247209,-0.0003064573893613,146.62896,145.91152,0.5285382668755213,146.6698
2016-10-05,146.6698,-0.0003810556104397,0.0011268405811528,146.7257,146.3385,145.4911,-0.0010190701867275,7.653781210826688e-05,-0.0001422666236997,146.69522,145.970455,0.5446616617092703,146.753
2016-10-06,146.753,0.0005670997770435,0.0011066245415931,146.6698,146.4824,145.4175,-0.0003810556104397,0.0009828534205308,-0.0005060008646726,146.74934,146.03723,0.5550680196099397,146.7414
2016-10-07,146.7414,-7.90475048656418e-05,0.001108482624451,146.753,146.7229,145.4175,0.0005670997770435,0.0016404891312416,0.0,146.75304,146.103425,0.5562120088494518,146.8469
2016-10-10,146.8469,0.0007186935211047,0.0011068962685123,146.7414,146.8753,145.4333,-7.90475048656418e-05,0.001038153596906,0.0001086467702035,146.74736,146.174105,0.5563905523894553,146.85
2016-10-11,146.85,2.11101989848175e-05,0.001104364925925,146.8469,146.7257,145.4214,0.0007186935211047,-0.0010190701867275,-8.182779928702245e-05,146.77222,146.24553500000002,0.5462823072452513,146.9
2016-10-12,146.9,0.0003404255352026,0.0009622277900497,146.85,146.6698,145.1558,2.11101989848175e-05,-0.0003810556104397,-0.0018280861262849,146.81826,146.332745,0.5004604831643266,146.9
2016-10-13,146.9,0.0,0.0009667038332282,146.9,146.753,145.2978,0.0003404255352026,0.0005670997770435,0.00097778103844,146.84766000000002,146.41285499999998,0.451958780664214,146.9
2016-10-14,146.9,0.0,0.0009043650791542,146.9,146.7414,145.5983,0.0,-7.90475048656418e-05,0.0020660304960423,146.87938000000003,146.47794000000002,0.42116113352619833,146.8976
2016-10-17,146.8976,-1.6337778116909264e-05,0.000876289480141,146.9,146.8469,145.8126,0.0,0.0007186935211047,0.0014707757234256,146.88952,146.53218999999999,0.4003112774005318,146.8778
2016-10-18,146.8778,-0.0001347968552164,0.0008645292869052,146.8976,146.85,145.75,-1.6337778116909264e-05,2.11101989848175e-05,-0.0004294103630707,146.89508,146.58858,0.3619218941229482,146.9
2016-10-19,146.9,0.0001511346333335,0.0008643863361016,146.8778,146.9,145.7706,-0.0001347968552164,0.0003404255352026,0.0001413279201145,146.89508,146.64505000000003,0.3122815539207296,146.9
2016-10-20,146.9,0.0,0.0008081278006261,146.9,146.9,146.022,0.0001511346333335,0.0,0.0017231421372928,146.89508,146.68895,0.2801446627672526,146.9
2016-10-21,146.9,0.0,0.0007668703515478,146.9,146.9,145.9,0.0,0.0,-0.0008358397592692,146.89508,146.73895000000002,0.2131517385710365,146.9
2016-10-24,146.9,0.0,0.0005691814375553,146.9,146.8976,146.2704,0.0,-1.6337778116909264e-05,0.0025355080352808,146.89556,146.77042999999998,0.18493495321049838,146.9
2016-10-25,146.9,0.0,0.0005695613692047,146.9,146.8778,146.3273,0.0,-0.0001347968552164,0.0003889299247209,146.9,146.79906499999998,0.1545524480828542,146.9
2016-10-26,146.9,0.0,0.0005706574737811,146.9,146.9,146.3385,0.0,0.0001511346333335,7.653781210826688e-05,146.9,146.82714,0.11148433155402851,146.9
2016-10-27,146.9,0.0,0.0005404406998762,146.9,146.9,146.4824,0.0,0.0,0.0009828534205308,146.9,146.84802000000002,0.07742221612974454,146.9667
2016-10-28,146.9667,0.0004539473247251,0.0004187513331392,146.9,146.9,146.7229,0.0,0.0,0.0016404891312416,146.91334,146.86021,0.07586268670851704,147.1136
2016-10-31,147.1136,0.0009990469420654,0.0004141223468248,146.9667,146.9,146.8753,0.0004539473247251,0.0,0.001038153596906,146.95606,146.872125,0.09472598625224497,147.3963
2016-11-01,147.3963,0.0019198002296519,0.0005128503925707,147.1136,146.9,146.7257,0.0009990469420654,0.0,-0.0010190701867275,147.05532,146.905655,0.1453346716623581,147.3963
2016-11-02,147.3963,0.0,0.0004958283496837,147.3963,146.9,146.6698,0.0019198002296519,0.0,-0.0003810556104397,147.15457999999998,146.94198,0.17168453191153968,147.4
2016-11-03,147.4,2.5102078962271476e-05,0.0004922138153154,147.3963,146.9,146.753,0.0,0.0,0.0005670997770435,147.25457999999998,146.97433,0.19374079556475116,147.73
2016-11-04,147.73,0.0022363035782805,0.0006613954918996,147.4,146.9667,146.7414,2.5102078962271476e-05,0.0004539473247251,-7.90475048656418e-05,147.40724,147.02376,0.2493242116152668,147.7283
2016-11-07,147.7283,-1.1507546073448492e-05,0.0006592929488556,147.73,147.1136,146.8469,0.0022363035782805,0.0009990469420654,0.0007186935211047,147.53018,147.06783000000001,0.2908555928049817,147.7085
2016-11-08,147.7085,-0.0001340388200091,0.0006636358614455,147.7283,147.3963,146.85,-1.1507546073448492e-05,0.0019198002296519,2.11101989848175e-05,147.59261999999998,147.11075499999998,0.31900334670342684,147.7471
2016-11-09,147.7471,0.0002612913765696,0.0006635644192665,147.7085,147.3963,146.9,-0.0001340388200091,0.0,0.0003404255352026,147.66278,147.15311000000003,0.3447453627374615,147.7471
2016-11-10,147.7471,0.0,0.0006635644192665,147.7471,147.4,146.9,0.0002612913765696,2.5102078962271476e-05,0.0,147.7322,147.195465,0.36353660967816814,147.75
2016-11-11,147.75,1.9627942203931548e-05,0.0006631312113549,147.7471,147.73,146.9,0.0,0.0022363035782805,0.0,147.7362,147.237965,0.3766265052687874,147.75
2016-11-15,147.75,0.0,0.0006627459065497,147.75,147.7283,146.8976,1.9627942203931548e-05,-1.1507546073448492e-05,-1.6337778116909264e-05,147.74054,147.28058500000003,0.38423575444932606,147.7475
2016-11-16,147.7475,-1.6920616926049868e-05,0.0006592910797942,147.75,147.7085,146.8778,0.0,-0.0001340388200091,-0.0001347968552164,147.74834,147.32407,0.3854635037298809,147.746
2016-11-17,147.746,-1.0152507584826454e-05,0.0006621262021348,147.7475,147.7471,146.9,-1.6920616926049868e-05,0.0002612913765696,0.0001511346333335,147.74812,147.36637000000002,0.38288818633379357,147.747
2016-11-18,147.747,6.768349842491465e-06,0.0006619734387525,147.746,147.7471,146.9,-1.0152507584826454e-05,0.0,0.0,147.74810000000002,147.40872,0.37535749075449687,147.95
2016-11-21,147.95,0.0013730273346793,0.0007006583911229,147.747,147.75,146.9,6.768349842491465e-06,1.9627942203931548e-05,0.0,147.78810000000001,147.46122,0.3738867455487426,147.95
2016-11-22,147.95,0.0,0.0007006583911229,147.95,147.75,146.9,0.0013730273346793,0.0,0.0,147.8281,147.51372,0.36453630758760047,147.95
2016-11-23,147.95,0.0,0.0007006583911229,147.95,147.7475,146.9,0.0,-1.6920616926049868e-05,0.0,147.8686,147.56622,0.3466691636463019,147.9481
2016-11-24,147.9481,-1.284225887229676e-05,0.000701007724031,147.95,147.746,146.9,0.0,-1.0152507584826454e-05,0.0,147.90902,147.618625,0.3187531826004347,147.9481
2016-11-25,147.9481,0.0,0.000701007724031,147.9481,147.747,146.9,-1.284225887229676e-05,6.768349842491465e-06,0.0,147.94923999999997,147.67103,0.2779316880703589,147.95
2016-11-28,147.95,1.2842258872203105e-05,0.0007046759020344,147.9481,147.95,146.9667,0.0,0.0013730273346793,0.0004539473247251,147.94924,147.720195,0.229538898083933,147.95
2016-11-29,147.95,0.0,0.0006902705107083,147.95,147.95,147.1136,1.2842258872203105e-05,0.0,0.0009990469420654,147.94923999999997,147.762015,0.1850957938242682,147.95
2016-11-30,147.95,0.0,0.0005745237032418,147.95,147.95,147.3963,0.0,0.0,0.0019198002296519,147.94924,147.78969999999998,0.16814941968016073,147.95
2016-12-01,147.95,0.0,0.0005745237032418,147.95,147.9481,147.3963,0.0,-1.284225887229676e-05,0.0,147.94961999999998,147.817385,0.14378596391057624,147.964
2016-12-02,147.964,9.462208621736553e-05,0.0005736993190346,147.95,147.9481,147.4,0.0,0.0,2.5102078962271476e-05,147.9528,147.84558499999997,0.10862649306965746,148.1
2016-12-05,148.1,0.0009187203413171,0.0003636704107197,147.964,147.95,147.73,9.462208621736553e-05,1.2842258872203105e-05,0.0022363035782805,147.9828,147.864085,0.11892427598117013,148.3
2016-12-06,148.3,0.0013495278701333,0.0004531111633478,148.1,147.95,147.7283,0.0009187203413171,0.0,-1.1507546073448492e-05,148.0528,147.89267,0.14937747336595023,148.3
2016-12-07,148.3,0.0,0.0004489899739839,148.3,147.95,147.7085,0.0013495278701333,0.0,-0.0001340388200091,148.1228,147.922245,0.16834558580399794,148.6548
2016-12-08,148.6548,0.0023895903944293,0.0006647142986684,148.3,147.95,147.7471,0.0,0.0,0.0002612913765696,148.26376,147.96762999999999,0.22978589364349228,148.6929
2016-12-09,148.6929,0.000256265645966,0.0006609597282801,148.6548,147.964,147.7471,0.0023895903944293,9.462208621736553e-05,0.0,148.40954,148.01492,0.2749053225952038,148.6874
2016-12-14,148.6874,-3.698967282391649e-05,0.0006624292741998,148.6929,148.1,147.75,0.000256265645966,0.0009187203413171,1.9627942203931548e-05,148.52702,148.06179,0.30556217365712973,148.6874
2016-12-15,148.6874,0.0,0.0006624292741998,148.6874,148.3,147.75,-3.698967282391649e-05,0.0013495278701333,0.0,148.6045,148.10866,0.326402683766568,149.095
2016-12-16,149.095,0.0027375711563626,0.0008494586361104,148.6874,148.3,147.7475,0.0,0.0,-1.6920616926049868e-05,148.76350000000002,148.176035,0.3822287662292065,149.0933
2016-12-19,149.0933,-1.1402191165865412e-05,0.0008494946161614,149.095,148.6548,147.746,0.0027375711563626,0.0023895903944293,-1.0152507584826454e-05,148.8512,148.2434,0.419370573436676,149.08
2016-12-20,149.08,-8.92098655970213e-05,0.0008524194393414,149.0933,148.6929,147.747,-1.1402191165865412e-05,0.000256265645966,6.768349842491465e-06,148.92862,148.31005,0.44165978984937976,149.0425
2016-12-21,149.0425,-0.0002515744380099,0.0008370075308658,149.08,148.6874,147.95,-8.92098655970213e-05,-3.698967282391649e-05,0.0013730273346793,148.99964,148.364675,0.46188248772792545,149.295
2016-12-22,149.295,0.0016927141930886,0.0008822136461402,149.0425,148.6874,147.95,-0.0002515744380099,0.0,0.0,149.12115999999997,148.431925,0.49505295925755427,149.295
2016-12-23,149.295,0.0,0.0008822136461402,149.295,149.095,147.95,0.0016927141930886,0.0027375711563626,0.0,149.16116000000002,148.49917499999998,0.5170089440803317,149.4231
2016-12-27,149.4231,0.0008576648542717,0.0008795171450092,149.295,149.0933,147.9481,0.0,-1.1402191165865412e-05,-1.284225887229676e-05,149.22712,148.572925,0.5389970811814654,149.5
2016-12-28,149.5,0.0005145136103326,0.0008717354340022,149.4231,149.08,147.9481,0.0008576648542717,-8.92098655970213e-05,0.0,149.31112000000002,148.65051999999997,0.5557584344327207,149.7975
2016-12-29,149.7975,0.0019879891945585,0.0009215081768735,149.5,149.0425,147.95,0.0005145136103326,-0.0002515744380099,1.2842258872203105e-05,149.46212,148.742895,0.5859159877319023,149.8
2016-12-30,149.8,1.6689057819653005e-05,0.000920924094055,149.7975,149.295,147.95,0.0019879891945585,0.0016927141930886,0.0,149.56312,148.835395,0.6000138967213166,149.9747
2017-01-02,149.9747,0.001165542120648,0.0009164032450785,149.8,149.295,147.95,1.6689057819653005e-05,0.0,0.0,149.69906,148.93662999999998,0.6134217198552464,150.0
2017-01-03,150.0,0.0001686808924885,0.0009105769947301,149.9747,149.4231,147.95,0.001165542120648,0.0008576648542717,0.0,149.81444000000002,149.03913,0.611152057976573,150.0
2017-01-04,150.0,0.0,0.0009140616830523,150.0,149.5,147.964,0.0001686808924885,0.0005145136103326,9.462208621736553e-05,149.91444,149.14093,0.5919073434516958,149.9992
2017-01-05,149.9992,-5.33334755557445e-06,0.0009248269518711,150.0,149.7975,148.1,0.0,0.0019879891945585,0.0009187203413171,149.95478,149.23588999999998,0.5679823874867,150.0
2017-01-06,150.0,5.333347555669348e-06,0.0009191545830874,149.9992,149.8,148.3,-5.33334755557445e-06,1.6689057819653005e-05,0.0013495278701333,149.99478000000002,149.32089000000002,0.5473837226876728,149.9983
2017-01-09,149.9983,-1.1333397556070632e-05,0.0009195278446797,150.0,149.9747,148.3,5.333347555669348e-06,0.001165542120648,0.0,149.99949999999998,149.40580500000002,0.5112114934104042,150.0
2017-01-10,150.0,1.1333397556091034e-05,0.0008201518217584,149.9983,150.0,148.6548,-1.1333397556070632e-05,0.0001686808924885,0.0023895903944293,149.99949999999998,149.473065,0.4954523539098549,149.9828
2017-01-11,149.9828,-0.0001146732413915,0.0008289209188068,150.0,150.0,148.6929,1.1333397556091034e-05,0.0,0.000256265645966,149.99606,149.53756,0.47194825248225736,150.0
2017-01-13,150.0,0.0001146732413914,0.0008250907592079,149.9828,149.9992,148.6874,-0.0001146732413915,-5.33334755557445e-06,-3.698967282391649e-05,149.99622,149.60318999999998,0.43751094406754526,150.0402
2017-01-16,150.0402,0.0002679640944149,0.000819737331093,150.0,150.0,148.6874,0.0001146732413914,5.333347555669348e-06,0.0,150.00426,149.67083,0.3905262118972251,150.1222
2017-01-17,150.1222,0.0005463709114791,0.0006205335261535,150.0402,149.9983,149.095,0.0002679640944149,-1.1333397556070632e-05,0.0027375711563626,150.02903999999998,149.72219,0.3781604656196702,150.1363
2017-01-18,150.1363,9.391907313454156e-05,0.0006178058997115,150.1222,150.0,149.0933,0.0005463709114791,1.1333397556091034e-05,-1.1402191165865412e-05,150.05630000000002,149.77434,0.35826287227727727,150.15
2017-01-19,150.15,9.12462540548206e-05,0.0006123697284983,150.1363,149.9828,149.08,9.391907313454156e-05,-0.0001146732413915,-8.92098655970213e-05,150.08974,149.82783999999998,0.32770821644565273,150.1424
2017-01-20,150.1424,-5.061733165158769e-05,0.0006034319104177,150.15,150.0,149.0425,9.12462540548206e-05,0.0001146732413914,-0.0002515744380099,150.11822,149.882835,0.2774091510740315,150.15
2017-01-23,150.15,5.06173316515111e-05,0.0005195295837517,150.1424,150.0402,149.295,-5.061733165158769e-05,0.0002679640944149,0.0016927141930886,150.14018000000002,149.925585,0.24617460693493134,150.1478
2017-01-24,150.1478,-1.465212199393194e-05,0.0005199635585151,150.15,150.1222,149.295,5.06173316515111e-05,0.0005463709114791,0.0,150.1453,149.96822500000002,0.20089477173397513,150.15
2017-01-25,150.15,1.465212199385644e-05,0.0005050349689943,150.1478,150.1363,149.4231,-1.465212199393194e-05,9.391907313454156e-05,0.0008576648542717,150.14804,150.00457,0.15832630884715373,150.2494
2017-01-26,150.2494,0.0006617856335783,0.0005102542055445,150.15,150.15,149.5,1.465212199385644e-05,9.12462540548206e-05,0.0005145136103326,150.16792,150.04204000000001,0.11551896800033062,150.25
2017-01-27,150.25,3.993352399380301e-06,0.0003069343949448,150.2494,150.1424,149.7975,0.0006617856335783,-5.061733165158769e-05,0.0019879891945585,150.18944000000002,150.06466500000002,0.10924567795591915,150.25
2017-01-30,150.25,0.0,0.0003073406323498,150.25,150.15,149.8,3.993352399380301e-06,5.06173316515111e-05,1.6689057819653005e-05,150.20944,150.087165,0.09758511666299406,150.2429
2017-01-31,150.2429,-4.7255692239837664e-05,0.0001958364982771,150.25,150.1478,149.9747,0.0,-1.465212199393194e-05,0.001165542120648,150.22845999999998,150.100575,0.09972137417725466,150.3246
2017-02-01,150.3246,0.0005436382976348,0.000220257342364,150.2429,150.15,150.0,-4.7255692239837664e-05,1.465212199385644e-05,0.0001686808924885,150.26338,150.116805,0.1085178396412968,150.5
2017-02-02,150.5,0.0011661281682186,0.0003213079612991,150.3246,150.2494,150.0,0.0005436382976348,0.0006617856335783,0.0,150.3135,150.141805,0.13464208087161905,150.5
2017-02-03,150.5,0.0,0.0003211601191853,150.5,150.25,149.9992,0.0011661281682186,3.993352399380301e-06,-5.33334755557445e-06,150.3635,150.166845,0.15215448328431866,150.5
2017-02-06,150.5,0.0,0.0003213033019223,150.5,150.25,150.0,0.0,0.0,5.333347555669348e-06,150.4135,150.191845,0.1639197089858867,150.75
2017-02-07,150.75,0.0016597514183644,0.0004599999185936,150.5,150.2429,149.9983,0.0,-4.7255692239837664e-05,-1.1333397556070632e-05,150.51492000000002,150.22943,0.19951895324631352,150.75
2017-02-08,150.75,0.0,0.0004603162032484,150.75,150.3246,150.0,0.0016597514183644,0.0005436382976348,1.1333397556091034e-05,150.6,150.26693,0.22320375885639507,150.75
2017-02-09,150.75,0.0,0.0004562390836426,150.75,150.5,149.9828,0.0,0.0011661281682186,-0.0001146732413915,150.65,150.30528999999999,0.2372845745850428,150.7474
2017-02-13,150.7474,-1.7247246577021872e-05,0.0004593195171503,150.75,150.5,150.0,0.0,0.0,0.0001146732413914,150.69948,150.34266,0.24538952358104982,150.7306
2017-02-14,150.7306,-0.0001114509185902,0.0004662568271222,150.7474,150.5,150.0402,-1.7247246577021872e-05,0.0,0.0002679640944149,150.7456,150.37718,0.2491339875588717,150.7456
2017-02-15,150.7456,9.951034285544438e-05,0.0004609520100742,150.7306,150.75,150.1222,-0.0001114509185902,0.0016597514183644,0.0005463709114791,150.74472,150.40834999999998,0.2544937440428572,150.7416
2017-02-16,150.7416,-2.653512321736767e-05,0.0004632910111958,150.7456,150.75,150.1363,9.951034285544438e-05,0.0,9.391907313454156e-05,150.74304,150.438615,0.2564226778789363,150.7482
2017-02-17,150.7482,4.3782575735907776e-05,0.000464004785145,150.7416,150.75,150.15,-2.653512321736767e-05,0.0,9.12462540548206e-05,150.74268,150.468525,0.25587325160803503,150.8214
2017-02-20,150.8214,0.0004854600824326,0.0004643217473313,150.7482,150.7474,150.1424,4.3782575735907776e-05,-1.7247246577021872e-05,-5.061733165158769e-05,150.75748000000002,150.502475,0.2553699583452939,151.1245
2017-02-21,151.1245,0.002007645090112,0.0006091336394664,150.8214,150.7306,150.15,0.0004854600824326,-0.0001114509185902,5.06173316515111e-05,150.83626,150.5512,0.27665829763725586,151.2426
2017-02-22,151.2426,0.0007811696841729,0.0006118713004724,151.1245,150.7456,150.1478,0.002007645090112,9.951034285544438e-05,-1.465212199393194e-05,150.93566,150.60594,0.2999674988866805,151.235
2017-02-23,151.235,-5.025165500917337e-05,0.0006139859406916,151.2426,150.7416,150.15,0.0007811696841729,-2.653512321736767e-05,1.465212199385644e-05,151.03434000000001,150.66019,0.3110765227718992,151.25
2017-02-27,151.25,9.91784717408505e-05,0.0006123178529978,151.235,150.7482,150.2494,-5.025165500917337e-05,4.3782575735907776e-05,0.0006617856335783,151.1347,150.71022,0.3218099186735047,151.25
2017-02-28,151.25,0.0,0.0006124310383981,151.25,150.8214,150.25,9.91784717408505e-05,0.0004854600824326,3.993352399380301e-06,151.22042000000002,150.76022,0.32421815684856564,151.25
2017-03-01,151.25,0.0,0.0006124310383981,151.25,151.1245,150.25,0.0,0.002007645090112,0.0,151.24552,150.81022000000002,0.3184494383872846,151.2476
2017-03-02,151.2476,-1.586789448934006e-05,0.0006114483246067,151.25,151.2426,150.2429,0.0,0.0007811696841729,-4.7255692239837664e-05,151.24651999999998,150.860455,0.30312139559427254,151.25
2017-03-03,151.25,1.5867894489297796e-05,0.0006132762931538,151.2476,151.235,150.3246,-1.586789448934006e-05,-5.025165500917337e-05,0.0005436382976348,151.24952,150.906725,0.28723321689530507,151.25
2017-03-06,151.25,0.0,0.0005819147188215,151.25,151.25,150.5,1.5867894489297796e-05,9.91784717408505e-05,0.0011661281682186,151.24952,150.94422500000002,0.28021072867921243,151.2371
2017-03-07,151.2371,-8.529289353375871e-05,0.0005841404120734,151.25,151.25,150.5,0.0,0.0,0.0,151.24694,150.98108000000002,0.2668645518226992,151.2534
2017-03-08,151.2534,0.0001077719797201,0.0005822623793235,151.2371,151.25,150.5,-8.529289353375871e-05,0.0,0.0,151.24761999999998,151.01875,0.24788120344127076,151.35
2017-03-09,151.35,0.0006384594705903,0.0004894812102908,151.2534,151.2476,150.75,0.0001077719797201,-1.586789448934006e-05,0.0016597514183644,151.2681,151.04875,0.24994280707581243,151.35
2017-03-10,151.35,0.0,0.0004894812102908,151.35,151.25,150.75,0.0006384594705903,1.5867894489297796e-05,0.0,151.28810000000001,151.07875,0.24819948782436235,151.35
2017-03-13,151.35,0.0,0.0004894812102908,151.35,151.25,150.75,0.0,0.0,0.0,151.30810000000002,151.10875000000001,0.24256922282414312,151.3494
2017-03-14,151.3494,-3.964328967881083e-06,0.0004891818322774,151.35,151.2371,150.7474,0.0,-8.529289353375871e-05,-1.7247246577021872e-05,151.33056,151.13885,0.23251204036374196,151.35
2017-03-15,151.35,3.964328967960987e-06,0.0004859937330173,151.3494,151.2534,150.7306,-3.964328967881083e-06,0.0001077719797201,-0.0001114509185902,151.34988,151.16982000000002,0.21593232021649794,151.3469
2017-03-16,151.3469,-2.048253550062545e-05,0.0004881012313728,151.35,151.35,150.7456,3.964328967960987e-06,0.0006384594705903,9.951034285544438e-05,151.34926000000002,151.199885,0.19456093685756157,151.308
2017-03-17,151.308,-0.0002570584531373,0.0004963604624842,151.3469,151.35,150.7416,-2.048253550062545e-05,0.0,-2.653512321736767e-05,151.34086,151.228205,0.1630060491073887,151.3138
2017-03-20,151.3138,3.8331673400184806e-05,0.0004964450295411,151.308,151.35,150.7482,-0.0002570584531373,0.0,4.3782575735907776e-05,151.33361999999997,151.256485,0.11827154412974385,151.3939
2017-03-21,151.3939,0.0005292234182978,0.0004979228848655,151.3138,151.3494,150.8214,3.8331673400184806e-05,-3.964328967881083e-06,0.0004854600824326,151.34251999999998,151.28510999999997,0.0644699511258744,151.6083
2017-03-22,151.6083,0.0014151714791625,0.000389980241142,151.3939,151.35,151.1245,0.0005292234182978,3.964328967960987e-06,0.002007645090112,151.39418,151.3093,0.08763687020427571,151.6
2017-03-23,151.6,-5.4747841679101005e-05,0.0003637970957956,151.6083,151.3469,151.2426,0.0014151714791625,-2.048253550062545e-05,0.0007811696841729,151.4448,151.32717,0.10750644077754842,151.6
2017-03-24,151.6,0.0,0.0003627458010366,151.6,151.308,151.235,-5.4747841679101005e-05,-0.0002570584531373,-5.025165500917337e-05,151.5032,151.34542,0.12115121290183395,151.6
2017-03-27,151.6,0.0,0.0003637295939879,151.6,151.3138,151.25,0.0,3.8331673400184806e-05,9.91784717408505e-05,151.56044,151.36291999999997,0.131480579187033,151.6943
2017-03-28,151.6943,0.0006218382807635,0.0003795637115973,151.6,151.3939,151.25,0.0,0.0005292234182978,0.0,151.62052,151.385135,0.14790597384173912,151.6943
2017-03-29,151.6943,0.0,0.0003795637115973,151.6943,151.6083,151.25,0.0006218382807635,0.0014151714791625,0.0,151.63772,151.40735,0.15945611000869525,151.7
2017-03-30,151.7,3.757486545162169e-05,0.0003785460395987,151.6943,151.6,151.2476,0.0,-5.4747841679101005e-05,-1.586789448934006e-05,151.65771999999998,151.42997,0.16748753942066535,151.7354
2017-03-31,151.7354,0.0002333280834116,0.0003776327113305,151.7,151.6,151.25,3.757486545162169e-05,0.0,1.5867894489297796e-05,151.6848,151.45424,0.17503489386888643,151.6
2017-04-03,151.6,-0.0008927412296268,0.0004444218697943,151.7354,151.6,151.25,0.0002333280834116,0.0,0.0,151.6848,151.47174,0.17099000699669092,151.6
2017-04-04,151.6,0.0,0.0004427992386875,151.6,151.6943,151.2371,-0.0008927412296268,0.0006218382807635,-8.529289353375871e-05,151.66594,151.489885,0.1638876291631303,151.6
2017-04-05,151.6,0.0,0.0004436087648399,151.6,151.6943,151.2534,0.0,0.0,0.0001077719797201,151.64708,151.507215,0.15568482413639367,151.6
2017-04-06,151.6,0.0,0.0004265597248496,151.6,151.7,151.35,0.0,3.757486545162169e-05,0.0006384594705903,151.62708,151.519715,0.15239923761050547,151.6
2017-04-07,151.6,0.0,0.0004265597248496,151.6,151.7354,151.35,0.0,0.0002333280834116,0.0,151.6,151.532215,0.14793357770880033,151.6
2017-04-11,151.6,0.0,0.0004265597248496,151.6,151.6,151.35,0.0,-0.0008927412296268,0.0,151.6,151.544715,0.14217669230491597,151.6133
2017-04-12,151.6133,8.772702258479246e-05,0.000426073729788,151.6,151.6,151.3494,0.0,0.0,-3.964328967881083e-06,151.60266000000001,151.55791,0.13516925400952637,151.6
2017-04-17,151.6,-8.772702258469839e-05,0.0004275063192877,151.6133,151.6,151.35,8.772702258479246e-05,0.0,3.964328967960987e-06,151.60266000000001,151.57040999999998,0.12619196266009652,151.9
2017-04-18,151.9,0.0019769363934559,0.0006004903128105,151.6,151.6,151.3469,-8.772702258469839e-05,0.0,-2.048253550062545e-05,151.66266000000002,151.598065,0.13493481561961765,151.9
2017-04-19,151.9,0.0,0.0005932971856626,151.9,151.6,151.308,0.0019769363934559,0.0,-0.0002570584531373,151.72266,151.627665,0.13287202486826286,151.9
2017-04-20,151.9,0.0,0.0005938923732841,151.9,151.6,151.3138,0.0,0.0,3.8331673400184806e-05,151.78266000000002,151.65697500000002,0.12437594048495311,151.9
2017-04-21,151.9,0.0,0.0005899153473201,151.9,151.6133,151.3939,0.0,8.772702258479246e-05,0.0005292234182978,151.84,151.68228000000002,0.11942052000311021,151.9
2017-04-24,151.9,0.0,0.000512036700217,151.9,151.6,151.6083,0.0,-8.772702258469839e-05,0.0014151714791625,151.9,151.69686499999997,0.12745246066428706,151.8985
2017-04-25,151.8985,-9.87496646630605e-06,0.0005114388455678,151.9,151.9,151.6,0.0,0.0019769363934559,-5.4747841679101005e-05,151.8997,151.71179,0.13287453467919635,151.9
2017-04-26,151.9,9.874966466339417e-06,0.0005113436549148,151.8985,151.9,151.6,-9.87496646630605e-06,0.0,0.0,151.8997,151.72679,0.13647502130385003,151.9
2017-04-27,151.9,0.0,0.0005113436549148,151.9,151.9,151.6,9.874966466339417e-06,0.0,0.0,151.8997,151.74179,0.13828064471585796,151.9
2017-04-28,151.9,0.0,0.0004965613768193,151.9,151.9,151.6943,0.0,0.0,0.0006218382807635,151.89970000000002,151.752075,0.1421579323475895,151.9
2017-05-02,151.9,0.0,0.0004965613768193,151.9,151.9,151.6943,0.0,0.0,0.0,151.8997,151.76236,0.14516721888863482,151.9
2017-05-03,151.9,0.0,0.0004967526185618,151.9,151.8985,151.7,0.0,-9.87496646630605e-06,3.757486545162169e-05,151.9,151.77236,0.14751501392939842,152.0391
2017-05-04,152.0391,0.0009153150069307,0.0005310739374393,151.9,151.9,151.7354,0.0,9.874966466339417e-06,0.0002333280834116,151.92782,151.787545,0.15871613337173465,152.0455
2017-05-05,152.0455,4.209354897256375e-05,0.0004775441015382,152.0391,151.9,151.6,0.0009153150069307,0.0,-0.0008927412296268,151.95692000000003,151.80982,0.16223270345835314,152.3154
2017-05-08,152.3154,0.0017735528495764,0.0005982743891452,152.0455,151.9,151.6,4.209354897256375e-05,0.0,0.0,152.04000000000002,151.84559000000002,0.19002304532764044,152.3154
2017-05-09,152.3154,0.0,0.0005982743891452,152.3154,151.9,151.6,0.0017735528495764,0.0,0.0,152.12308000000002,151.88136,0.2078566721965306,152.3
2017-05-12,152.3,-0.0001011111060906,0.0006007901379719,152.3154,151.9,151.6,0.0,0.0,0.0,152.20308,151.91636,0.21673164674985473,152.3769
2017-05-15,152.3769,0.0005047970596587,0.0006012074183616,152.3,152.0391,151.6,-0.0001011111060906,0.0009153150069307,0.0,152.27064000000001,151.955205,0.22645021398399856,152.3
2017-05-16,152.3,-0.0005047970596586,0.0006227133813394,152.3769,152.0455,151.6,0.0005047970596587,4.209354897256375e-05,0.0,152.32154,151.990205,0.2227256146323805,152.3667
2017-05-17,152.3667,0.0004378555389586,0.000623414298136,152.3,152.3154,151.6133,-0.0005047970596586,0.0017735528495764,8.772702258479246e-05,152.33180000000002,152.02787500000002,0.21930966053235462,152.3295
2017-05-18,152.3295,-0.000244177644387,0.0006288049004443,152.3667,152.3154,151.6,0.0004378555389586,0.0,-8.772702258469839e-05,152.33462,152.06435000000002,0.20457014359421233,152.5
2017-05-19,152.5,0.0011186582517785,0.0005246962303254,152.3295,152.3,151.9,-0.000244177644387,-0.0001011111060906,0.0019769363934559,152.37462,152.09435000000002,0.22241614970620735,152.5
2017-05-22,152.5,0.0,0.0005246962303254,152.5,152.3769,151.9,0.0011186582517785,0.0005047970596587,0.0,152.39924000000002,152.12435,0.23493447343462884,152.5
2017-05-23,152.5,0.0,0.0005246962303254,152.5,152.3,151.9,0.0,-0.0005047970596586,0.0,152.43923999999998,152.15435,0.24295006302483943,152.5
2017-05-24,152.5,0.0,0.0005246962303254,152.5,152.3667,151.9,0.0,0.0004378555389586,0.0,152.46589999999998,152.18435,0.24690184810453444,152.5
2017-05-25,152.5,0.0,0.0005246962303254,152.5,152.3295,151.9,0.0,-0.000244177644387,0.0,152.5,152.21435000000002,0.2469849696418602,152.5
2017-05-26,152.5,0.0,0.0005244958111132,152.5,152.5,151.8985,0.0,0.0011186582517785,-9.87496646630605e-06,152.5,152.244425,0.24309133185637175,152.5
2017-05-29,152.5,0.0,0.0005246864486384,152.5,152.5,151.9,0.0,0.0,9.874966466339417e-06,152.5,152.274425,0.23524505888316535,152.5
2017-05-30,152.5,0.0,0.0005246864486384,152.5,152.5,151.9,0.0,0.0,0.0,152.5,152.30442499999998,0.22291779424729216,152.5
2017-05-31,152.5,0.0,0.0005246864486384,152.5,152.5,151.9,0.0,0.0,0.0,152.5,152.334425,0.20530394884927836,152.5
2017-06-01,152.5,0.0,0.0005246864486384,152.5,152.5,151.9,0.0,0.0,0.0,152.5,152.364425,0.18086553843126385,152.5
2017-06-02,152.5,0.0,0.0005246864486384,152.5,152.5,151.9,0.0,0.0,0.0,152.5,152.394425,0.1462198267296535,152.5
2017-06-05,152.5,0.0,0.0004979835190516,152.5,152.5,152.0391,0.0,0.0,0.0009153150069307,152.5,152.41747,0.12150228530400455,152.4966
2017-06-06,152.4966,-2.229533050619489e-05,0.0004989342180155,152.5,152.5,152.0455,0.0,0.0,4.209354897256375e-05,152.49932,152.440025,0.08529164111802354,152.4786
2017-06-07,152.4786,-0.0001180423852227,0.0003227913764355,152.4966,152.5,152.3154,-2.229533050619489e-05,0.0,0.0017735528495764,152.49504000000002,152.448185,0.0804080203015274,152.5
2017-06-09,152.5,0.0001403377157289,0.0003230913618518,152.4786,152.5,152.3154,-0.0001180423852227,0.0,0.0,152.49504000000002,152.457415,0.07476018671912689,152.5
2017-06-12,152.5,0.0,0.0003212140682378,152.5,152.5,152.3,0.0001403377157289,0.0,-0.0001011111060906,152.49504000000002,152.467415,0.06538413812441224,152.5
2017-06-13,152.5,0.0,0.0003042744902419,152.5,152.5,152.3769,0.0,0.0,0.0005047970596587,152.49504000000002,152.47357,0.06212795003991918,152.5
2017-06-14,152.5,0.0,0.0002763246500389,152.5,152.4966,152.3,0.0,-2.229533050619489e-05,-0.0005047970596586,152.49571999999998,152.48357,0.04696569932406045,152.5
2017-06-15,152.5,0.0,0.0002622683389386,152.5,152.4786,152.3667,0.0,-0.0001180423852227,0.0004378555389586,152.5,152.49023499999998,0.03813595129814698,152.5
2017-06-16,152.5,0.0,0.0002537043690873,152.5,152.5,152.3295,0.0,0.0001403377157289,-0.000244177644387,152.5,152.49876,0.00480551956096275,152.85
2017-06-19,152.85,0.0022924522893772,0.0005143568485341,152.5,152.5,152.5,0.0,0.0,0.0011186582517785,152.57,152.51626000000002,0.07870055418333954,153.0236
2017-06-20,153.0236,0.0011351095265489,0.0005615077398895,152.85,152.5,152.5,0.0022924522893772,0.0,0.0,152.67471999999998,152.54244,0.13786022810043744,153.2658
2017-06-21,153.2658,0.0015815111491427,0.0006417317776165,153.0236,152.5,152.5,0.0011351095265489,0.0,0.0,152.82788,152.58073,0.21191227844331564,153.3313
2017-06-22,153.3313,0.0004272708450044,0.0006400650906886,153.2658,152.5,152.5,0.0015815111491427,0.0,0.0,152.99414000000002,152.622295,0.26906411570529415,153.3453
2017-06-23,153.3453,9.130139051855514e-05,0.0006383476885408,153.3313,152.5,152.5,0.0004272708450044,0.0,0.0,153.16320000000002,152.66456,0.3118339662253333,153.2334
2017-06-27,153.2334,-0.0007299920377326,0.0006748109018799,153.3453,152.85,152.5,9.130139051855514e-05,0.0022924522893772,0.0,153.23988,152.70123,0.3338115763298155,153.2668
2017-06-28,153.2668,0.0002179443937211,0.0006724890107673,153.2334,153.0236,152.5,-0.0007299920377326,0.0011351095265489,0.0,153.28852,152.73957000000001,0.3529686135848078,153.313
2017-06-29,153.313,0.0003013897220215,0.000669945675073,153.2668,153.2658,152.5,0.0002179443937211,0.0015815111491427,0.0,153.29796000000002,152.78022,0.3703149251041632,153.51
2017-06-30,153.51,0.0012841281590417,0.0007038048289293,153.313,153.3313,152.5,0.0003013897220215,0.0004272708450044,0.0,153.3337,152.83071999999999,0.397927547712588,153.51
2017-07-03,153.51,0.0,0.0007038048289293,153.51,153.3453,152.5,0.0012841281590417,9.130139051855514e-05,0.0,153.36664000000002,152.88122,0.41736144447443274,153.5427
2017-07-04,153.5427,0.0002129927541664,0.0007001496888507,153.51,153.2334,152.5,0.0,-0.0007299920377326,0.0,153.42849999999999,152.933355,0.4320993348781893,153.6163
2017-07-05,153.6163,0.000479230635655,0.0006960644295338,153.5427,153.2668,152.5,0.0002129927541664,0.0002179443937211,0.0,153.4984,152.98917,0.44507822501932126,153.7243
2017-07-06,153.7243,0.0007028033682851,0.0006937281489543,153.6163,153.313,152.4966,0.000479230635655,0.0003013897220215,-2.229533050619489e-05,153.58066,153.050555,0.45804081918995787,153.7096
2017-07-07,153.7096,-9.563031280030724e-05,0.0006928632889034,153.7243,153.51,152.4786,0.0007028033682851,0.0012841281590417,-0.0001180423852227,153.62057999999996,153.11210499999999,0.4598435768846443,153.6625
2017-07-10,153.6625,-0.0003064689369572,0.0007087664762813,153.7096,153.51,152.5,-9.563031280030724e-05,0.0,0.0001403377157289,153.65107999999998,153.17023,0.45180095765016576,153.7217
2017-07-11,153.7217,0.0003851857104688,0.0007031166103529,153.6625,153.5427,152.5,-0.0003064689369572,0.0002129927541664,0.0,153.68688,153.231315,0.43881667223747395,153.6652
2017-07-12,153.6652,-0.0003676148894848,0.0007187268855788,153.7217,153.6163,152.5,0.0003851857104688,0.000479230635655,0.0,153.69665999999998,153.289575,0.4132153368044058,153.7047
2017-07-13,153.7047,0.0002570193126746,0.0007138450809334,153.6652,153.7243,152.5,-0.0003676148894848,0.0007028033682851,0.0,153.69274000000001,153.34981,0.3783987285318944,153.7125
2017-07-14,153.7125,5.074537144746931e-05,0.0007124619236042,153.7047,153.7096,152.5,0.0002570193126746,-9.563031280030724e-05,0.0,153.69332000000003,153.410435,0.3289845256987859,153.7303
2017-07-17,153.7303,0.0001157938974006,0.0007095392910335,153.7125,153.6625,152.5,5.074537144746931e-05,-0.0003064689369572,0.0,153.70688,153.47195000000002,0.25691749334379504,153.7026
2017-07-18,153.7026,-0.0001802019242245,0.0005630615873934,153.7303,153.7217,152.85,0.0001157938974006,0.0003851857104688,0.0022924522893772,153.70306,153.51457999999997,0.21571870710848615,153.7072
2017-07-19,153.7072,2.992747791619568e-05,0.0005276481503202,153.7026,153.6652,153.0236,-0.0001802019242245,-0.0003676148894848,0.0011351095265489,153.71146000000002,153.54876,0.18593042096074405,153.751
2017-07-20,153.751,0.0002849167808586,0.0004207585090768,153.7072,153.7047,153.2658,2.992747791619568e-05,0.0002570193126746,0.0015815111491427,153.72071999999997,153.57301999999999,0.17857565274811188,153.6808
2017-07-21,153.6808,-0.0004566866616927,0.0004370984570153,153.751,153.7125,153.3313,0.0002849167808586,5.074537144746931e-05,0.0004272708450044,153.71437999999998,153.59049499999998,0.17059901721714496,153.7052
2017-07-24,153.7052,0.0001587580439658,0.0004371756475639,153.6808,153.7303,153.3453,-0.0004566866616927,0.0001157938974006,9.130139051855514e-05,153.70936,153.60849,0.16214624934127758,153.581
2017-07-25,153.581,-0.0008083669671029,0.0004454425952577,153.7052,153.7026,153.2334,0.0001587580439658,-0.0001802019242245,-0.0007299920377326,153.68504,153.62587,0.1364124205899914,153.5212
2017-07-26,153.5212,-0.0003894469056608,0.0004584477618893,153.581,153.7072,153.2668,-0.0008083669671029,2.992747791619568e-05,0.0002179443937211,153.64784,153.63859,0.11058390416164761,153.5738
2017-07-27,153.5738,0.0003425650076648,0.0004595715447587,153.5212,153.751,153.313,-0.0003894469056608,0.0002849167808586,0.0003013897220215,153.6124,153.65162999999998,0.08180054733211364,153.7357
2017-07-28,153.7357,0.001053660983331,0.0004298497916957,153.5738,153.6808,153.51,0.0003425650076648,-0.0004566866616927,0.0012841281590417,153.62338,153.662915,0.07663891578203973,153.7278
2017-07-31,153.7278,-5.13882135716702e-05,0.0004304651464428,153.7357,153.7052,153.51,0.001053660983331,0.0001587580439658,0.0,153.6279,153.673805,0.06884466452304895,153.6111
2017-08-01,153.6111,-0.0007594222899127,0.0004669413254696,153.7278,153.581,153.5427,-5.13882135716702e-05,-0.0008083669671029,0.0002129927541664,153.63392000000002,153.677225,0.06347881405074131,153.5068
2017-08-02,153.5068,-0.0006792180072199,0.0004789692710637,153.6111,153.5212,153.6163,-0.0007594222899127,-0.0003894469056608,0.000479230635655,153.63104,153.67175,0.07301584158774402,153.4864
2017-08-03,153.4864,-0.0001329019667538,0.0004465091681801,153.5068,153.5738,153.7243,-0.0006792180072199,0.0003425650076648,0.0007028033682851,153.61356,153.659855,0.0827355485338478,153.4948
2017-08-04,153.4948,5.472647837785817e-05,0.0004474515355608,153.4864,153.7357,153.7096,-0.0001329019667538,0.001053660983331,-9.563031280030724e-05,153.56538,153.649115,0.08959554877127565,153.3579
2017-08-08,153.3579,-0.0008922848590414,0.0004816207924736,153.4948,153.7278,153.6625,5.472647837785817e-05,-5.13882135716702e-05,-0.0003064689369572,153.49139999999997,153.633885,0.11062212704164014,153.326
2017-08-09,153.326,-0.0002080317885292,0.0004683014548663,153.3579,153.6111,153.7217,-0.0008922848590414,-0.0007594222899127,0.0003851857104688,153.43437999999998,153.6141,0.12809548645103166,153.2262
2017-08-10,153.2262,-0.0006511126230757,0.0004800513699263,153.326,153.5068,153.6652,-0.0002080317885292,-0.0006792180072199,-0.0003676148894848,153.37826,153.59215,0.15389329340294608,153.1871
2017-08-11,153.1871,-0.0002552108554833,0.0004711657029332,153.2262,153.4864,153.7047,-0.0006511126230757,-0.0001329019667538,0.0002570193126746,153.3184,153.56627,0.1759159909152317,153.0729
2017-08-14,153.0729,-0.0007457716012075,0.0004851014035404,153.1871,153.4948,153.7125,-0.0002552108554833,5.472647837785817e-05,5.074537144746931e-05,153.23402000000002,153.53429,0.2038521932720279,153.12
2017-08-15,153.12,0.0003076492000402,0.0004936726633401,153.0729,153.3579,153.7303,-0.0007457716012075,-0.0008922848590414,0.0001157938974006,153.18644,153.503775,0.2181442782866564,153.208
2017-08-16,153.208,0.0005745475596143,0.0005231442599931,153.12,153.326,153.7026,0.0003076492000402,-0.0002080317885292,-0.0001802019242245,153.16284000000002,153.47904499999999,0.22241161566070086,153.2016
2017-08-17,153.2016,-4.177414807445975e-05,0.0005220103195106,153.208,153.2262,153.7072,0.0005745475596143,-0.0006511126230757,2.992747791619568e-05,153.15792,153.453765,0.2238433503985864,153.315
2017-08-18,153.315,0.0007399273329651,0.0005517093249923,153.2016,153.1871,153.751,-4.177414807445975e-05,-0.0002552108554833,0.0002849167808586,153.1835,153.43196500000002,0.21440411239623666,153.3472
2017-08-21,153.3472,0.0002100030595119,0.0005518352438598,153.315,153.0729,153.6808,0.0007399273329651,-0.0007457716012075,-0.0004566866616927,153.23836,153.41528499999998,0.20687081461324291,153.3
2017-08-22,153.3,-0.0003078456308926,0.0005497943232642,153.3472,153.12,153.7052,0.0002100030595119,0.0003076492000402,0.0001587580439658,153.27436,153.395025,0.19656868584429457,153.15
2017-08-23,153.15,-0.0009789525989842,0.0005620268208444,153.3,153.208,153.581,-0.0003078456308926,0.0005745475596143,-0.0008083669671029,153.26276000000001,153.373475,0.19872067368371163,152.9127
2017-08-24,152.9127,-0.0015506629690589,0.0006432131499439,153.15,153.2016,153.5212,-0.0009789525989842,-4.177414807445975e-05,-0.0003894469056608,153.20498,153.34305,0.22032100138056368,152.944
2017-08-25,152.944,0.0002046710116813,0.0006378237711497,152.9127,153.315,153.5738,-0.0015506629690589,0.0007399273329651,0.0003425650076648,153.13078000000002,153.31156,0.23038280127441166,152.9633
2017-08-28,152.9633,0.0001261820167458,0.0005717533610701,152.944,153.3472,153.7357,0.0002046710116813,0.0002100030595119,0.001053660983331,153.054,153.27294,0.22004887822319638,152.9208
2017-08-29,152.9208,-0.000277883030033,0.0005698137706837,152.9633,153.3,153.7278,0.0001261820167458,-0.0003078456308926,-5.13882135716702e-05,152.97816,153.23259000000002,0.20577851881894976,152.7582
2017-08-30,152.7582,-0.0010638612095428,0.0005875584584982,152.9208,153.15,153.6111,-0.000277883030033,-0.0009789525989842,-0.0007594222899127,152.8998,153.189945,0.21150529529763212,152.835
2017-08-31,152.835,0.0005026289957819,0.0006043162256655,152.7582,152.9127,153.5068,-0.0010638612095428,-0.0015506629690589,-0.0006792180072199,152.88425999999998,153.15635500000002,0.2118810998302681,152.7656
2017-09-04,152.7656,-0.0004541875977535,0.0006061661928383,152.835,152.944,153.4864,0.0005026289957819,0.0002046710116813,-0.0001329019667538,152.84858000000003,153.120315,0.2140782622314852,152.5028
2017-09-06,152.5028,-0.0017217639619555,0.0006862849871382,152.7656,152.9633,153.4948,-0.0004541875977535,0.0001261820167458,5.472647837785817e-05,152.75648,153.070715,0.23649225032833557,152.5607
2017-09-07,152.5607,0.0003795931056663,0.0006897917827735,152.5028,152.9208,153.3579,-0.0017217639619555,-0.000277883030033,-0.0008922848590414,152.68446,153.030855,0.25220154730967925,152.7098
2017-09-08,152.7098,0.0009768386519897,0.000743346606722,152.5607,152.7582,153.326,0.0003795931056663,-0.0010638612095428,-0.0002080317885292,152.67478,153.000045,0.2518862952377169,152.8017
2017-09-11,152.8017,0.0006016140326753,0.0007561229415222,152.7098,152.835,153.2262,0.0009768386519897,0.0005026289957819,-0.0006511126230757,152.66812,152.97881999999998,0.2497021437573623,152.849
2017-09-12,152.849,0.0003095036286687,0.0007620642792224,152.8017,152.7656,153.1871,0.0006016140326753,-0.0004541875977535,-0.0002552108554833,152.6848,152.961915,0.24628066411736654,152.8371
2017-09-13,152.8371,-7.785764551283761e-05,0.0007472495871475,152.849,152.5028,153.0729,0.0003095036286687,-0.0017217639619555,-0.0007457716012075,152.75166,152.950125,0.2463320583922975,152.9124
2017-09-14,152.9124,0.0004925600959112,0.0007533790966548,152.8371,152.5607,153.12,-7.785764551283761e-05,0.0003795931056663,0.0003076492000402,152.822,152.939745,0.24315047851551147,153.1269
2017-09-15,153.1269,0.0014017809812281,0.0008110072626567,152.9124,152.7098,153.208,0.0004925600959112,0.0009768386519897,0.0005745475596143,152.90542,152.93569000000002,0.23908359442542,152.9684
2017-09-18,152.9684,-0.0010356252720391,0.0008418553266687,153.1269,152.8017,153.2016,0.0014017809812281,0.0006016140326753,-4.177414807445975e-05,152.93876,152.92403,0.23098200446473566,152.9692
2017-09-19,152.9692,5.229824643963653e-06,0.0008201191861806,152.9684,152.849,153.315,-0.0010356252720391,0.0003095036286687,0.0007399273329651,152.96280000000002,152.90673999999999,0.21236821887128854,153.1959
2017-09-20,153.1959,0.0014809006084016,0.0008924977800895,152.9692,152.8371,153.3472,5.229824643963653e-06,-7.785764551283761e-05,0.0002100030595119,153.03456,152.899175,0.1980654937992475,153.0503
2017-09-21,153.0503,-0.0009508690130384,0.000913631482803,153.1959,152.9124,153.3,0.0014809006084016,0.0004925600959112,-0.0003078456308926,153.06214,152.88669,0.17835940022813762,152.8252
2017-09-22,152.8252,-0.0014718409329055,0.0009452150725633,153.0503,153.1269,153.15,-0.0009508690130384,0.0014017809812281,-0.0009789525989842,153.0018,152.87044999999998,0.16758400082933708,152.8067
2017-09-25,152.8067,-0.0001210606616821,0.0008821809864996,152.8252,152.9684,152.9127,-0.0014718409329055,-0.0010356252720391,-0.0015506629690589,152.96946,152.86515,0.1678534369065492,152.9434
2017-09-26,152.9434,0.0008941943705568,0.0009052001389392,152.8067,152.9692,152.944,-0.0001210606616821,5.229824643963653e-06,0.0002046710116813,152.96429999999998,152.86512,0.16783865550385296,153.0245
2017-09-27,153.0245,0.0005301209826213,0.0009126440773172,152.9434,153.1959,152.9633,0.0008941943705568,0.0014809006084016,0.0001261820167458,152.93001999999998,152.86818,0.1702632437611678,153.1024
2017-09-28,153.1024,0.0005089392776752,0.0009160796512309,153.0245,153.0503,152.9208,0.0005301209826213,-0.0009508690130384,-0.000277883030033,152.94044,152.87726,0.17788865342728144,153.0983
2017-09-29,153.0983,-2.677982121028564e-05,0.0008777030857736,153.1024,152.8252,152.7582,0.0005089392776752,-0.0014718409329055,-0.0010638612095428,152.99506,152.894265,0.18211377080867724,153.1072
2017-10-02,153.1072,5.813089577106326e-05,0.000872884166676,153.0983,152.8067,152.835,-2.677982121028564e-05,-0.0001210606616821,0.0005026289957819,153.05516,152.90787500000002,0.18754191346900723,153.1394
2017-10-03,153.1394,0.0002102880496871,0.0008637198823204,153.1072,152.9434,152.7656,5.813089577106326e-05,0.0008941943705568,-0.0004541875977535,153.09436,152.92656499999998,0.19120707221620747,153.2121
2017-10-04,153.2121,0.0004746182170788,0.00074893053643,153.1394,153.0245,152.5028,0.0002102880496871,0.0005301209826213,-0.0017217639619555,153.13188,152.96203,0.1734238618535494,153.3286
2017-10-06,153.3286,0.0007600948625023,0.0007576588861976,153.2121,153.1024,152.5607,0.0004746182170788,0.0005089392776752,0.0003795931056663,153.17712,153.000425,0.164679138876837,153.2603
2017-10-09,153.2603,-0.0004455477750816,0.0007526857795851,153.3286,153.0983,152.7098,0.0007600948625023,-2.677982121028564e-05,0.0009768386519897,153.20952,153.02795,0.15947030235696816,153.2885
2017-10-10,153.2885,0.0001839837577542,0.0007461357099826,153.2603,153.1072,152.8017,-0.0004455477750816,5.813089577106326e-05,0.0006016140326753,153.24578,153.05229,0.16026840929519443,153.3903
2017-10-11,153.3903,0.0006638868010372,0.0007540628318907,153.2885,153.1394,152.849,0.0001839837577542,0.0002102880496871,0.0003095036286687,153.29595999999998,153.079355,0.16956708792528385,153.465
2017-10-12,153.465,0.0004868744419642,0.0007545999985535,153.3903,153.2121,152.8371,0.0006638868010372,0.0004746182170788,-7.785764551283761e-05,153.34654,153.11075,0.1801503187167556,153.6258
2017-10-13,153.6258,0.0010472473593876,0.0007756258790075,153.465,153.3286,152.9124,0.0004868744419642,0.0007600948625023,0.0004925600959112,153.40598,153.14641999999998,0.20737905940833173,153.7464
2017-10-16,153.7464,0.0007847164199532,0.0007380373303164,153.6258,153.2603,153.1269,0.0010472473593876,-0.0004455477750816,0.0014017809812281,153.50320000000002,153.177395,0.24682418298734932,153.6527
2017-10-17,153.6527,-0.0006096309514371,0.0007058904135833,153.7464,153.2885,152.9684,0.0007847164199532,0.0001839837577542,-0.0010356252720391,153.57604,153.21161,0.26321333926159024,153.619
2017-10-19,153.619,-0.0002193498466349,0.000711305342273,153.6527,153.3903,152.9692,-0.0006096309514371,0.0006638868010372,5.229824643963653e-06,153.62178,153.2441,0.27168441244430364,153.6976
2017-10-20,153.6976,0.000511524608263,0.0006507351015394,153.619,153.465,153.1959,-0.0002193498466349,0.0004868744419642,0.0014809006084016,153.6683,153.269185,0.2895722657589314,153.6467
2017-10-23,153.6467,-0.0003312246263577,0.0006082516755164,153.6976,153.6258,153.0503,0.000511524608263,0.0010472473593876,-0.0009508690130384,153.67248,153.299005,0.2964715419766235,153.7473
2017-10-24,153.7473,0.0006545345946343,0.0004723107363844,153.6467,153.7464,152.8252,-0.0003312246263577,0.0007847164199532,-0.0014718409329055,153.67266,153.34510999999998,0.29055083234373574,153.7845
2017-10-25,153.7845,0.0002419262019825,0.0004621117928162,153.7473,153.6527,152.8067,0.0006545345946343,-0.0006096309514371,-0.0001210606616821,153.69902,153.394,0.2771423289419788,153.8586
2017-10-26,153.8586,0.0004817270495127,0.0004439336151558,153.7845,153.619,152.9434,0.0002419262019825,-0.0002193498466349,0.0008941943705568,153.74694,153.43976,0.27436844103998337,153.8
2017-10-27,153.8,-0.0003809417367734,0.000465131445919,153.8586,153.6976,153.0245,0.0004817270495127,0.000511524608263,0.0005301209826213,153.76742,153.47853500000002,0.2673008126904808,153.5628
2017-10-30,153.5628,-0.0015434531901003,0.000609602926796,153.8,153.6467,153.1024,-0.0003809417367734,-0.0003312246263577,0.0005089392776752,153.75064,153.501555,0.25262510281093176,153.5903
2017-10-31,153.5903,0.000179063796351,0.0006081949054704,153.5628,153.7473,153.0983,-0.0015434531901003,0.0006545345946343,-2.677982121028564e-05,153.71923999999999,153.52615500000002,0.23460238353368365,153.5915
2017-11-01,153.5915,7.812962877196577e-06,0.0006087441523255,153.5903,153.7845,153.1072,0.000179063796351,0.0002419262019825,5.813089577106326e-05,153.68063999999998,153.55037,0.21309086785906084,153.698
2017-11-02,153.698,0.0006931574574735,0.000620395036308,153.5915,153.8586,153.1394,7.812962877196577e-06,0.0004817270495127,0.0002102880496871,153.64852000000002,153.5783,0.191948899358406,153.6598
2017-11-06,153.6598,-0.0002485702344088,0.0006235129274766,153.698,153.8,153.2121,0.0006931574574735,-0.0003809417367734,0.0004746182170788,153.62048,153.600685,0.17207117022551502,153.6279
2017-11-07,153.6279,-0.0002076230198252,0.0006107588930388,153.6598,153.5628,153.3286,-0.0002485702344088,-0.0015434531901003,0.0007600948625023,153.6335,153.61565000000002,0.15973541434650274,153.4353
2017-11-08,153.4353,-0.0012544650434021,0.0006722978093888,153.6279,153.5903,153.2603,-0.0002076230198252,0.000179063796351,-0.0004455477750816,153.6025,153.62439999999998,0.14318076527176982,153.3588
2017-11-09,153.3588,-0.0004987058198675,0.0006827639293283,153.4353,153.5915,153.2885,-0.0012544650434021,7.812962877196577e-06,0.0001839837577542,153.55596,153.627915,0.13513761890682494,153.5123
2017-11-10,153.5123,0.0010004201295098,0.0007032318926244,153.3588,153.698,153.3903,-0.0004987058198675,0.0006931574574735,0.0006638868010372,153.51882,153.634015,0.12631270403920283,153.6339
2017-11-13,153.6339,0.0007918053770689,0.0007166142412508,153.5123,153.6598,153.465,0.0010004201295098,-0.0002485702344088,0.0004868744419642,153.51364000000004,153.64246,0.11990142164383973,153.6184
2017-11-14,153.6184,-0.0001008942814302,0.0006778843603583,153.6339,153.6279,153.6258,0.0007918053770689,-0.0002076230198252,0.0010472473593876,153.51174,153.64209,0.11996693784277442,153.6061
2017-11-15,153.6061,-8.007173911313041e-05,0.0006521256704948,153.6184,153.4353,153.7464,-0.0001008942814302,-0.0012544650434021,0.0007847164199532,153.54590000000002,153.635075,0.11762557832112545,153.7806
2017-11-16,153.7806,0.0011353778074679,0.0006884223775223,153.6061,153.3588,153.6527,-8.007173911313041e-05,-0.0004987058198675,-0.0006096309514371,153.63026,153.64147,0.1220286250568583,153.792
2017-11-17,153.792,7.412883985915338e-05,0.0006856897166576,153.7806,153.5123,153.619,0.0011353778074679,0.0010004201295098,-0.0002193498466349,153.6862,153.65012,0.1264050822037727,153.6468
2017-11-20,153.6468,-0.0009445783082418,0.0007116210167772,153.792,153.6339,153.6976,7.412883985915338e-05,0.0007918053770689,0.000511524608263,153.68878,153.64758,0.1259102210081201,153.7552
2017-11-21,153.7552,0.0007052654471549,0.0007251106128876,153.6468,153.6184,153.6467,-0.0009445783082418,-0.0001008942814302,-0.0003312246263577,153.71614,153.653005,0.12818715118135807,153.8167
2017-11-22,153.8167,0.000399906498738,0.0007158419822845,153.7552,153.6061,153.7473,0.0007052654471549,-8.007173911313041e-05,0.0006545345946343,153.75826,153.65647500000003,0.1317634756579475,153.776
2017-11-23,153.776,-0.0002646356707263,0.0007166331797554,153.8167,153.7806,153.7845,0.000399906498738,0.0011353778074679,0.0002419262019825,153.75734,153.65605,0.13134183390394888,153.6767
2017-11-24,153.6767,-0.0006459530422259,0.0007208575789203,153.776,153.792,153.8586,-0.0002646356707263,7.412883985915338e-05,0.0004817270495127,153.73427999999998,153.646955,0.12258367900979905,153.7513
2017-11-27,153.7513,0.0004853168967316,0.000726507413179,153.6767,153.6468,153.8,-0.0006459530422259,-0.0009445783082418,-0.0003809417367734,153.75518,153.64452,0.11983649635891241,153.6152
2017-11-28,153.6152,-0.000885587784582,0.0006660828269056,153.7513,153.7552,153.5628,0.0004853168967316,0.0007052654471549,-0.0015434531901003,153.72718,153.64714,0.11852140542445398,153.7396
2017-11-29,153.7396,0.0008094879715102,0.0006886862900491,153.6152,153.8167,153.5903,-0.000885587784582,0.000399906498738,0.000179063796351,153.71175999999997,153.654605,0.11945108860992609,153.7652
2017-11-30,153.7652,0.0001665014663779,0.0006891058975585,153.7396,153.776,153.5915,0.0008094879715102,-0.0002646356707263,7.812962877196577e-06,153.7096,153.66329,0.12092692820387403,153.6882
2017-12-04,153.6882,-0.0005008889256705,0.0006827409143456,153.7652,153.6767,153.698,0.0001665014663779,-0.0006459530422259,0.0006931574574735,153.71189999999999,153.6628,0.12079866662990178,153.6153
2017-12-05,153.6153,-0.0004744495351826,0.000688854572131,153.6882,153.7513,153.6598,-0.0005008889256705,0.0004853168967316,-0.0002485702344088,153.6847,153.660575,0.12126575357924986,153.3869
2017-12-06,153.3869,-0.0014879374945129,0.0007632237321893,153.6153,153.6152,153.6279,-0.0004744495351826,-0.000885587784582,-0.0002076230198252,153.63904,153.648525,0.135787871877609,153.3314
2017-12-07,153.3314,-0.0003618955934858,0.000715441721885,153.3869,153.7396,153.4353,-0.0014879374945129,0.0008094879715102,-0.0012544650434021,153.5574,153.64333,0.1459798438379411,153.3593
2017-12-08,153.3593,0.0001819422635048,0.0007083196557892,153.3314,153.7652,153.3588,-0.0003618955934858,0.0001665014663779,-0.0004987058198675,153.47621999999998,153.64335499999999,0.1459285854238025,153.17
2017-12-11,153.17,-0.0012351186269309,0.0007184831510694,153.3593,153.6882,153.5123,0.0001819422635048,-0.0005008889256705,0.0010004201295098,153.37258,153.62624,0.17853776945720887,153.0573
2017-12-12,153.0573,-0.0007360545913978,0.0006983131798357,153.17,153.6153,153.6339,-0.0012351186269309,-0.0004744495351826,0.0007918053770689,153.26098,153.59741,0.2191670400369792,153.0136
2017-12-13,153.0136,-0.0002855547541236,0.0006983215455688,153.0573,153.3869,153.6184,-0.0007360545913978,-0.0014879374945129,-0.0001008942814302,153.18632,153.56717,0.2549255847387385,153.1463
2017-12-14,153.1463,0.0008668673350747,0.0007376765755166,153.0136,153.3314,153.6061,-0.0002855547541236,-0.0003618955934858,-8.007173911313041e-05,153.14929999999998,153.54418,0.2714288926301123,153.3441
2017-12-15,153.3441,0.0012907420751937,0.00075259094001,153.1463,153.3593,153.7806,0.0008668673350747,0.0001819422635048,0.0011353778074679,153.14625999999998,153.522355,0.26895609197845627,153.2297
2017-12-18,153.2297,-0.0007463129941951,0.0007624783300506,153.3441,153.17,153.792,0.0012907420751937,-0.0012351186269309,7.412883985915338e-05,153.15820000000002,153.49424000000002,0.2686750793817128,153.1593
2017-12-19,153.1593,-0.0004595465322772,0.0007444866481966,153.2297,153.0573,153.6468,-0.0007463129941951,-0.0007360545913978,-0.0009445783082418,153.17860000000002,153.469865,0.27611659482668854,153.1487
2017-12-20,153.1487,-6.921138203537344e-05,0.0007167993824694,153.1593,153.0136,153.7552,-0.0004595465322772,-0.0002855547541236,0.0007052654471549,153.20562,153.43954000000002,0.2764346203597691,153.0594
2017-12-21,153.0594,-0.0005832634899704,0.0007073143904264,153.1487,153.1463,153.8167,-6.921138203537344e-05,0.0008668673350747,0.000399906498738,153.18824,153.40167499999998,0.2739081172137622,152.9524
2017-12-22,152.9524,-0.0006993194665085,0.0007145335984713,153.0594,153.3441,153.776,-0.0005832634899704,0.0012907420751937,-0.0002646356707263,153.10989999999998,153.360495,0.2765673467841084,152.942
2017-12-26,152.942,-6.799732197787369e-05,0.0007101389611681,152.9524,153.2297,153.6767,-0.0006993194665085,-0.0007463129941951,-0.0006459530422259,153.05236,153.32376,0.2811127988002998,152.7775
2017-12-27,152.7775,-0.0010761499732637,0.0007120765834695,152.942,153.1593,153.7513,-6.799732197787369e-05,-0.0004595465322772,0.0004853168967316,152.976,153.27507,0.28742586424825356,152.6243
2017-12-28,152.6243,-0.0010032685652164,0.0007174819422032,152.7775,153.1487,153.6152,-0.0010761499732637,-6.921138203537344e-05,-0.000885587784582,152.87112,153.225525,0.31021028155270014,152.8548
2017-12-29,152.8548,0.0015091051646088,0.0007891111942217,152.6243,153.0594,153.7396,-0.0010032685652164,-0.0005832634899704,0.0008094879715102,152.83020000000002,153.181285,0.29579494362781555,153.4697
2018-01-02,153.4697,0.0040147022252835,0.0012439753879386,152.8548,152.9524,153.7652,0.0015091051646088,-0.0006993194665085,0.0001665014663779,152.93366,153.16651000000002,0.271473445181944,153.6377
2018-01-03,153.6377,0.001094079900114,0.0012675661554801,153.4697,152.942,153.6882,0.0040147022252835,-6.799732197787369e-05,-0.0005008889256705,153.0728,153.163985,0.2665560911486181,153.7699
2018-01-04,153.7699,0.0008600958997094,0.0012772755939176,153.6377,152.7775,153.6153,0.001094079900114,-0.0010761499732637,-0.0004744495351826,153.27128,153.171715,0.282120126041903,153.6506
2018-01-05,153.6506,-0.0007761356577635,0.0012415762679897,153.7699,152.6243,153.3869,0.0008600958997094,-0.0010032685652164,-0.0014879374945129,153.47654,153.18490000000003,0.2983986135973764,153.5567
2018-01-08,153.5567,-0.0006113136173796,0.0012475489461471,153.6506,152.8548,153.3314,-0.0007761356577635,0.0015091051646088,-0.0003618955934858,153.61692,153.196165,0.30830844985942735,153.8052
2018-01-09,153.8052,0.001616986712699,0.0012945037387306,153.5567,153.4697,153.3593,-0.0006113136173796,0.0040147022252835,0.0001819422635048,153.68402,153.21846,0.3356374271316434,153.8203
2018-01-10,153.8203,9.817131552563765e-05,0.0012533575279062,153.8052,153.6377,153.17,0.001616986712699,0.001094079900114,-0.0012351186269309,153.72054,153.25097499999998,0.3612198395232576,153.7661
2018-01-11,153.7661,-0.0003524213070602,0.0012409616712702,153.8203,153.7699,153.0573,9.817131552563765e-05,0.0008600958997094,-0.0007360545913978,153.71978,153.286415,0.3756986169537596,153.781
2018-01-12,153.781,9.689572759208832e-05,0.001235517438392,153.7661,153.6506,153.0136,-0.0003524213070602,-0.0007761356577635,-0.0002855547541236,153.74586000000002,153.324785,0.38543077232444634,153.91
2018-01-16,153.91,0.0008385036127686,0.0012347883286392,153.781,153.5567,153.1463,9.689572759208832e-05,-0.0006113136173796,0.0008668673350747,153.81652000000003,153.36297,0.4041911052263017,153.9215
2018-01-17,153.9215,7.47162002937824e-05,0.0012104776454316,153.91,153.8052,153.3441,0.0008385036127686,0.001616986712699,0.0012907420751937,153.83978,153.39184,0.4229575496514904,153.8569
2018-01-18,153.8569,-0.0004197825510084,0.0011993649459166,153.9215,153.8203,153.2297,7.47162002937824e-05,9.817131552563765e-05,-0.0007463129941951,153.8471,153.4232,0.43342522692326446,153.8803
2018-01-19,153.8803,0.0001520778121405,0.0011893043177618,153.8569,153.7661,153.1593,-0.0004197825510084,-0.0003524213070602,-0.0004595465322772,153.86993999999999,153.45925,0.44025090151051777,153.9447
2018-01-22,153.9447,0.0004184195626707,0.0011877407011926,153.8803,153.781,153.1487,0.0001520778121405,9.689572759208832e-05,-6.921138203537344e-05,153.90268,153.49904999999998,0.44663277446708083,154.0135
2018-01-23,154.0135,0.000446813893214,0.0011715087491346,153.9447,153.91,153.0594,0.0004184195626707,0.0008385036127686,-0.0005832634899704,153.92338,153.546755,0.44815335772915493,154.0688
2018-01-24,154.0688,0.0003589949866897,0.0011471336094765,154.0135,153.9215,152.9524,0.000446813893214,7.47162002937824e-05,-0.0006993194665085,153.95283999999998,153.602575,0.4396734958935372,153.9389
2018-01-25,153.9389,-0.0008434854563808,0.0011752523382079,154.0688,153.8569,152.942,0.0003589949866897,-0.0004197825510084,-6.799732197787369e-05,153.96923999999999,153.65242,0.4167548548217819,153.7388
2018-01-26,153.7388,-0.0013007119346746,0.0011903177929844,153.9389,153.8803,152.7775,-0.0008434854563808,0.0001520778121405,-0.0010761499732637,153.94094,153.70048500000001,0.3624317855841284,153.7329
2018-01-29,153.7329,-3.837751572405392e-05,0.0011531062008982,153.7388,153.9447,152.6243,-0.0013007119346746,0.0004184195626707,-0.0010032685652164,153.89857999999998,153.75591500000002,0.2592708464776496,153.7682
2018-01-30,153.7682,0.0002295926756365,0.0011211579337865,153.7329,154.0135,152.8548,-3.837751572405392e-05,0.000446813893214,0.0015091051646088,153.84952,153.801585,0.14932017257713923,153.9449
2018-02-01,153.9449,0.0011484725182132,0.0007391655126765,153.7682,154.0688,153.4697,0.0002295926756365,0.0003589949866897,0.0040147022252835,153.82474,153.825345,0.13033046031460388,154.1543
2018-02-02,154.1543,0.001359302667728,0.0007590203910665,153.9449,153.9389,153.6377,0.0011484725182132,-0.0008434854563808,0.001094079900114,153.86782,153.851175,0.14186567346208012,154.2579
2018-02-06,154.2579,0.0006718281825211,0.0007511093914468,154.1543,153.7388,153.7699,0.001359302667728,-0.0013007119346746,0.0008600958997094,153.97164000000004,153.875575,0.1669074620434317,154.5527
2018-02-07,154.5527,0.0019092614667523,0.0008127466434157,154.2579,153.7329,153.6506,0.0006718281825211,-3.837751572405392e-05,-0.0007761356577635,154.1356,153.92068,0.21721917276641475,154.5862
2018-02-08,154.5862,0.0002167310560471,0.0007848847498524,154.5527,153.7682,153.5567,0.0019092614667523,0.0002295926756365,-0.0006113136173796,154.29919999999998,153.972155,0.2464421709500057,154.4876
2018-02-09,154.4876,-0.0006380353387762,0.0007521837533641,154.5862,153.9449,153.8052,0.0002167310560471,0.0011484725182132,0.001616986712699,154.40774000000002,154.00627500000002,0.26837397481754854,154.3075
2018-02-12,154.3075,-0.0011664694188546,0.0008137220338362,154.4876,154.1543,153.8203,-0.0006380353387762,0.001359302667728,9.817131552563765e-05,154.43838,154.03063500000002,0.27268150158513155,154.7384
2018-02-14,154.7384,0.0027885843444642,0.0009932971361889,154.3075,154.2579,153.7661,-0.0011664694188546,0.0006718281825211,-0.0003524213070602,154.53447999999997,154.07925,0.3074883814088377,155.5955
2018-02-15,155.5955,0.0055237418747922,0.0015279023427734,154.7384,154.5527,153.781,0.0027885843444642,0.0019092614667523,9.689572759208832e-05,154.74304,154.169975,0.44967084317461214,155.3239
2018-02-16,155.3239,-0.0017470770179229,0.0016125019219615,155.5955,154.5862,153.91,0.0055237418747922,0.0002167310560471,0.0008385036127686,154.89058,154.24067,0.5132904031486267,155.0773
2018-02-19,155.0773,-0.0015889117173604,0.001674971836605,155.3239,154.4876,153.9215,-0.0017470770179229,-0.0006380353387762,7.47162002937824e-05,155.00852000000003,154.29846,0.5398420971535856,155.2901
2018-02-20,155.2901,0.0013712782550345,0.0016781723596483,155.0773,154.3075,153.8569,-0.0015889117173604,-0.0011664694188546,-0.0004197825510084,155.20504,154.37012,0.5722914169015088,155.3787
2018-02-21,155.3787,0.0005703823647696,0.0016766914959247,155.2901,154.7384,153.8803,0.0013712782550345,0.0027885843444642,0.0001520778121405,155.3331,154.44504,0.6020964124283492,155.3944
2018-02-22,155.3944,0.0001010383460687,0.0016788505371884,155.3787,155.5955,153.9447,0.0005703823647696,0.0055237418747922,0.0004184195626707,155.29288,154.517525,0.6254995686321766,155.2255
2018-02-23,155.2255,-0.0010875028718118,0.0017145762852982,155.3944,155.3239,154.0135,0.0001010383460687,-0.0017470770179229,0.000446813893214,155.2732,154.578125,0.6327668855207493,155.2474
2018-02-26,155.2474,0.0001410751150024,0.0017154888016818,155.2255,155.0773,154.0688,-0.0010875028718118,-0.0015889117173604,0.0003589949866897,155.30722,154.637055,0.6376992720058978,155.0075
2018-02-27,155.0075,-0.0015464706459849,0.0017487778324865,155.2474,155.2901,153.9389,0.0001410751150024,0.0013712782550345,-0.0008434854563808,155.2507,154.690485,0.6206643581814688,154.8718
2018-02-28,154.8718,-0.0008758249336065,0.0017302041271731,155.0075,155.3787,153.7388,-0.0015464706459849,0.0005703823647696,-0.0013007119346746,155.14932000000002,154.74713500000001,0.5795754800677141,154.978
2018-03-02,154.978,0.000685493449785,0.0017288456475705,154.8718,155.3944,153.7329,-0.0008758249336065,0.0001010383460687,-3.837751572405392e-05,155.06604000000002,154.80939,0.5296155168122506,155.2269
2018-03-05,155.2269,0.0016047461108069,0.0017488028526264,154.978,155.2255,153.7682,0.000685493449785,-0.0010875028718118,0.0002295926756365,155.06632,154.88232499999998,0.4764566041329881,155.1488
2018-03-06,155.1488,-0.0005032610584422,0.0017541724142105,155.2269,155.2474,153.9449,0.0016047461108069,0.0001410751150024,0.0011484725182132,155.0466,154.94252,0.4250685115871854,155.0849
2018-03-07,155.0849,-0.0004119475150742,0.0017473320258252,155.1488,155.0075,154.1543,-0.0005032610584422,-0.0015464706459849,0.001359302667728,155.06208,154.98905,0.38310792964050744,155.2665
2018-03-08,155.2665,0.001170286460613,0.0017564318514792,155.0849,154.8718,154.2579,-0.0004119475150742,-0.0008758249336065,0.0006718281825211,155.14102,155.03948,0.3464250895948014,155.5392
2018-03-09,155.5392,0.0017547945226047,0.0017494285312108,155.2665,154.978,154.5527,0.001170286460613,0.000685493449785,0.0019092614667523,155.25326,155.088805,0.34368764190864676,155.478
2018-03-12,155.478,-0.0003935473715915,0.0017565979022509,155.5392,155.2269,154.5862,0.0017547945226047,0.0016047461108069,0.0002167310560471,155.30347999999998,155.133395,0.33272387072174375,155.6067
2018-03-13,155.6067,0.000827427432739,0.0017464892119028,155.478,155.1488,154.4876,-0.0003935473715915,-0.0005032610584422,-0.0006380353387762,155.39506,155.18935,0.3118489436378045,155.7566
2018-03-14,155.7566,0.0009628624284306,0.001713062823006,155.6067,155.0849,154.3075,0.000827427432739,-0.0004119475150742,-0.0011664694188546,155.52939999999998,155.261805,0.26024928422078786,155.8155
2018-03-15,155.8155,0.0003780826377047,0.0016236160864184,155.7566,155.2665,154.7384,0.0009628624284306,0.001170286460613,0.0027885843444642,155.6392,155.31566,0.2576699487523171,155.9768
2018-03-16,155.9768,0.0010346632318354,0.0010942815700337,155.8155,155.5392,155.5955,0.0003780826377047,0.0017547945226047,0.0055237418747922,155.72672,155.334725,0.2913677759889434,156.0808
2018-03-19,156.0808,0.000666543637139,0.0010068596386871,155.9768,155.478,155.3239,0.0010346632318354,-0.0003935473715915,-0.0017470770179229,155.84728,155.37257,0.3356748333627856,156.1535
2018-03-20,156.1535,0.0004656759447233,0.0009102899957869,156.0808,155.6067,155.0773,0.000666543637139,0.000827427432739,-0.0015889117173604,155.95664,155.42638000000002,0.37032213937460523,156.1578
2018-03-21,156.1578,2.7536627719013933e-05,0.0008796921118886,156.1535,155.7566,155.2901,0.0004656759447233,0.0009628624284306,0.0013712782550345,156.03688,155.469765,0.40290974990541417,155.9482
2018-03-22,155.9482,-0.0013431336245378,0.0009477153183364,156.1578,155.8155,155.3787,2.7536627719013933e-05,0.0003780826377047,0.0005703823647696,156.06342,155.49823999999998,0.4160452763384751,156.0539
2018-03-23,156.0539,0.0006775595679887,0.0009538415149435,155.9482,155.9768,155.3944,-0.0013431336245378,0.0010346632318354,0.0001010383460687,156.07884,155.53121500000003,0.4331650982688576,156.1428
2018-03-26,156.1428,0.0005695127616841,0.0009058029414087,156.0539,156.0808,155.2255,0.0006775595679887,0.000666543637139,-0.0010875028718118,156.09124,155.57708,0.4474201270268918,156.1261
2018-03-27,156.1261,-0.0001069590984943,0.0009097051584278,156.1428,156.1535,155.2474,0.0005695127616841,0.0004656759447233,0.0001410751150024,156.08576,155.621015,0.45639543131655125,156.0632
2018-03-28,156.0632,-0.0004029606450389,0.0008202608511057,156.1261,156.1578,155.0075,-0.0001069590984943,2.7536627719013933e-05,-0.0015464706459849,156.06684,155.6738,0.44254293870199835,155.9725
2018-03-29,155.9725,-0.0005813437536436,0.0007996842834447,156.0632,155.9482,154.8718,-0.0004029606450389,-0.0013431336245378,-0.0008758249336065,156.07170000000002,155.728835,0.404350126083051,155.8286
2018-04-02,155.8286,-0.0009230243909761,0.000844245780701,155.9725,156.0539,154.978,-0.0005813437536436,0.0006775595679887,0.000685493449785,156.02664,155.771365,0.36393357583663666,155.3218
2018-04-03,155.3218,-0.0032575914938622,0.0011016315887096,155.8286,156.1428,155.2269,-0.0009230243909761,0.0005695127616841,0.0016047461108069,155.86244000000002,155.77611000000002,0.3570140464068094,155.4869
2018-04-04,155.4869,0.0010623899236323,0.0011172192834033,155.3218,156.1261,155.1488,-0.0032575914938622,-0.0001069590984943,-0.0005032610584422,155.7346,155.79301500000003,0.33293990012449476,156.0464
2018-04-05,156.0464,0.0035919152241436,0.0013528612219728,155.4869,156.0632,155.0849,0.0010623899236323,-0.0004029606450389,-0.0004119475150742,155.73124,155.84108999999998,0.29224030822726355,155.5234
2018-04-06,155.5234,-0.003357196308612,0.001563549010119,156.0464,155.9725,155.2665,0.0035919152241436,-0.0005813437536436,0.001170286460613,155.64142,155.853935,0.27049243055878275,155.5327
2018-04-09,155.5327,5.9796287568601217e-05,0.0015132722265298,155.5234,155.8286,155.5392,-0.003357196308612,-0.0009230243909761,0.0017547945226047,155.58224,155.85361,0.2708940982922989,155.5146
2018-04-10,155.5146,-0.0001163810135656,0.0015107656834008,155.5327,155.3218,155.478,5.9796287568601217e-05,-0.0032575914938622,-0.0003935473715915,155.6208,155.85544,0.2683346856860446,155.5679
2018-04-11,155.5679,0.0003426743742998,0.0015008470632845,155.5146,155.4869,155.6067,-0.0001163810135656,0.0010623899236323,0.000827427432739,155.637,155.8535,0.27036028197304585,155.7097
2018-04-12,155.7097,0.0009110839315691,0.0014991197561712,155.5679,156.0464,155.7566,0.0003426743742998,0.0035919152241436,0.0009628624284306,155.56966,155.851155,0.2714462056624603,155.7456
2018-04-16,155.7456,0.0002305306742829,0.001497445307616,155.7097,155.5234,155.8155,0.0009110839315691,-0.003357196308612,0.0003780826377047,155.6141,155.84766,0.27237784198681,155.9267
2018-04-17,155.9267,0.0011621181630937,0.0015024436923852,155.7456,155.5327,155.9768,0.0002305306742829,5.9796287568601217e-05,0.0010346632318354,155.6929,155.845155,0.271356123436429,156.3307
2018-04-18,156.3307,0.0025876102562998,0.0016062057346672,155.9267,155.5146,156.0808,0.0011621181630937,-0.0001163810135656,0.000666543637139,155.85612,155.85765,0.28801970412330935,156.422
2018-04-19,156.422,0.0005838478938376,0.0016079156353847,156.3307,155.5679,156.1535,0.0025876102562998,0.0003426743742998,0.0004656759447233,156.02694000000002,155.871075,0.3080935210718105,156.2545
2018-04-20,156.2545,-0.0010713949786605,0.0016286578646443,156.422,155.7097,156.1578,0.0005838478938376,0.0009110839315691,2.7536627719013933e-05,156.13590000000002,155.87591,0.31354062083027356,156.3441
2018-04-23,156.3441,0.0005732591409797,0.001599676898233,156.2545,155.7456,155.9482,-0.0010713949786605,0.0002305306742829,-0.0013431336245378,156.25560000000002,155.895705,0.3303893945667706,156.7727
2018-04-24,156.7727,0.0027376382722635,0.0017001767026867,156.3441,155.9267,156.0539,0.0005732591409797,0.0011621181630937,0.0006775595679887,156.4248,155.931645,0.3833540886769385,157.1356
2018-04-25,157.1356,0.0023121412315117,0.0017620323323994,156.7727,156.3307,156.1428,0.0027376382722635,0.0025876102562998,0.0005695127616841,156.58578,155.981285,0.46723629797715116,157.4628
2018-04-26,157.4628,0.0020801130455799,0.001801760348795,157.1356,156.422,156.1261,0.0023121412315117,0.0005838478938376,-0.0001069590984943,156.79394,156.04812,0.5727340878030114,157.6459
2018-04-27,157.6459,0.0011621387832668,0.001797833441533,157.4628,156.2545,156.0632,0.0020801130455799,-0.0010713949786605,-0.0004029606450389,157.07222,156.12725500000002,0.6751174918719588,157.4737
2018-05-01,157.4737,-0.0010929184800986,0.0018176259376367,157.6459,156.3441,155.9725,0.0011621387832668,0.0005732591409797,-0.0005813437536436,157.29814000000002,156.202315,0.7375697606541525,157.7642
2018-05-02,157.7642,0.0018430530226975,0.0018105578028012,157.4737,156.7727,155.8286,-0.0010929184800986,0.0027376382722635,-0.0009230243909761,157.49644,156.29909500000002,0.8094399743290841,157.7781
2018-05-03,157.7781,8.810229252301315e-05,0.001572631828616,157.7642,157.1356,155.3218,0.0018430530226975,0.0023121412315117,-0.0032575914938622,157.62493999999998,156.42191,0.8391520832393385,157.8326
2018-05-04,157.8326,0.0003453621853868,0.0015741362992014,157.7781,157.4628,155.4869,8.810229252301315e-05,0.0020801130455799,0.0010623899236323,157.6989,156.539195,0.8651143918517586,157.7261
2018-05-08,157.7261,-0.0006749932994627,0.0014529948229928,157.8326,157.6459,156.0464,0.0003453621853868,0.0011621387832668,0.0035919152241436,157.71494,156.62318,0.8957461538701601,157.5276
2018-05-09,157.5276,-0.0012593033879222,0.0012131207776671,157.7261,157.4737,155.5234,-0.0006749932994627,-0.0010929184800986,-0.003357196308612,157.72572,156.72339000000002,0.8781703730301119,157.7914
2018-05-10,157.7914,0.0016732265518187,0.0012260681432005,157.5276,157.7642,155.5327,-0.0012593033879222,0.0018430530226975,5.9796287568601217e-05,157.73116,156.83632500000002,0.8620751364489945,157.8791
2018-05-11,157.8791,0.0005556426860055,0.0012110307609082,157.7914,157.7781,155.5146,0.0016732265518187,8.810229252301315e-05,-0.0001163810135656,157.75136000000003,156.95454999999998,0.832914255689522,157.8822
2018-05-14,157.8822,1.9635085110968885e-05,0.0012189408855409,157.8791,157.8326,155.5679,0.0005556426860055,0.0003453621853868,0.0003426743742998,157.76128,157.070265,0.7897739205082419,157.9215
2018-05-15,157.9215,0.0002488887888448,0.0012229886566443,157.8822,157.7261,155.7097,1.9635085110968885e-05,-0.0006749932994627,0.0009110839315691,157.80036,157.180855,0.7426827263651657,158.0362
2018-05-16,158.0362,0.0007260465881263,0.001217874249371,157.9215,157.5276,155.7456,0.0002488887888448,-0.0012593033879222,0.0002305306742829,157.90208,157.295385,0.6840010289612566,158.5077
2018-05-17,158.5077,0.0029790518705535,0.0013156455891652,158.0362,157.7914,155.9267,0.0007260465881263,0.0016732265518187,0.0011621181630937,158.04534,157.424435,0.6550460700864881,158.0664
2018-05-18,158.0664,-0.0027879746690887,0.0014751440670058,158.5077,157.8791,156.3307,0.0029790518705535,0.0005556426860055,0.0025876102562998,158.08280000000002,157.51122,0.6163496876252051,157.8118
2018-05-21,157.8118,-0.0016120140936183,0.0015523521320575,158.0664,157.8822,156.422,-0.0027879746690887,1.9635085110968885e-05,0.0005838478938376,158.06871999999998,157.58071,0.56313141110444,157.8376
2018-05-22,157.8376,0.0001634725113207,0.0015130382479913,157.8118,157.9215,156.2545,-0.0016120140936183,0.0002488887888448,-0.0010713949786605,158.05194,157.659865,0.470558009443434,157.8943
2018-05-23,157.8943,0.0003591654857143,0.0015132799967773,157.8376,158.0362,156.3441,0.0001634725113207,0.0007260465881263,0.0005732591409797,158.02356,157.73737500000001,0.3561961461991083,157.9682
2018-05-24,157.9682,0.0004679251341858,0.0014182351529554,157.8943,158.5077,156.7727,0.0003591654857143,0.0029790518705535,0.0027376382722635,157.91566,157.79715000000002,0.277380558389217,158.0561
2018-05-25,158.0561,0.0005562863505543,0.0013447679351785,157.9682,158.0664,157.1356,0.0004679251341858,-0.0027879746690887,0.0023121412315117,157.9136,157.843175,0.23495802500528723,158.0433
2018-05-28,158.0433,-8.098718318978038e-05,0.0012787342538737,158.0561,157.8118,157.4628,0.0005562863505543,-0.0016120140936183,0.0020801130455799,157.9599,157.8722,0.22093295711749047,157.9986
2018-05-30,157.9986,-0.0002828738866463,0.0012612618830153,158.0433,157.8376,157.6459,-8.098718318978038e-05,0.0001634725113207,0.0011621387832668,157.9921,157.889835,0.21593876626837566,158.09
2018-05-31,158.09,0.0005783188798799,0.00123227842831,157.9986,157.8943,157.4737,-0.0002828738866463,0.0003591654857143,-0.0010929184800986,158.03124,157.92065,0.19653148526009495,158.1255
2018-06-01,158.1255,0.0002245304240249,0.0011699410916287,158.09,157.9682,157.7642,0.0005783188798799,0.0004679251341858,0.0018430530226975,158.0627,157.938715,0.19799360765491975,158.5905
2018-06-04,158.5905,0.0029363867573264,0.0013291054077908,158.1255,158.0561,157.7781,0.0002245304240249,0.0005562863505543,8.810229252301315e-05,158.16958,157.979335,0.24179751476362868,158.5126
2018-06-05,158.5126,-0.0004913228635549,0.0013392992598688,158.5905,158.0433,157.8326,0.0029363867573264,-8.098718318978038e-05,0.0003453621853868,158.26344,158.013335,0.266613768031099,158.5708
2018-06-06,158.5708,0.0003670958533533,0.0013230262003633,158.5126,157.9986,157.7261,-0.0004913228635549,-0.0002828738866463,-0.0006749932994627,158.37788,158.05557000000002,0.2849896121163721,158.636
2018-06-07,158.636,0.0004110882926734,0.0012733920153332,158.5708,158.09,157.5276,0.0003670958533533,0.0005783188798799,-0.0012593033879222,158.48708,158.11099,0.2846864976804722,158.8323
2018-06-08,158.8323,0.0012366590618165,0.0012531062334596,158.636,158.1255,157.7914,0.0004110882926734,0.0002245304240249,0.0016732265518187,158.62844,158.16303499999998,0.31654868626694926,158.9143
2018-06-11,158.9143,0.0005161345664775,0.0012527608277183,158.8323,158.5905,157.8791,0.0012366590618165,0.0029363867573264,0.0005556426860055,158.6932,158.214795,0.35049261639258567,159.1135
2018-06-12,159.1135,0.0012527208379301,0.0012671102283354,158.9143,158.5126,157.8822,0.0005161345664775,-0.0004913228635549,1.9635085110968885e-05,158.81338,158.27636,0.3943884451219135,159.6587
2018-06-13,159.6587,0.0034206278439681,0.0014359584050229,159.1135,158.5708,157.9215,0.0012527208379301,0.0003670958533533,0.0002488887888448,159.03096,158.36321999999998,0.4914718887536734,159.6003
2018-06-14,159.6003,-0.0003658471689217,0.0014494865122086,159.6587,158.636,158.0362,0.0034206278439681,0.0004110882926734,0.0007260465881263,159.22382,158.44142499999998,0.5567978059151253,159.8809
2018-06-18,159.8809,0.0017565983360052,0.0013622602422592,159.6003,158.8323,158.5077,-0.0003658471689217,0.0012366590618165,0.0029790518705535,159.43354,158.510085,0.643340955881061,159.8239
2018-06-19,159.8239,-0.000356578947854,0.001152131852058,159.8809,158.9143,158.0664,0.0017565983360052,0.0005161345664775,-0.0027879746690887,159.61546,158.59796,0.6973135399616869,159.8939
2018-06-20,159.8939,0.0004378861678549,0.001034589791717,159.8239,159.1135,157.8118,-0.000356578947854,0.0012527208379301,-0.0016120140936183,159.77154000000002,158.702065,0.7284927917413417,160.0279
2018-06-21,160.0279,0.0008377047630777,0.0010286860738232,159.8939,159.6587,157.8376,0.0004378861678549,0.0034206278439681,0.0001634725113207,159.84538000000003,158.81158,0.7558195695040836,159.6106
2018-06-22,159.6106,-0.0026110761819125,0.0012658833413548,160.0279,159.6003,157.8943,0.0008377047630777,-0.0003658471689217,0.0003591654857143,159.84744,158.897395,0.7435245824258928,158.9913
2018-06-25,158.9913,-0.0038876151082902,0.0016075759460496,159.6106,159.8809,157.9682,-0.0026110761819125,0.0017565983360052,0.0004679251341858,159.66952,158.94855,0.7107011145140869,158.6426
2018-06-26,158.6426,-0.002195610355706,0.0017015606406496,158.9913,159.8239,158.0561,-0.0038876151082902,-0.000356578947854,0.0005562863505543,159.43326,158.977875,0.683518940435965,158.6676
2018-06-28,158.6676,0.0001575745125857,0.0017004322893738,158.6426,159.8939,158.0433,-0.002195610355706,0.0004378861678549,-8.098718318978038e-05,159.188,159.00909,0.6521267763919187,158.2569
2018-06-29,158.2569,-0.0025917859294653,0.0018096085396281,158.6676,160.0279,157.9986,0.0001575745125857,0.0008377047630777,-0.0002828738866463,158.83380000000002,159.02200499999998,0.6333487078412265,158.3634
2018-07-02,158.3634,0.0006727301061651,0.0018110948082535,158.2569,159.6106,158.09,-0.0025917859294653,-0.0026110761819125,0.0005783188798799,158.58436,159.035675,0.6148543249274872,158.4435
2018-07-03,158.4435,0.0005056708152935,0.0018133130840639,158.3634,158.9913,158.1255,0.0006727301061651,-0.0038876151082902,0.0002245304240249,158.4748,159.05157499999999,0.5938308937363466,158.4355
2018-07-04,158.4355,-5.049245927756896e-05,0.0016859819689212,158.4435,158.6426,158.5905,0.0005056708152935,-0.002195610355706,0.0029363867573264,158.43338,159.043825,0.601131585418111,158.5859
2018-07-05,158.5859,0.0009488319166059,0.0016968108497648,158.4355,158.6676,158.5126,-5.049245927756896e-05,0.0001575745125857,-0.0004913228635549,158.41704,159.04748999999998,0.5979372937224523,158.8105
2018-07-06,158.8105,0.0014152651856732,0.0017239642005151,158.5859,158.2569,158.5708,0.0009488319166059,-0.0025917859294653,0.0003670958533533,158.52776,159.059475,0.5902323020266699,159.0784
2018-07-09,159.0784,0.0016854949224268,0.0017601913068132,158.8105,158.3634,158.636,0.0014152651856732,0.0006727301061651,0.0004110882926734,158.67076,159.081595,0.5817555296259992,159.2333
2018-07-10,159.2333,0.0009732599350086,0.0017525168283802,159.0784,158.4435,158.8323,0.0016854949224268,0.0005056708152935,0.0012366590618165,158.82872,159.10164500000002,0.5796176956343913,159.3281
2018-07-11,159.3281,0.0005951757042657,0.0017535315662214,159.2333,158.4355,158.9143,0.0009732599350086,-5.049245927756896e-05,0.0005161345664775,159.00724,159.122335,0.5799636551569738,159.3652
2018-07-12,159.3652,0.0002328257303657,0.0017338837213497,159.3281,158.5859,159.1135,0.0005951757042657,0.0009488319166059,0.0012527208379301,159.1631,159.13492000000002,0.5824872572022758,159.3721
2018-07-13,159.3721,4.329584269608681e-05,0.0015455436459399,159.3652,158.8105,159.6587,0.0002328257303657,0.0014152651856732,0.0034206278439681,159.27542,159.12059000000002,0.5723606967848941,159.4635
2018-07-16,159.4635,0.0005733362429021,0.0015509743532316,159.3721,159.0784,159.6003,4.329584269608681e-05,0.0016854949224268,-0.0003658471689217,159.35244,159.11375,0.5671196128014732,159.82
2018-07-17,159.82,0.0022331260347059,0.0015833945937911,159.4635,159.2333,159.8809,0.0005733362429021,0.0009732599350086,0.0017565983360052,159.46978,159.110705,0.5629318435307573,159.8951
2018-07-18,159.8951,0.0004697932714549,0.0015849045495558,159.82,159.3281,159.8239,0.0022331260347059,0.0005951757042657,-0.000356578947854,159.58318,159.114265,0.5678828587860714,160.01
2018-07-19,160.01,0.0007183380630115,0.0015900077412602,159.8951,159.3652,159.8939,0.0004697932714549,0.0002328257303657,0.0004378861678549,159.71214,159.12007,0.5767953382019116,159.9869
2018-07-20,159.9869,-0.0001443763988971,0.0015790823868867,160.01,159.3721,160.0279,0.0007183380630115,4.329584269608681e-05,0.0008377047630777,159.83509999999998,159.11802,0.5734622123676191,160.0312
2018-07-23,160.0312,0.0002768593419122,0.0014562469086592,159.9869,159.4635,159.6106,-0.0001443763988971,0.0005733362429021,-0.0026110761819125,159.94864,159.13905,0.5995935776690534,159.5204
2018-07-24,159.5204,-0.0031969824908462,0.0013609978858802,160.0312,159.82,158.9913,0.0002768593419122,0.0022331260347059,-0.0038876151082902,159.88871999999998,159.165505,0.6043847297157163,159.4795
2018-07-25,159.4795,-0.0002564264140779,0.0012482989840728,159.5204,159.8951,158.6426,-0.0031969824908462,0.0004697932714549,-0.002195610355706,159.8056,159.20735,0.595177119557779,159.5434
2018-07-26,159.5434,0.0004005982069284,0.0012484007798255,159.4795,160.01,158.6676,-0.0002564264140779,0.0007183380630115,0.0001575745125857,159.71228000000002,159.25114000000002,0.5855150017070578,159.612
2018-07-30,159.612,0.000429884633357,0.0010502936318182,159.5434,159.9869,158.2569,0.0004005982069284,-0.0001443763988971,-0.0025917859294653,159.6373,159.318895,0.5411304195728932,159.7087
2018-07-31,159.7087,0.0006056607226276,0.0010495722562454,159.612,160.0312,158.3634,0.000429884633357,0.0002768593419122,0.0006727301061651,159.5728,159.38616,0.49800159201050304,159.7491
2018-08-01,159.7491,0.0002529285571701,0.0010500453783184,159.7087,159.5204,158.4435,0.0006056607226276,-0.0031969824908462,0.0005056708152935,159.61854,159.45144,0.45131352897341354,159.5855
2018-08-02,159.5855,-0.0010246306808795,0.001094209601011,159.7491,159.4795,158.4355,0.0002529285571701,-0.0002564264140779,-5.049245927756896e-05,159.63974,159.50894,0.38317971098179143,159.6628
2018-08-03,159.6628,0.0004842625724906,0.0010859878820211,159.5855,159.5434,158.5859,-0.0010246306808795,0.0004005982069284,0.0009488319166059,159.66361999999998,159.56278500000002,0.31650987385888474,159.8111
2018-08-06,159.8111,0.000928401416529,0.0010658483155293,159.6628,159.612,158.8105,0.0004842625724906,0.000429884633357,0.0014152651856732,159.70344,159.612815,0.26646408909355046,159.859
2018-08-07,159.859,0.0002996839576706,0.0010158718678757,159.8111,159.7087,159.0784,0.000928401416529,0.0006056607226276,0.0016854949224268,159.7335,159.651845,0.23991225904399144,159.8027
2018-08-08,159.8027,-0.0003522473951815,0.0010090576624243,159.859,159.7491,159.2333,0.0002996839576706,0.0002529285571701,0.0009732599350086,159.74422,159.680315,0.2206409854506377,159.8744
2018-08-09,159.8744,0.0004485776503998,0.0010064003460121,159.8027,159.5855,159.3281,-0.0003522473951815,-0.0010246306808795,0.0005951757042657,159.802,159.70763,0.20820761921086275,160.0374
2018-08-10,160.0374,0.0010190309585656,0.0010241348320177,159.8744,159.6628,159.3652,0.0004485776503998,0.0004842625724906,0.0002328257303657,159.87691999999998,159.74124,0.20423865648475623,160.0429
2018-08-13,160.0429,3.436637619087302e-05,0.0010242134844863,160.0374,159.8111,159.3721,0.0010190309585656,0.000928401416529,4.329584269608681e-05,159.92328,159.77478,0.19531229126316285,160.0946
2018-08-14,160.0946,0.0003229862196678,0.0010210643440754,160.0429,159.859,159.4635,3.436637619087302e-05,0.0002996839576706,0.0005733362429021,159.97039999999998,159.806335,0.19334536385367593,160.1096
2018-08-15,160.1096,9.369021400068304e-05,0.0009016646579167,160.0946,159.8027,159.82,0.0003229862196678,-0.0003522473951815,0.0022331260347059,160.03178,159.82081499999998,0.2049204832625171,160.1768
2018-08-16,160.1768,0.0004196244422869,0.0009006231649368,160.1096,159.8744,159.8951,9.369021400068304e-05,0.0004485776503998,0.0004697932714549,160.09225999999998,159.8349,0.21946046272022804,160.4394
2018-08-17,160.4394,0.0016380960083791,0.000956266652327,160.1768,160.0374,160.01,0.0004196244422869,0.0010190309585656,0.0007183380630115,160.17266,159.85637,0.25553205806192764,160.466
2018-08-20,160.466,0.0001657809439226,0.0009540269057806,160.4394,160.0429,159.9869,0.0016380960083791,3.436637619087302e-05,-0.0001443763988971,160.25727999999998,159.880325,0.2887149237523944,160.596
2018-08-21,160.596,0.0008098124792374,0.0009651496169091,160.466,160.0946,160.0312,0.0001657809439226,0.0003229862196678,0.0002768593419122,160.35755999999998,159.908565,0.32905345308446277,160.6166
2018-08-23,160.6166,0.0001282639599332,0.0005510820092868,160.596,160.1096,159.5204,0.0008098124792374,9.369021400068304e-05,-0.0031969824908462,160.45896,159.96337499999998,0.35152345858298933,160.8
2018-08-24,160.8,0.0011411981826949,0.0005596947373278,160.6166,160.1768,159.4795,0.0001282639599332,0.0004196244422869,-0.0002564264140779,160.5836,160.02939999999998,0.3788088296675649,160.8731
2018-08-27,160.8731,0.0004544986898706,0.0005597651988963,160.8,160.4394,159.5434,0.0011411981826949,0.0016380960083791,0.0004005982069284,160.67034,160.095885,0.4048167255715758,161.0916
2018-08-28,161.0916,0.0013572918617732,0.0005981596661005,160.8731,160.466,159.612,0.0004544986898706,0.0001657809439226,0.000429884633357,160.79546,160.16986500000002,0.4449422141514917,161.2647
2018-08-29,161.2647,0.0010739670149947,0.0006130853912168,161.0916,160.596,159.7087,0.0013572918617732,0.0008098124792374,0.0006056607226276,160.9292,160.247665,0.4934535452323901,161.3587
2018-08-30,161.3587,0.000582722782414,0.0006109526759845,161.2647,160.6166,159.7491,0.0010739670149947,0.0001282639599332,0.0002529285571701,161.07762,160.328145,0.5371818631939081,161.473
2018-08-31,161.473,0.0007081089296746,0.0004950435532352,161.3587,160.8,159.5855,0.000582722782414,0.0011411981826949,-0.0010246306808795,161.21222,160.42252000000002,0.564929492165278,161.4909
2018-09-03,161.4909,0.0001108483023541,0.000506076983235,161.473,160.8731,159.6628,0.0007081089296746,0.0004544986898706,0.0004842625724906,161.33578,160.513925,0.5831369414298686,161.5684
2018-09-04,161.5684,0.0004797880852628,0.0004992152800233,161.4909,161.0916,159.8111,0.0001108483023541,0.0013572918617732,0.000928401416529,161.43114,160.60179,0.6036936543280297,161.8671
2018-09-05,161.8671,0.0018470457628792,0.0005733073220029,161.5684,161.2647,159.859,0.0004797880852628,0.0010739670149947,0.0002996839576706,161.55162,160.70219500000002,0.6395773139035622,162.0424
2018-09-06,162.0424,0.0010824012084548,0.0005330454271021,161.8671,161.3587,159.8027,0.0018470457628792,0.000582722782414,-0.0003522473951815,161.68836,160.81418,0.6691852489660278,161.9807
2018-09-07,161.9807,-0.0003808370498628,0.0005832042755158,162.0424,161.473,159.8744,0.0010824012084548,0.0007081089296746,0.0004485776503998,161.78990000000002,160.919495,0.6791684749030249,161.7706
2018-09-10,161.7706,-0.0012979100284325,0.0007208446815602,161.9807,161.4909,160.0374,-0.0003808370498628,0.0001108483023541,0.0010190309585656,161.84584,161.006155,0.6712210220634885,162.3613
2018-09-11,162.3613,0.0036448165326437,0.0009898266306381,161.7706,161.5684,160.0429,-0.0012979100284325,0.0004797880852628,3.436637619087302e-05,162.00442,161.122075,0.6958532965752421,162.2853
2018-09-12,162.2853,-0.0004682014312691,0.0010217856782793,162.3613,161.8671,160.0946,0.0036448165326437,0.0018470457628792,0.0003229862196678,162.08805999999998,161.23161,0.6980217760604438,162.5011
2018-09-13,162.5011,0.0013288735720267,0.0010218398818629,162.2853,162.0424,160.1096,-0.0004682014312691,0.0010824012084548,9.369021400068304e-05,162.17980000000003,161.35118500000002,0.7005331956045987,162.805
2018-09-14,162.805,0.001868394649882,0.0010488307024603,162.5011,161.9807,160.1768,0.0013288735720267,-0.0003808370498628,0.0004196244422869,162.34466,161.482595,0.7149977758056868,163.1284
2018-09-17,163.1284,0.0019844551440922,0.001065879383321,162.805,161.7706,160.4394,0.001868394649882,-0.0012979100284325,0.0016380960083791,162.61622000000003,161.61704500000002,0.7599202454251396,164.4062
2018-09-18,164.4062,0.0078025740347186,0.001875453184305,163.1284,162.3613,160.466,0.0019844551440922,0.0036448165326437,0.0001657809439226,163.02519999999998,161.814055,0.9361263699199655,165.6326
2018-09-19,165.6326,0.0074318876738294,0.0023300082200874,164.4062,162.2853,160.596,0.0078025740347186,-0.0004682014312691,0.0008098124792374,163.69466,162.065885,1.2243060329648552,166.4663
2018-09-20,166.4663,0.0050208040517927,0.0024283061709726,165.6326,162.5011,160.6166,0.0074318876738294,0.0013288735720267,0.0001282639599332,164.4877,162.35836999999998,1.5223225960289442,168.0316
2018-09-21,168.0316,0.0093591704216973,0.002951839766252,166.4663,162.805,160.8,0.0050208040517927,0.001868394649882,0.0011411981826949,165.53302,162.71995,1.9354596256679313,168.642
2018-09-25,168.642,0.0036260679115531,0.0029383194614964,168.0316,163.1284,160.8731,0.0093591704216973,0.0019844551440922,0.0004544986898706,166.63574,163.108395,2.29204696159199,168.803
2018-09-26,168.803,0.0009542296505598,0.0029469147723043,168.642,164.4062,161.0916,0.0036260679115531,0.0078025740347186,0.0013572918617732,167.51510000000002,163.493965,2.567036851525554,168.8687
2018-09-27,168.8687,0.0003891353692302,0.0029662896971405,168.803,165.6326,161.2647,0.0009542296505598,0.0074318876738294,0.0010739670149947,168.16232,163.874165,2.7742329316759395,169.2383
2018-09-28,169.2383,0.0021862910097689,0.002938868447555,168.8687,166.4663,161.3587,0.0003891353692302,0.0050208040517927,0.000582722782414,168.71671999999998,164.268145,2.952010680952599,169.2762
2018-10-01,169.2762,0.0002239195080762,0.0029553477185378,169.2383,168.0316,161.473,0.0021862910097689,0.0093591704216973,0.0007081089296746,168.96563999999998,164.65830499999998,3.076192596707325,169.1966
2018-10-02,169.1966,-0.0004703479952745,0.002981367194119,169.2762,168.642,161.4909,0.0002239195080762,0.0036260679115531,0.0001108483023541,169.07656,165.04359,3.1404913577772464,169.2425
2018-10-03,169.2425,0.0002712452567179,0.0029885371436891,169.1966,168.803,161.5684,-0.0004703479952745,0.0009542296505598,0.0004797880852628,169.16446000000002,165.42729500000002,3.162280510450228,169.5961
2018-10-04,169.5961,0.0020871301460937,0.0029870183615977,169.2425,168.8687,161.8671,0.0002712452567179,0.0003891353692302,0.0018470457628792,169.30994,165.81374499999998,3.176537482266945,170.0072
2018-10-05,170.0072,0.0024210612841895,0.0029725018754238,169.5961,169.2383,162.0424,0.0020871301460937,0.0021862910097689,0.0010824012084548,169.46372000000002,166.211985,3.178112125184792,170.2896
2018-10-08,170.2896,0.0016597280070055,0.0029063437984378,170.0072,169.2762,161.9807,0.0024210612841895,0.0002239195080762,-0.0003808370498628,169.6664,166.62743,3.1387125864057923,170.6859
2018-10-09,170.6859,0.0023245082326749,0.0027666432547895,170.2896,169.1966,161.7706,0.0016597280070055,-0.0004703479952745,-0.0012979100284325,169.96426000000002,167.073195,3.0442963899611155,170.9457
2018-10-10,170.9457,0.0015209368810252,0.0027685138659065,170.6859,169.2425,162.3613,0.0023245082326749,0.0002712452567179,0.0036448165326437,170.3049,167.502415,2.948655483121166,171.3034
2018-10-11,171.3034,0.0020902911373154,0.0026780756178016,170.9457,169.5961,162.2853,0.0015209368810252,0.0020871301460937,-0.0004682014312691,170.64636000000002,167.95332,2.794352440484237,171.3456
2018-10-12,171.3456,0.0002463162023723,0.0027179749644987,171.3034,170.0072,162.5011,0.0020902911373154,0.0024210612841895,0.0013288735720267,170.91404,168.395545,2.577527449735482,170.9078
2018-10-15,170.9078,-0.0025583397493617,0.0029548843853348,171.3456,170.2896,162.805,0.0002463162023723,0.0016597280070055,0.001868394649882,171.03768,168.800685,2.2711435877183868,170.3548
2018-10-16,170.3548,-0.0032409088135397,0.0032157167326765,170.9078,170.6859,163.1284,-0.0025583397493617,0.0023245082326749,0.0019844551440922,170.97146,169.162005,1.858595737429732,170.9227
2018-10-17,170.9227,0.0033280865230151,0.0029474857603024,170.3548,170.9457,164.4062,-0.0032409088135397,0.0015209368810252,0.0078025740347186,170.96686,169.48783,1.521638854399442,170.9331
2018-10-18,170.9331,6.084436773179573e-05,0.0026731811005443,170.9227,171.3034,165.6326,0.0033280865230151,0.0020902911373154,0.0074318876738294,170.8928,169.752855,1.252650942026532,171.2367
2018-10-19,171.2367,0.0017745580099186,0.0025485956286578,170.9331,171.3456,166.4663,6.084436773179573e-05,0.0002463162023723,0.0050208040517927,170.87102,169.991375,1.0279276463539286,171.6692
2018-10-22,171.6692,0.0025225592755568,0.001764560991251,171.2367,170.9078,168.0316,0.0017745580099186,-0.0025583397493617,0.0093591704216973,171.0233,170.17325499999998,0.9837854298744891,172.1625
2018-10-23,172.1625,0.0028694290751579,0.0017142894947756,171.6692,170.3548,168.642,0.0025225592755568,-0.0032409088135397,0.0036260679115531,171.38484,170.34928,1.0099895635503282,172.7322
2018-10-25,172.7322,0.003303620021633,0.001787535079113,172.1625,170.9227,168.803,0.0028694290751579,0.0033280865230151,0.0009542296505598,171.74674,170.54574,1.0735306900505721,172.8276
2018-10-26,172.8276,0.000552147572858,0.0017842493830901,172.7322,170.9331,168.8687,0.003303620021633,6.084436773179573e-05,0.0003891353692302,172.12564,170.743685,1.1123155588000841,172.9639
2018-10-29,172.9639,0.0007883363648842,0.0017691918205766,172.8276,171.2367,169.2383,0.000552147572858,0.0017745580099186,0.0021862910097689,172.47107999999997,170.929965,1.1579664122168234,173.9718
2018-10-30,173.9718,0.0058103149115922,0.0020449622213577,172.9639,171.6692,169.2762,0.0007883363648842,0.0025225592755568,0.0002239195080762,172.93159999999997,171.16474499999998,1.2751104502958632,174.3762
2018-10-31,174.3762,0.0023218171579635,0.0020078208960916,173.9718,172.1625,169.1966,0.0058103149115922,0.0028694290751579,-0.0004703479952745,173.37434000000002,171.42372500000002,1.3763158721100195,175.3557
2018-11-01,175.3557,0.0056014482012237,0.0021813216740597,174.3762,172.7322,169.2425,0.0023218171579635,0.003303620021633,0.0002712452567179,173.89904,171.729385,1.5359685167519996,174.4937
2018-11-02,174.4937,-0.0049278446347202,0.0026434031426157,175.3557,172.8276,169.5961,0.0056014482012237,0.000552147572858,0.0020871301460937,174.23226,171.974265,1.5680358925237137,174.342
2018-11-05,174.342,-0.0008697504846147,0.0026802009134127,174.4937,172.9639,170.0072,-0.0049278446347202,0.0007883363648842,0.0024210612841895,174.50788000000003,172.191005,1.5813600809797161,174.5314
2018-11-07,174.5314,0.0010857807938768,0.0026787556402834,174.342,173.9718,170.2896,-0.0008697504846147,0.0058103149115922,0.0016597280070055,174.6198,172.403095,1.5972963807075042,174.8183
2018-11-08,174.8183,0.0016424806690746,0.0026684129019499,174.5314,174.3762,170.6859,0.0010857807938768,0.0023218171579635,0.0023245082326749,174.70822,172.609715,1.6304080674965982,175.1377
2018-11-09,175.1377,0.0018253728393647,0.0026712302347691,174.8183,175.3557,170.9457,0.0016424806690746,0.0056014482012237,0.0015209368810252,174.66462,172.819315,1.6740983103968632,175.2614
2018-11-12,175.2614,0.0007060520711316,0.0026651836114918,175.1377,174.4937,171.3034,0.0018253728393647,-0.0049278446347202,0.0020902911373154,174.81816,173.01721500000002,1.7188121749840783,175.5942
2018-11-13,175.5942,0.0018970773150522,0.0026615402012214,175.2614,174.342,171.3456,0.0007060520711316,-0.0008697504846147,0.0002463162023723,175.0686,173.229645,1.763310514622597,176.0527
2018-11-14,176.0527,0.0026077309928033,0.0025221082843077,175.5942,174.5314,170.9078,0.0018970773150522,0.0010857807938768,-0.0025583397493617,175.37286,173.48689,1.7819443989360266,176.2254
2018-11-15,176.2254,0.0009804754472969,0.0022700121009132,176.0527,174.8183,170.3548,0.0026077309928033,0.0016424806690746,-0.0032409088135397,175.65428,173.78042,1.7213434626398545,176.4816
2018-11-16,176.4816,0.0014527641643611,0.0022374604813108,176.2254,175.1377,170.9227,0.0009804754472969,0.0018253728393647,0.0033280865230151,175.92306,174.058365,1.6840143821204583,176.5966
2018-11-19,176.5966,0.000651413789164,0.002219903126139,176.4816,175.2614,170.9331,0.0014527641643611,0.0007060520711316,6.084436773179573e-05,176.19009999999997,174.34154,1.6051525313170714,177.1682
2018-11-21,177.1682,0.0032315283907508,0.0022486241437443,176.5966,175.5942,171.2367,0.000651413789164,0.0018970773150522,0.0017745580099186,176.5049,174.63811500000003,1.5482523091771354,178.3986
2018-11-23,178.3986,0.0069208087543381,0.0025304431494982,177.1682,176.0527,171.6692,0.0032315283907508,0.0026077309928033,0.0025225592755568,176.97408000000001,174.974585,1.5994599250432735,179.4631
2018-11-26,179.4631,0.0059492431835877,0.0026803684186817,178.3986,176.2254,172.1625,0.0069208087543381,0.0009804754472969,0.0028694290751579,177.62161999999998,175.339615,1.7499048970333366,180.1114
2018-11-27,180.1114,0.0036059325812781,0.0026884927145908,179.4631,176.4816,172.7322,0.0059492431835877,0.0014527641643611,0.003303620021633,178.34758000000002,175.708575,1.9389343966611379,180.3916
2018-11-28,180.3916,0.001554495005169,0.0026675445851315,180.1114,176.5966,172.8276,0.0036059325812781,0.000651413789164,0.000552147572858,179.10657999999998,176.08677500000002,2.0799780704379405,180.0474
2018-11-29,180.0474,-0.0019098937941123,0.0028043226377082,180.3916,177.1682,172.9639,0.001554495005169,0.0032315283907508,0.0007883363648842,179.68242,176.44095,2.122873799569153,179.6722
2018-11-30,179.6722,-0.0020860700171065,0.0027965061206817,180.0474,178.3986,173.9718,-0.0019098937941123,0.0069208087543381,0.0058103149115922,179.93714,176.72597000000002,2.156322613313323,179.6165
2018-12-03,179.6165,-0.0003100570680137,0.0028231452694388,179.6722,179.4631,174.3762,-0.0020860700171065,0.0059492431835877,0.0023218171579635,179.96782000000002,176.987985,2.174076022305826,178.8232
2018-12-04,178.8232,-0.0044264142351954,0.0029407602030778,179.6165,180.1114,175.3557,-0.0003100570680137,0.0036059325812781,0.0056014482012237,179.71018,177.16136,2.1753161467393607,178.9267
2018-12-05,178.9267,0.000578616530082,0.002596213423097,178.8232,180.3916,174.4937,-0.0044264142351954,0.001554495005169,-0.0049278446347202,179.4172,177.38300999999998,2.1141807846941703,179.1033
2018-12-06,179.1033,0.0009865095903821,0.0025490318102219,178.9267,180.0474,174.342,0.000578616530082,-0.0019098937941123,-0.0008697504846147,179.22838000000002,177.62107500000002,2.019687370238633,179.1104
2018-12-07,179.1104,3.964114159188159e-05,0.0025653596646742,179.1033,179.6722,174.5314,0.0009865095903821,-0.0020860700171065,0.0010857807938768,179.11602,177.85002500000002,1.9074264791863536,178.8155
2018-12-10,178.8155,-0.0016478274789802,0.0026461269014369,179.1104,179.6165,174.8183,3.964114159188159e-05,-0.0003100570680137,0.0016424806690746,178.95582000000002,178.049885,1.7780702846288212,178.8981
2018-12-11,178.8981,0.0004618219797518,0.0026448433228323,178.8155,178.8232,175.1377,-0.0016478274789802,-0.0044264142351954,0.0018253728393647,178.9708,178.237905,1.6479774143910497,179.1527
2018-12-12,179.1527,0.0014221448068856,0.0026446153653351,178.8981,178.9267,175.2614,0.0004618219797518,0.000578616530082,0.0007060520711316,179.01600000000002,178.43247,1.501243672163606,179.4668
2018-12-13,179.4668,0.0017517177973779,0.002642502634147,179.1527,179.1033,175.5942,0.0014221448068856,0.0009865095903821,0.0018970773150522,179.0887,178.6261,1.3588913654541517,179.6566
2018-12-14,179.6566,0.0010570183823819,0.0026182878031232,179.4668,179.1104,176.0527,0.0017517177973779,3.964114159188159e-05,0.0026077309928033,179.19794000000002,178.806295,1.2327817719653038,179.8685
2018-12-17,179.8685,0.0011787773623401,0.0026185328431507,179.6566,178.8155,176.2254,0.0010570183823819,-0.0016478274789802,0.0009804754472969,179.40854,178.98845,1.0925325149685283,179.8466
2018-12-18,179.8466,-0.000121763028725,0.0026285851801037,179.8685,178.8981,176.4816,0.0011787773623401,0.0004618219797518,0.0014527641643611,179.59823999999998,179.1567,0.9337215261353803,180.0312
2018-12-19,180.0312,0.0010259038828772,0.0026277220883447,179.8466,179.1527,176.5966,-0.000121763028725,0.0014221448068856,0.000651413789164,179.77393999999998,179.32843,0.7321811776430519,180.4
2018-12-20,180.4,0.002046438425466,0.0025869225042744,180.0312,179.4668,177.1682,0.0010259038828772,0.0017517177973779,0.0032315283907508,179.96058,179.49002000000002,0.5687075981185787,180.7979
2018-12-21,180.7979,0.0022032252178498,0.0021947667070262,180.4,179.6566,178.3986,0.002046438425466,0.0010570183823819,0.0069208087543381,180.18884000000003,179.609985,0.5793216888603646,181.2244
2018-12-24,181.2244,0.0023562095335977,0.0018614630700656,180.7979,179.8685,179.4631,0.0022032252178498,0.0011787773623401,0.0059492431835877,180.46002000000001,179.69805000000002,0.680801016952794,181.472
2018-12-26,181.472,0.0013653294516466,0.0017264883537734,181.2244,179.8466,180.1114,0.0023562095335977,-0.000121763028725,0.0036059325812781,180.7851,179.76608000000002,0.7843800512437649,181.7208
2018-12-27,181.7208,0.0013700714271782,0.0017203459413384,181.472,180.0312,180.3916,0.0013653294516466,0.0010259038828772,0.001554495005169,181.12302,179.83254,0.8894441080926323,182.2783
2018-12-28,182.2783,0.0030631967822259,0.0017332683920382,181.7208,180.4,180.0474,0.0013700714271782,0.002046438425466,-0.0019098937941123,181.49867999999998,179.944085,1.04422817189216,182.7499
2018-12-31,182.7499,0.0025839113930939,0.0016632845841095,182.2783,180.7979,179.6722,0.0030631967822259,0.0022032252178498,-0.0020860700171065,181.88908,180.09796999999998,1.214883609781293,182.9113
2019-01-01,182.9113,0.0008827844490019,0.0016407611789201,182.7499,181.2244,179.6165,0.0025839113930939,0.0023562095335977,-0.0003100570680137,182.22646,180.26271,1.3607878619037483,182.5464
2019-01-02,182.5464,-0.0019969486004124,0.001273893274468,182.9113,181.472,178.8232,0.0008827844490019,0.0013653294516466,-0.0044264142351954,182.44134000000003,180.44887,1.4073691125639956,182.8568
2019-01-03,182.8568,0.0016989455738863,0.0012776108918681,182.5464,181.7208,178.9267,-0.0019969486004124,0.0013700714271782,0.000578616530082,182.66853999999998,180.645375,1.4571404880518781,182.8783
2019-01-04,182.8783,0.0001175714336675,0.0012958298042256,182.8568,182.2783,179.1033,0.0016989455738863,0.0030631967822259,0.0009865095903821,182.78854,180.834125,1.490978787248558,182.8278
2019-01-07,182.8278,-0.000276178058397,0.0013105398569108,182.8783,182.7499,179.1104,0.0001175714336675,0.0025839113930939,3.964114159188159e-05,182.80412,181.019995,1.4964852880293191,182.5069
2019-01-08,182.5069,-0.0017567457048505,0.0013224130688018,182.8278,182.9113,178.8155,-0.000276178058397,0.0008827844490019,-0.0016478274789802,182.72324,181.204565,1.436729888990838,182.4676
2019-01-09,182.4676,-0.0002153575121104,0.001345961425588,182.5069,182.5464,178.8981,-0.0017567457048505,-0.0019969486004124,0.0004618219797518,182.70747999999998,181.38304,1.3544871394343956,182.6258
2019-01-10,182.6258,0.0008666276076272,0.0013422534557334,182.4676,182.8568,179.1527,-0.0002153575121104,0.0016989455738863,0.0014221448068856,182.66127999999998,181.55669500000002,1.2737220123151667,182.292
2019-01-11,182.292,-0.0018294536090023,0.0014643931901421,182.6258,182.8783,179.4668,0.0008666276076272,0.0001175714336675,0.0017517177973779,182.54402,181.697955,1.1831917606841378,181.8156
2019-01-14,181.8156,-0.0026168103706351,0.0016469815955394,182.292,182.8278,179.6566,-0.0018294536090023,-0.000276178058397,0.0010570183823819,182.34157999999996,181.805905,1.0812409578195514,182.2205
2019-01-16,182.2205,0.0022245055749586,0.001682627198188,181.8156,182.5069,179.8685,-0.0026168103706351,-0.0017567457048505,0.0011787773623401,182.28429999999997,181.923505,0.9828613932493967,182.385
2019-01-17,182.385,0.0009023451986417,0.0016734764588702,182.2205,182.4676,179.8466,0.0022245055749586,-0.0002153575121104,-0.000121763028725,182.26778,182.050425,0.8562950603267879,182.3121
2019-01-18,182.3121,-0.0003997838259254,0.0016891892738489,182.385,182.6258,180.0312,0.0009023451986417,0.0008666276076272,0.0010259038828772,182.20504,182.16447,0.7131347529324182,181.7405
2019-01-21,181.7405,-0.0031402081441406,0.0018506287345437,182.3121,182.292,180.4,-0.0003997838259254,-0.0018294536090023,0.002046438425466,182.09473999999997,182.231495,0.5911278919622425,181.7506
2019-01-22,181.7506,5.557219971880317e-05,0.0018002913855981,181.7405,181.8156,180.7979,-0.0031402081441406,-0.0026168103706351,0.0022032252178498,182.08174,182.27912999999998,0.5010460122246432,181.85
2019-01-23,181.85,0.0005467537868541,0.0017337883230267,181.7506,182.2205,181.2244,5.557219971880317e-05,0.0022245055749586,0.0023562095335977,182.00763999999998,182.31041,0.4485076680068379,182.263
2019-01-24,182.263,0.002268527501713,0.0017777050182561,181.85,182.385,181.472,0.0005467537868541,0.0009023451986417,0.0013653294516466,181.98324,182.34996,0.40327969704707023,181.8987
2019-01-25,181.8987,-0.0020007602201201,0.0018219187816869,182.263,182.3121,181.7208,0.002268527501713,-0.0003997838259254,0.0013700714271782,181.90055999999998,182.358855,0.390429360714925,181.6262
2019-01-28,181.6262,-0.0014992098260113,0.0017066199308698,181.8987,181.7405,182.2783,-0.0020007602201201,-0.0031402081441406,0.0030631967822259,181.8777,182.32625000000002,0.42335123833261906,181.6271
2019-01-29,181.6271,4.955219952530438e-06,0.001579558248056,181.6262,181.7506,182.7499,-0.0014992098260113,5.557219971880317e-05,0.0025839113930939,181.853,182.27011,0.4383939922848948,181.5259
2019-01-30,181.5259,-0.0005573408597457,0.0015550456619684,181.6271,181.85,182.9113,4.955219952530438e-06,0.0005467537868541,0.0008827844490019,181.78818,182.20084,0.4411917954430663,179.8821
2019-01-31,179.8821,-0.0090967069647922,0.0024792738495408,181.5259,182.263,182.5464,-0.0005573408597457,0.002268527501713,-0.0019969486004124,181.312,182.067625,0.6728013923127393,178.7208
2019-02-01,178.7208,-0.0064768246973832,0.0027192222888595,179.8821,181.8987,182.8568,-0.0090967069647922,-0.0020007602201201,0.0016989455738863,180.67642,181.860825,0.9820410581100603,177.5497
2019-02-05,177.5497,-0.0065742418638243,0.0029571248728938,178.7208,181.6262,182.8783,-0.0064768246973832,-0.0014992098260113,0.0001175714336675,179.86112,181.594395,1.3466240957232898,177.824
2019-02-06,177.824,0.0015437273747244,0.0030233294744978,177.5497,181.6271,182.8278,-0.0065742418638243,4.955219952530438e-06,-0.000276178058397,179.1005,181.344205,1.5542339878110305,178.0456
2019-02-07,178.0456,0.0012454001614197,0.0030780650691431,177.824,181.5259,182.5069,0.0015437273747244,-0.0005573408597457,-0.0017567457048505,178.40444,181.12114000000003,1.6925688649128625,177.5755
2019-02-08,177.5755,-0.0026438266673498,0.0030835192645196,178.0456,179.8821,182.4676,0.0012454001614197,-0.0090967069647922,-0.0002153575121104,177.94312,180.87653500000002,1.8352251295209616,177.9469
2019-02-11,177.9469,0.0020893205891094,0.0031415390185032,177.5755,178.7208,182.6258,-0.0026438266673498,-0.0064768246973832,0.0008666276076272,177.78834,180.64258999999998,1.897660639854168,177.7812
2019-02-12,177.7812,-0.0009316104743156,0.0031399550747132,177.9469,177.5497,182.292,0.0020893205891094,-0.0065742418638243,-0.0018294536090023,177.83464,180.41705,1.958394021546955,178.2212
2019-02-13,178.2212,0.0024718947065693,0.0032285342121649,177.7812,177.824,181.8156,-0.0009316104743156,0.0015437273747244,-0.0026168103706351,177.91408,180.23733,1.9879990638696965,178.5202
2019-02-14,178.5202,0.0016762846701508,0.0032019488083146,178.2212,178.0456,182.2205,0.0024718947065693,0.0012454001614197,0.0022245055749586,178.00900000000001,180.052315,1.9657813026148403,178.6319
2019-02-15,178.6319,0.0006255038323557,0.0031937626963266,178.5202,177.5755,182.385,0.0016762846701508,-0.0026438266673498,0.0009023451986417,178.22028,179.86466000000001,1.9097188818610351,178.7021
2019-02-18,178.7021,0.0003929097197754,0.0032070122980524,178.6319,177.9469,182.3121,0.0006255038323557,0.0020893205891094,-0.0003997838259254,178.37132,179.68416,1.835375712963618,179.6789
2019-02-20,179.6789,0.0054511953415108,0.0034698729411255,178.7021,177.7812,181.7405,0.0003929097197754,-0.0009316104743156,-0.0031402081441406,178.75086,179.58108,1.7705553676890697,179.6042
2019-02-21,179.6042,-0.0004158280814009,0.0034669967606948,179.6789,178.2212,181.7506,0.0054511953415108,0.0024718947065693,5.557219971880317e-05,179.02746,179.47376000000003,1.695595311496363,179.5583
2019-02-22,179.5583,-0.0002555946138578,0.003457731877363,179.6042,178.5202,181.85,-0.0004158280814009,0.0016762846701508,0.0005467537868541,179.23507999999998,179.359175,1.6013787115203693,179.482
2019-02-25,179.482,-0.000425021932906,0.0033905280688679,179.5583,178.6319,182.263,-0.0002555946138578,0.0006255038323557,0.002268527501713,179.4051,179.220125,1.449501730659341,179.7118
2019-02-26,179.7118,0.001279532282308,0.003407096158231,179.482,178.7021,181.8987,-0.000425021932906,0.0003929097197754,-0.0020007602201201,179.60704,179.11078,1.3128495278151693,179.8414
2019-02-27,179.8414,0.0007208947416549,0.0034125829067315,179.7118,179.6789,181.6262,0.001279532282308,0.0054511953415108,-0.0014992098260113,179.63954,179.02154000000002,1.18754714093704,179.7994
2019-02-28,179.7994,-0.0002335663817393,0.0034111647555259,179.8414,179.6042,181.6271,0.0007208947416549,-0.0004158280814009,4.955219952530438e-06,179.67858,178.930155,1.0373091435995232,180.1021
2019-03-01,180.1021,0.0016821273119198,0.0034459586771588,179.7994,179.5583,181.5259,-0.0002335663817393,-0.0002555946138578,-0.0005573408597457,179.78734,178.858965,0.8878832777872206,179.6806
2019-03-05,179.6806,-0.0023430820483443,0.0028227969667972,180.1021,179.482,179.8821,0.0016821273119198,-0.000425021932906,-0.0090967069647922,179.82706000000002,178.84888999999998,0.8767357615793259,179.5852
2019-03-06,179.5852,-0.0005310831269901,0.002391069710905,179.6806,179.7118,178.7208,-0.0023430820483443,0.001279532282308,-0.0064768246973832,179.80174,178.89211,0.8912744369428728,178.5012
2019-03-07,178.5012,-0.0060544232412083,0.0023146914979237,179.5852,179.8414,177.5497,-0.0005310831269901,0.0007208947416549,-0.0065742418638243,179.5337,178.939685,0.8397528058745105,178.4507
2019-03-08,178.4507,-0.0002829512902827,0.0022976484798087,178.5012,179.7994,177.824,-0.0060544232412083,-0.0002335663817393,0.0015437273747244,179.26396,178.97102,0.8069835448334646,178.3794
2019-03-11,178.3794,-0.0003996299692706,0.0022867661901747,178.4507,180.1021,178.0456,-0.0002829512902827,0.0016821273119198,0.0012454001614197,178.91942,178.98771,0.7901121611587306,178.5096
2019-03-12,178.5096,0.0007296386595062,0.0021968681884677,178.3794,179.6806,177.5755,-0.0003996299692706,-0.0023430820483443,-0.0026438266673498,178.68522000000002,179.034415,0.7273561447391728,178.7689
2019-03-13,178.7689,0.0014515289642527,0.0021734561595563,178.5096,179.5852,177.9469,0.0007296386595062,-0.0005310831269901,0.0020893205891094,178.52196,179.075515,0.6846404128986333,178.9307
2019-03-14,178.9307,0.0009046697901541,0.0021605306972132,178.7689,178.5012,177.7812,0.0014515289642527,-0.0060544232412083,-0.0009316104743156,178.60786000000002,179.13299,0.6149698305396523,178.88
2019-03-15,178.88,-0.0002833900737977,0.0021033333521919,178.9307,178.4507,178.2212,0.0009046697901541,-0.0002829512902827,0.0024718947065693,178.69372,179.16593,0.5802228256638238,178.7486
2019-03-18,178.7486,-0.000734840591121,0.002082321997989,178.88,178.3794,178.5202,-0.0002833900737977,-0.0003996299692706,0.0016762846701508,178.76756,179.17735,0.568983432790202,178.408
2019-03-19,178.408,-0.0019072871857965,0.0021229920663039,178.7486,178.5096,178.6319,-0.000734840591121,0.0007296386595062,0.0006255038323557,178.74724,179.166155,0.5823264570263761,178.4624
2019-03-21,178.4624,0.0003048725835562,0.0021220887307559,178.408,178.7689,178.7021,-0.0019072871857965,0.0014515289642527,0.0003929097197754,178.68594,179.15417,0.5947148454690897,178.1267
2019-03-22,178.1267,-0.0018828399363513,0.0017124574559167,178.4624,178.9307,179.6789,0.0003048725835562,0.0009046697901541,0.0054511953415108,178.52514,179.07656,0.6232308006630258,178.0969
2019-03-25,178.0969,-0.0001673106446036,0.0017134961579347,178.1267,178.88,179.6042,-0.0018828399363513,-0.0002833900737977,-0.0004158280814009,178.36852,179.001195,0.646759048458979,178.156
2019-03-26,178.156,0.000331786775867,0.0017215025007164,178.0969,178.7486,179.5583,-0.0001673106446036,-0.000734840591121,-0.0002555946138578,178.25,178.93108,0.6590788791946445,177.8233
2019-03-27,177.8233,-0.0018692103550386,0.0017529609253795,178.156,178.408,179.482,0.000331786775867,-0.0019072871857965,-0.000425021932906,178.13306000000003,178.848145,0.6897525799158305,176.4251
2019-03-28,176.4251,-0.00789393691342,0.0023657291348201,177.8233,178.4624,179.7118,-0.0018692103550386,0.0003048725835562,0.001279532282308,177.7256,178.68381,0.8468064178526725,176.13
2019-03-29,176.13,-0.0016740649556223,0.0023386028285105,176.4251,178.1267,179.8414,-0.00789393691342,-0.0018828399363513,0.0007208947416549,177.32626,178.49823999999998,0.9765068649074465,175.555
2019-04-01,175.555,-0.0032699746213803,0.0023814808833442,176.13,178.0969,179.7994,-0.0016740649556223,-0.0001673106446036,-0.0002335663817393,176.81788,178.28602,1.1282647428922234,174.7519
2019-04-02,174.7519,-0.0045851303927609,0.0023953399062194,175.555,178.156,180.1021,-0.0032699746213803,0.000331786775867,0.0016821273119198,176.13706,178.01851,1.2967017040619027,174.5033
2019-04-03,174.5033,-0.0014236010916099,0.0023872754092117,174.7519,177.8233,179.6806,-0.0045851303927609,-0.0018692103550386,-0.0023430820483443,175.47306,177.759645,1.4545972003223733,174.6211
2019-04-04,174.6211,0.0006748311173351,0.0024269211911729,174.5033,176.4251,179.5852,-0.0014236010916099,-0.00789393691342,-0.0005310831269901,175.11226000000002,177.51144000000002,1.5472710528205544,174.7415
2019-04-05,174.7415,0.0006892552595301,0.0022047501082044,174.6211,176.13,178.5012,0.0006748311173351,-0.0016740649556223,-0.0060544232412083,174.83456,177.32345500000002,1.6459372957381628,174.844
2019-04-08,174.844,0.0005864087780372,0.0022293994925771,174.7415,175.555,178.4507,0.0006892552595301,-0.0032699746213803,-0.0002829512902827,174.69235999999998,177.14312,1.7121805673812003,174.7209
2019-04-09,174.7209,-0.0007043041511809,0.0022259690753745,174.844,174.7519,178.3794,0.0005864087780372,-0.0045851303927609,-0.0003996299692706,174.68616,176.960195,1.7676808176481213,174.7282
2019-04-10,174.7282,4.178004751514302e-05,0.0022024400492251,174.7209,174.5033,178.5096,-0.0007043041511809,-0.0014236010916099,0.0007296386595062,174.73114,176.771125,1.7952482677824915,174.7157
2019-04-11,174.7157,-7.154224186100254e-05,0.0021359736478505,174.7282,174.6211,178.7689,4.178004751514302e-05,0.0006748311173351,0.0014515289642527,174.75006,176.568465,1.786611847582898,174.6648
2019-04-12,174.6648,-0.0002913728749033,0.0020918041333035,174.7157,174.7415,178.9307,-7.154224186100254e-05,0.0006892552595301,0.0009046697901541,174.73471999999998,176.35517,1.7438847602113607,174.6152
2019-04-16,174.6152,-0.0002840128282949,0.0020917896737474,174.6648,174.844,178.88,-0.0002913728749033,0.0005864087780372,-0.0002833900737977,174.68896,176.14193,1.6784210970441447,174.6477
2019-04-17,174.6477,0.0001861062259621,0.002112751070232,174.6152,174.7209,178.7486,-0.0002840128282949,-0.0007043041511809,-0.000734840591121,174.67432,175.93688500000002,1.5914570610236312,174.6659
2019-04-18,174.6659,0.0001042043597299,0.0021231805173549,174.6477,174.7282,178.408,0.0001861062259621,4.178004751514302e-05,-0.0019072871857965,174.66186,175.74978,1.503168650954942,174.4335
2019-04-22,174.4335,-0.0013314261458552,0.0020992135632988,174.6659,174.7157,178.4624,0.0001042043597299,-7.154224186100254e-05,0.0003048725835562,174.60542,175.548335,1.385896781387857,174.7604
2019-04-23,174.7604,0.0018723127494332,0.0021951778865669,174.4335,174.6648,178.1267,-0.0013314261458552,-0.0002913728749033,-0.0018828399363513,174.62454,175.38002,1.2544607688494709,174.59
2019-04-24,174.59,-0.0009755249372172,0.0021873596230085,174.7604,174.6152,178.0969,0.0018723127494332,-0.0002840128282949,-0.0001673106446036,174.61950000000002,175.204675,1.0888802040476049,174.7458
2019-04-25,174.7458,0.0008919784936434,0.0022087175285973,174.59,174.6477,178.156,-0.0009755249372172,0.0001861062259621,0.000331786775867,174.63912,175.034165,0.8412495619634688,175.0153
2019-04-26,175.0153,0.0015410521829614,0.0022662363909298,174.7458,174.6659,177.8233,0.0008919784936434,0.0001042043597299,-0.0018692103550386,174.709,174.893765,0.5268153738601602,175.24
2019-04-29,175.24,0.0012830642724098,0.0015779544464698,175.0153,174.4335,176.4251,0.0015410521829614,-0.0013314261458552,-0.00789393691342,174.8703,174.83451,0.3958882761770258,175.4635
2019-04-30,175.4635,0.0012745811219869,0.0015841912801168,175.24,174.7604,176.13,0.0012830642724098,0.0018723127494332,-0.0016740649556223,175.01092,174.801185,0.2967318463896552,175.9381
2019-05-02,175.9381,0.0027011845624636,0.0015350014484649,175.4635,174.59,175.555,0.0012745811219869,-0.0009755249372172,-0.0032699746213803,175.28054000000003,174.82034,0.3546641381626249,176.8017
2019-05-03,176.8017,0.0048965369117827,0.0014718240690724,175.9381,174.7458,174.7519,0.0027011845624636,0.0008919784936434,-0.0045851303927609,175.69172,174.92283,0.5666599175534706,176.939
2019-05-06,176.939,0.0007762748640162,0.0013941165407953,176.8017,175.0153,174.5033,0.0048965369117827,0.0015410521829614,-0.0014236010916099,176.07646,175.04461500000002,0.7142633343290516,177.62
2019-05-07,177.62,0.0038413964244108,0.001561678101412,176.939,175.24,174.6211,0.0007762748640162,0.0012830642724098,0.0006748311173351,176.55246,175.19456,0.9089277368956754,177.2202
2019-05-08,177.2202,-0.0022534096710417,0.0017093936425627,177.62,175.4635,174.7415,0.0038413964244108,0.0012745811219869,0.0006892552595301,176.9038,175.31849499999998,1.0075399782734344,176.103
2019-05-09,176.103,-0.0063239760271352,0.002322805796821,177.2202,175.9381,174.844,-0.0022534096710417,0.0027011845624636,0.0005864087780372,176.93678,175.38144499999999,1.015631716523587,175.529
2019-05-10,175.529,-0.0032647797120012,0.0024514782389604,176.103,176.8017,174.7209,-0.0063239760271352,0.0048965369117827,-0.0007043041511809,176.68224,175.42185,1.0039775995892692,176.1648
2019-05-13,176.1648,0.0036156491393745,0.0025646234523753,175.529,176.939,174.7282,-0.0032647797120012,0.0007762748640162,4.178004751514302e-05,176.5274,175.49367999999998,1.0031288627684212,176.5361
2019-05-14,176.5361,0.0021054674777647,0.0025892173360353,176.1648,177.62,174.7157,0.0036156491393745,0.0038413964244108,-7.154224186100254e-05,176.31062000000003,175.58470000000003,1.011376772915346,176.7966
2019-05-15,176.7966,0.0014745312120795,0.0025902640731595,176.5361,177.2202,174.6648,0.0021054674777647,-0.0022534096710417,-0.0002913728749033,176.22590000000002,175.69128999999998,1.0216095040633442,176.4147
2019-05-16,176.4147,-0.0021624458154037,0.0026574398159221,176.7966,176.103,174.6152,0.0014745312120795,-0.0063239760271352,-0.0002840128282949,176.28824,175.78126500000002,1.0008805576921471,176.2791
2019-05-17,176.2791,-0.0007689389871969,0.0026721561747794,176.4147,175.529,174.6477,-0.0021624458154037,-0.0032647797120012,0.0001861062259621,176.43826,175.862835,0.9696247973356322,175.8892
2019-05-21,175.8892,-0.0022142831101394,0.0027381038712575,176.2791,176.1648,174.6659,-0.0007689389871969,0.0036156491393745,0.0001042043597299,176.38314,175.924,0.9278297053099086,176.1838
2019-05-22,176.1838,0.0016735169624263,0.002723448851184,175.8892,176.5361,174.4335,-0.0022142831101394,0.0021054674777647,-0.0013314261458552,176.31268,176.011515,0.8599026739466774,176.662
2019-05-23,176.662,0.0027105341357484,0.0027519917454146,176.1838,176.7966,174.7604,0.0016735169624263,0.0014745312120795,0.0018723127494332,176.28575999999998,176.106595,0.8184149452174538,176.6843
2019-05-24,176.6843,0.0001262217831606,0.0027309815865552,176.662,176.4147,174.59,0.0027105341357484,-0.0021624458154037,-0.0009755249372172,176.33968,176.21131,0.744829032910043,176.4884
2019-05-27,176.4884,-0.0011093723840562,0.0027561242937989,176.6843,176.2791,174.7458,0.0001262217831606,-0.0007689389871969,0.0008919784936434,176.38154,176.29844,0.6616511263516931,176.1232
2019-05-28,176.1232,-0.0020714016815128,0.0028020306634082,176.4884,175.8892,175.0153,-0.0011093723840562,-0.0022142831101394,0.0015410521829614,176.42834,176.353835,0.591196410703518,176.3195
2019-05-29,176.3195,0.0011139400549278,0.0027992108157507,176.1232,176.1838,175.24,-0.0020714016815128,0.0016735169624263,0.0012830642724098,176.45548,176.40780999999998,0.5302946150884684,176.2329
2019-05-30,176.2329,-0.000491274498439,0.0027949331598223,176.3195,176.662,175.4635,0.0011139400549278,0.0027105341357484,0.0012745811219869,176.36966,176.44628,0.4840785338114608,176.4128
2019-05-31,176.4128,0.0010202875895332,0.0027411114618317,176.2329,176.6843,175.9381,-0.000491274498439,0.0001262217831606,0.0027011845624636,176.31536,176.47001500000002,0.4692612057122388,176.4889
2019-06-03,176.4889,0.0004312815788622,0.0025044834053745,176.4128,176.4884,176.8017,0.0010202875895332,-0.0011093723840562,0.0048965369117827,176.31546,176.454375,0.46279272480656686,176.5159
2019-06-04,176.5159,0.0001529724244691,0.002497022488347,176.4889,176.1232,176.939,0.0004312815788622,-0.0020714016815128,0.0007762748640162,176.394,176.43321999999998,0.4489366542493983,176.4209
2019-06-06,176.4209,-0.0005383400217508,0.0023169074040388,176.5159,176.3195,177.62,0.0001529724244691,0.0011139400549278,0.0038413964244108,176.41428,176.373265,0.35162414477193166,176.4107
2019-06-07,176.4107,-5.7817950562525806e-05,0.002273009242238,176.4209,176.2329,177.2202,-0.0005383400217508,-0.000491274498439,-0.0022534096710417,176.44984,176.33279,0.29023486107179775,176.4305
2019-06-10,176.4305,0.0001122317916432,0.0017630741169467,176.4107,176.4128,176.103,-5.7817950562525806e-05,0.0010202875895332,-0.0063239760271352,176.45337999999998,176.34916500000003,0.28579254571561874,176.4789
2019-06-11,176.4789,0.0002742913637521,0.0015760180026967,176.4305,176.4889,175.529,0.0001122317916432,0.0004312815788622,-0.0032647797120012,176.45138,176.39666,0.21162469846962723,176.4514
2019-06-12,176.4514,-0.0001558381360606,0.0013662949150963,176.4789,176.5159,176.1648,0.0002742913637521,0.0001529724244691,0.0036156491393745,176.43847999999997,176.41099000000003,0.20468791096956623,176.4977
2019-06-13,176.4977,0.0002623607781721,0.0012821460344425,176.4514,176.4209,176.5361,-0.0001558381360606,-0.0005383400217508,0.0021054674777647,176.45383999999999,176.40906999999999,0.20362996122283472,176.6075
2019-06-14,176.6075,0.0006219109972832,0.0012437571560738,176.4977,176.4107,176.7966,0.0002623607781721,-5.7817950562525806e-05,0.0014745312120795,176.4932,176.399615,0.1885184738322528,176.7413
2019-06-17,176.7413,0.0007573253759174,0.0011510929629718,176.6075,176.4305,176.4147,0.0006219109972832,0.0001122317916432,-0.0021624458154037,176.55536,176.415945,0.20344827204250374,176.8799
2019-06-18,176.8799,0.0007838896938152,0.001142267476596,176.7413,176.4789,176.2791,0.0007573253759174,0.0002742913637521,-0.0007689389871969,176.63556,176.445985,0.2253549766530977,176.8237
2019-06-19,176.8237,-0.0003177802005574,0.0010042947264606,176.8799,176.4514,175.8892,0.0007838896938152,-0.0001558381360606,-0.0022142831101394,176.71002000000001,176.49271000000002,0.19919667840224928,176.765
2019-06-20,176.765,-0.0003320241882123,0.0009551727724856,176.8237,176.4977,176.1838,-0.0003177802005574,0.0002623607781721,0.0016735169624263,176.76348000000002,176.52177,0.19408812445609958,176.6842
2019-06-21,176.6842,-0.0004572085686288,0.0007517811856837,176.765,176.6075,176.662,-0.0003320241882123,0.0006219109972832,0.0027105341357484,176.77882,176.52288000000001,0.1949936855985507,176.7773
2019-06-24,176.7773,0.000526790058623,0.0007604307567074,176.6842,176.7413,176.6843,-0.0004572085686288,0.0007573253759174,0.0001262217831606,176.78602,176.52753,0.20008799130734403,176.6818
2019-06-25,176.6818,-0.0005403737084367,0.0007255491706833,176.7773,176.8799,176.4884,0.000526790058623,0.0007838896938152,-0.0011093723840562,176.7464,176.5372,0.20275299712790343,176.4128
2019-06-26,176.4128,-0.0015236712883287,0.000647175667323,176.6818,176.8237,176.1232,-0.0005403737084367,-0.0003177802005574,-0.0020714016815128,176.66422,176.55167999999998,0.18078086924904657,176.5776
2019-06-27,176.5776,0.0009337365093983,0.0006331572889495,176.4128,176.765,176.3195,-0.0015236712883287,-0.0003320241882123,0.0011139400549278,176.62673999999998,176.564585,0.172350048408554,176.5424
2019-06-28,176.5424,-0.0001993656553953,0.0006227406082115,176.5776,176.6842,176.2329,0.0009337365093983,-0.0004572085686288,-0.000491274498439,176.59838,176.58006,0.15390940039037326,176.5246
2019-07-01,176.5246,-0.0001008307206001,0.0005836078425441,176.5424,176.7773,176.4128,-0.0001993656553953,0.000526790058623,0.0010202875895332,176.54784,176.58565,0.14948136814752808,176.3296
2019-07-02,176.3296,-0.001105272488475,0.0006277061239986,176.5246,176.6818,176.4889,-0.0001008307206001,-0.0005403737084367,0.0004312815788622,176.4774,176.577685,0.15885795120202578,176.3445
2019-07-03,176.3445,8.449727387914923e-05,0.0006267546303578,176.3296,176.4128,176.5159,-0.001105272488475,-0.0015236712883287,0.0001529724244691,176.46374,176.569115,0.16679172081909652,176.0964
2019-07-04,176.0964,-0.0014078958542065,0.0006895339370621,176.3445,176.5776,176.4209,8.449727387914923e-05,0.0009337365093983,-0.0005383400217508,176.3675,176.55289,0.195313089684814,176.0788
2019-07-05,176.0788,-9.995025211679684e-05,0.0006894882004194,176.0964,176.5424,176.4107,-0.0014078958542065,-0.0001993656553953,-5.7817950562525806e-05,176.27478,176.53629500000002,0.22050567584800865,176.1646
2019-07-08,176.1646,0.0004871631473969,0.0007004057129396,176.0788,176.5246,176.4305,-9.995025211679684e-05,-0.0001008307206001,0.0001122317916432,176.20278000000002,176.52299999999997,0.23477444483933307,176.1689
2019-07-09,176.1689,2.4408692333820604e-05,0.0006960544672304,176.1646,176.3296,176.4789,0.0004871631473969,-0.001105272488475,0.0002742913637521,176.17064,176.5075,0.24771574956228917,175.9131
2019-07-10,175.9131,-0.0014530708471796,0.0007602029904854,176.1689,176.3445,176.4514,2.4408692333820604e-05,8.449727387914923e-05,-0.0001558381360606,176.08436,176.480585,0.28112317627531624,175.5204
2019-07-11,175.5204,-0.002234847636588,0.0008835092724151,175.9131,176.0964,176.4977,-0.0014530708471796,-0.0014078958542065,0.0002623607781721,175.96916000000002,176.43171999999998,0.35358919897799024,175.4623
2019-07-12,175.4623,-0.0003310704517953,0.0008577651543322,175.5204,176.0788,176.6075,-0.002234847636588,-9.995025211679684e-05,0.0006219109972832,175.84586,176.37446,0.4115940441902507,175.5101
2019-07-15,175.5101,0.0002723860924421,0.000832019564652,175.4623,176.1646,176.7413,-0.0003310704517953,0.0004871631473969,0.0007573253759174,175.71496,176.3129,0.44458954690020536,175.6066
2019-07-17,175.6066,0.0005496748085733,0.0008167349433241,175.5101,176.1689,176.8799,0.0002723860924421,2.4408692333820604e-05,0.0007838896938152,175.6025,176.249235,0.45025393329744323,175.6897
2019-07-18,175.6897,0.0004731049063141,0.0008378237347521,175.6066,175.9131,176.8237,0.0005496748085733,-0.0014530708471796,-0.0003177802005574,175.55782,176.192535,0.44548111570509885,175.6818
2019-07-19,175.6818,-4.4966652112184336e-05,0.0008400931368529,175.6897,175.5204,176.765,0.0004731049063141,-0.002234847636588,-0.0003320241882123,175.59009999999998,176.138375,0.43800282482554914,175.8185
2019-07-22,175.8185,0.0007778087637011,0.0008732333244432,175.6818,175.4623,176.6842,-4.4966652112184336e-05,-0.0003310704517953,-0.0004572085686288,175.66134000000002,176.09508999999997,0.42376795270454526,175.8648
2019-07-23,175.8648,0.0002633050831103,0.0008628937183649,175.8185,175.5101,176.7773,0.0007778087637011,0.0002723860924421,0.000526790058623,175.73228,176.049465,0.3945681493100533,176.0787
2019-07-24,176.0787,0.0012155361661,0.0009201605426704,175.8648,175.6066,176.6818,0.0002633050831103,0.0005496748085733,-0.0005403737084367,175.82670000000002,176.01931,0.3656873209270771,176.1681
2019-07-25,176.1681,0.000507598660482,0.0008739369080133,176.0787,175.6897,176.4128,0.0012155361661,0.0004731049063141,-0.0015236712883287,175.92238,176.007075,0.35578876765130135,176.1621
2019-07-26,176.1621,-3.405895946801336e-05,0.0008416674712411,176.1681,175.6818,176.5776,0.000507598660482,-4.4966652112184336e-05,0.0009337365093983,176.01844,175.9863,0.33206128627821346,176.1722
2019-07-29,176.1722,5.7331914620579343e-05,0.0008423150462272,176.1621,175.8185,176.5424,-3.405895946801336e-05,0.0007778087637011,-0.0001993656553953,176.08918,175.96778999999998,0.308944591953618,176.186
2019-07-30,176.186,7.832938190207904e-05,0.0008433133340727,176.1722,175.8648,176.5246,5.7331914620579343e-05,0.0002633050831103,-0.0001008307206001,176.15342,175.95086,0.2851900739258303,176.242
2019-07-31,176.242,0.0003177954105309,0.0008131714427457,176.186,176.0787,176.3296,7.832938190207904e-05,0.0012155361661,-0.001105272488475,176.18608,175.94648,0.2796867619179341,176.3463
2019-08-01,176.3463,0.0005916248669753,0.0008245869647732,176.242,176.1681,176.3445,0.0003177954105309,0.000507598660482,8.449727387914923e-05,176.22172,175.94657,0.279821838154081,176.4103
2019-08-02,176.4103,0.0003628564324648,0.0007577611763998,176.3463,176.1621,176.0964,0.0005916248669753,-3.405895946801336e-05,-0.0014078958542065,176.27136000000002,175.962265,0.2969471674212383,176.5943
2019-08-05,176.5943,0.0010424794275411,0.0007853223251013,176.4103,176.1722,176.0788,0.0003628564324648,5.7331914620579343e-05,-9.995025211679684e-05,176.35578,175.98804,0.32831111745529207,176.8192
2019-08-06,176.8192,0.0012727302740757,0.0008220609120283,176.5943,176.186,176.1646,0.0010424794275411,7.832938190207904e-05,0.0004871631473969,176.48242,176.02077000000003,0.37600420357740494,177.2986
2019-08-07,177.2986,0.00270757523554,0.0009951229149407,176.8192,176.242,176.1689,0.0012727302740757,0.0003177954105309,2.4408692333820604e-05,176.69374,176.077255,0.4720225222408103,177.5744
2019-08-08,177.5744,0.0015543591962673,0.0009387876368098,177.2986,176.3463,175.9131,0.00270757523554,0.0005916248669753,-0.0014530708471796,176.93936,176.16032,0.5762766318105739,177.3123
2019-08-09,177.3123,-0.001477091407788,0.0008332375247139,177.5744,176.4103,175.5204,0.0015543591962673,0.0003628564324648,-0.002234847636588,177.11975999999999,176.24991500000002,0.6098669140647653,176.8472
2019-08-13,176.8472,-0.0026265017167393,0.0010772382956713,177.3123,176.5943,175.4623,-0.001477091407788,0.0010424794275411,-0.0003310704517953,177.17033999999998,176.31915999999998,0.5941526468335029,176.9031
2019-08-15,176.9031,0.0003160421374358,0.0010770250418546,176.8472,176.8192,175.5101,-0.0026265017167393,0.0012727302740757,0.0002723860924421,177.18712,176.38880999999998,0.5756787927968652,177.043
2019-08-16,177.043,0.0007905158852461,0.0010801839729506,176.9031,177.2986,175.6066,0.0003160421374358,0.00270757523554,0.0005496748085733,177.13600000000002,176.46063,0.5624039193284577,177.0103
2019-08-19,177.0103,-0.000184717951184,0.0010880618690073,177.043,177.5744,175.6897,0.0007905158852461,0.0015543591962673,0.0004731049063141,177.02318,176.52666,0.5443620132075142,177.3646
2019-08-20,177.3646,0.0019995779500756,0.0011413267428442,177.0103,177.3123,175.6818,-0.000184717951184,-0.001477091407788,-4.4966652112184336e-05,177.03364,176.61079999999998,0.5369031206858802,177.7501
2019-08-21,177.7501,0.00217113034989,0.001201608445448,177.3646,176.8472,175.8185,0.0019995779500756,-0.0026265017167393,0.0007778087637011,177.21421999999998,176.70738,0.5601102114782244,178.3839
2019-08-22,178.3839,0.0035593381655686,0.0013743587508005,177.7501,176.9031,175.8648,0.00217113034989,0.0003160421374358,0.0002633050831103,177.51038,176.83333499999998,0.6384286031276966,179.4669
2019-08-23,179.4669,0.0060528203734866,0.0018208978981662,178.3839,177.043,176.0787,0.0035593381655686,0.0007905158852461,0.0012155361661,177.99516,177.002745,0.8440636733445551,179.9776
2019-08-26,179.9776,0.0028416088917619,0.0018651069768266,179.4669,177.0103,176.1681,0.0060528203734866,-0.000184717951184,0.000507598660482,178.58862000000002,177.19322,1.0504119916298518,179.8292
2019-08-27,179.8292,-0.0008248871806467,0.0018978345395071,179.9776,177.3646,176.1621,0.0028416088917619,0.0019995779500756,-3.405895946801336e-05,179.08154,177.376575,1.1737645840478157,179.6824
2019-08-28,179.6824,-0.0008166635410866,0.0019311829954251,179.8292,177.7501,176.1722,-0.0008248871806467,0.00217113034989,5.7331914620579343e-05,179.46800000000002,177.552085,1.2445032250181693,180.0718
2019-08-29,180.0718,0.0021648122638961,0.0019358948391732,179.6824,178.3839,176.186,-0.0008166635410866,0.0035593381655686,7.832938190207904e-05,179.80558000000002,177.746375,1.3209801113393755,180.7243
2019-08-30,180.7243,0.0036170053466386,0.0020058627500462,180.0718,179.4669,176.242,0.0021648122638961,0.0060528203734866,0.0003177954105309,180.05706,177.97049,1.4281958279596736,180.0171
2019-09-02,180.0171,-0.0039208192127184,0.0023145278861802,180.7243,179.9776,176.3463,0.0036170053466386,0.0028416088917619,0.0005916248669753,180.06495999999999,178.15402999999998,1.4442627666049226,179.6846
2019-09-03,179.6846,-0.0018487546469986,0.0023993619119388,180.0171,179.8292,176.4103,-0.0039208192127184,-0.0008248871806467,0.0003628564324648,180.03603999999999,178.317745,1.4216003218856619,180.2128
2019-09-04,180.2128,0.0029352831070331,0.0024414278656963,179.6846,179.6824,176.5943,-0.0018487546469986,-0.0008166635410866,0.0010424794275411,180.14212,178.49867,1.4209762341251397,180.5399
2019-09-05,180.5399,0.0018134311379506,0.0024474280753601,180.2128,180.0718,176.8192,0.0029352831070331,0.0021648122638961,0.0012727302740757,180.23574,178.68470499999998,1.4330335087814423,180.6611
2019-09-06,180.6611,0.0006710945127433,0.0024166201013216,180.5399,180.7243,177.2986,0.0018134311379506,0.0036170053466386,0.00270757523554,180.2231,178.85282999999998,1.4588684425557656,180.8506
2019-09-09,180.8506,0.0010483755704529,0.0024124881280585,180.6611,180.0171,177.5744,0.0006710945127433,-0.0039208192127184,0.0015543591962673,180.38979999999998,179.01664,1.4913376705956352,180.5674
2019-09-10,180.5674,-0.0015671607831453,0.0024172660708749,180.8506,179.6846,177.3123,0.0010483755704529,-0.0018487546469986,-0.001477091407788,180.56635999999997,179.17939499999997,1.4730557364041954,180.3981
2019-09-11,180.3981,-0.0009380398537487,0.0023145719354363,180.5674,180.2128,176.8472,-0.0015671607831453,0.0029352831070331,-0.0026265017167393,180.60342,179.35694,1.3887448833012128,180.3541
2019-09-12,180.3541,-0.0002439347575326,0.0023265605754951,180.3981,180.5399,176.9031,-0.0009380398537487,0.0018134311379506,0.0003160421374358,180.56626,179.52949,1.2777686541493993,180.3466
2019-09-16,180.3466,-4.158572468020126e-05,0.0023372792784221,180.3541,180.6611,177.043,-0.0002439347575326,0.0006710945127433,0.0007905158852461,180.50336,179.69467,1.1461723375746777,180.4781
2019-09-17,180.4781,0.0007288858319395,0.0023233479869803,180.3466,180.8506,177.0103,-4.158572468020126e-05,0.0010483755704529,-0.000184717951184,180.42886,179.86805999999999,0.9670124352056376,180.6267
2019-09-18,180.6267,0.0008230298151017,0.0023107700503279,180.4781,180.5674,177.3646,0.0007288858319395,-0.0015671607831453,0.0019995779500756,180.44072,180.03116500000002,0.7794500694485043,180.8088
2019-09-19,180.8088,0.0010076487528646,0.0022919517367383,180.6267,180.3981,177.7501,0.0008230298151017,-0.0009380398537487,0.00217113034989,180.52285999999998,180.1841,0.5838611126755695,180.9846
2019-09-20,180.9846,0.0009718254331678,0.002202430352051,180.8088,180.3541,178.3839,0.0010076487528646,-0.0002439347575326,0.0035593381655686,180.64896000000002,180.31413500000002,0.4315748617440605,181.0995
2019-09-23,181.0995,0.0006346592068347,0.0018108424483231,180.9846,180.3466,179.4669,0.0009718254331678,-4.158572468020126e-05,0.0060528203734866,180.79954000000004,180.39576499999998,0.41704488364390696,181.2799
2019-09-24,181.2799,0.0009956416667314,0.0017278174882397,181.0995,180.4781,179.9776,0.0006346592068347,0.0007288858319395,0.0028416088917619,180.9599,180.46088,0.44877820867192214,181.4365
2019-09-25,181.4365,0.0008634845831627,0.001707985251759,181.2799,180.6267,179.8292,0.0009956416667314,0.0008230298151017,-0.0008248871806467,181.12186,180.541245,0.4729682212811796,181.4791
2019-09-26,181.4791,0.0002347653294355,0.0016831107582583,181.4365,180.8088,179.6824,0.0008634845831627,0.0010076487528646,-0.0008166635410866,181.25592,180.63107999999997,0.4718848293361558,181.7509
2019-09-27,181.7509,0.0014965726990055,0.0016546623122388,181.4791,180.9846,180.0718,0.0002347653294355,0.0009718254331678,0.0021648122638961,181.40918,180.715035,0.5145802798854927,181.9272
2019-09-30,181.9272,0.0009695387971408,0.0014865057146373,181.7509,181.0995,180.7243,0.0014965726990055,0.0006346592068347,0.0036170053466386,181.57472,180.77518,0.5816480284498718,181.9427
2019-10-01,181.9427,8.519528550939969e-05,0.0011040296123596,181.9272,181.2799,180.0171,0.0009695387971408,0.0009956416667314,-0.0039208192127184,181.70728,180.87146,0.6083193001165543,182.3272
2019-10-02,182.3272,0.0021110728215413,0.0010052554103251,181.9427,181.4365,179.6846,8.519528550939969e-05,0.0008634845831627,-0.0018487546469986,181.88542,181.00359,0.6237564722579456,182.119
2019-10-03,182.119,-0.0011425555961306,0.0009462361589231,182.3272,181.4791,180.2128,0.0021110728215413,0.0002347653294355,0.0029352831070331,182.0134,181.09890000000001,0.6419329903948691,181.6494
2019-10-04,181.6494,-0.0025818639599458,0.0011250300060279,182.119,181.7509,180.5399,-0.0011425555961306,0.0014965726990055,0.0018134311379506,181.9931,181.15437500000002,0.6390165575850055,181.457
2019-10-07,181.457,-0.0010597445707725,0.0011614755305108,181.6494,181.9272,180.6611,-0.0025818639599458,0.0009695387971408,0.0006710945127433,181.89906000000002,181.19416999999999,0.6314181982684751,181.0633
2019-10-08,181.0633,-0.0021720171520243,0.001259639194135,181.457,181.9427,180.8506,-0.0010597445707725,8.519528550939969e-05,0.0010483755704529,181.72318,181.20480500000002,0.627103383925582,180.6316
2019-10-09,180.6316,-0.0023870958921107,0.0013268903679295,181.0633,182.3272,180.5674,-0.0021720171520243,0.0021110728215413,-0.0015671607831453,181.38406,181.208015,0.6238246710704674,180.4535
2019-10-10,180.4535,-0.0009864711362657,0.001328769391619,180.6316,182.119,180.3981,-0.0023870958921107,-0.0011425555961306,-0.0009380398537487,181.05095999999998,181.210785,0.6201512678153757,180.6293
2019-10-11,180.6293,0.0009737379564499,0.0013440721728502,180.4535,181.6494,180.3541,-0.0009864711362657,-0.0025818639599458,-0.0002439347575326,180.84694,181.22454499999998,0.6029573245127178,180.6777
2019-10-14,180.6777,0.0002679162058277,0.0013444259145132,180.6293,181.457,180.3466,0.0009737379564499,-0.0010597445707725,-4.158572468020126e-05,180.69108,181.24110000000002,0.5817561362391852,180.7469
2019-10-15,180.7469,0.0003829291135445,0.0013380066061433,180.6777,181.0633,180.4781,0.0002679162058277,-0.0021720171520243,0.0007288858319395,180.62779999999998,181.25454,0.5660953893483059,181.7571
2019-10-16,181.7571,0.0055734701687897,0.0018146456210464,180.7469,180.6316,180.6267,0.0003829291135445,-0.0023870958921107,0.0008230298151017,180.8529,181.31106,0.5564601034067729,181.8746
2019-10-17,181.8746,0.0006462583107548,0.0018091443240309,181.7571,180.4535,180.8088,0.0055734701687897,-0.0009864711362657,0.0010076487528646,181.13711999999998,181.36435,0.5568626793301962,182.0273
2019-10-18,182.0273,0.0008392372172966,0.0018067706331945,181.8746,180.6293,180.9846,0.0006462583107548,0.0009737379564499,0.0009718254331678,181.41672,181.416485,0.5681343570005702,181.9793
2019-10-21,181.9793,-0.0002637314833204,0.0018088450849132,182.0273,180.6777,181.0995,0.0008392372172966,0.0002679162058277,0.0006346592068347,181.67704,181.460475,0.576301051465473,181.8116
2019-10-22,181.8116,-0.0009219582561237,0.00181761367122,181.9793,180.7469,181.2799,-0.0002637314833204,0.0003829291135445,0.0009956416667314,181.88998,181.48705999999999,0.5797858645988285,181.6278
2019-10-23,181.6278,-0.0010114479369564,0.0018270113858156,181.8116,181.7571,181.4365,-0.0009219582561237,0.0055734701687897,0.0008634845831627,181.86412,181.496625,0.5804854128673362,181.4849
2019-10-24,181.4849,-0.0007870834998457,0.0018359179782953,181.6278,181.8746,181.4791,-0.0010114479369564,0.0006462583107548,0.0002347653294355,181.78618,181.496915,0.580477645631662,181.1849
2019-10-25,181.1849,-0.0016543978485432,0.0018360748104482,181.4849,182.0273,181.7509,-0.0007870834998457,0.0008392372172966,0.0014965726990055,181.6177,181.468615,0.581240000456551,181.3109
2019-10-28,181.3109,0.0006951804962948,0.0018282314956605,181.1849,181.9793,181.9272,-0.0016543978485432,-0.0002637314833204,0.0009695387971408,181.48402000000002,181.4378,0.5719100664939126,181.4573
2019-10-29,181.4573,0.0008071270191143,0.001840613345725,181.3109,181.8116,181.9427,0.0006951804962948,-0.0009219582561237,8.519528550939969e-05,181.41316,181.41353,0.5595212681619097,181.5614
2019-10-30,181.5614,0.0005735241895443,0.0017727861574581,181.4573,181.6278,182.3272,0.0008071270191143,-0.0010114479369564,0.0021110728215413,181.39988,181.37524,0.5183966743205379,181.6011
2019-10-31,181.6011,0.0002186349094862,0.0017612091190941,181.5614,181.4849,182.119,0.0005735241895443,-0.0007870834998457,-0.0011425555961306,181.42311999999998,181.34934500000003,0.4915276888107806,181.3352
2019-11-01,181.3352,-0.0014652711650744,0.0016963107900844,181.6011,181.1849,181.6494,0.0002186349094862,-0.0016543978485432,-0.0025818639599458,181.45318,181.33363500000002,0.4864274113903231,181.2844
2019-11-04,181.2844,-0.0002801834226959,0.0016816650886592,181.3352,181.3109,181.457,-0.0014652711650744,0.0006951804962948,-0.0010597445707725,181.44788,181.325005,0.48565400985551405,180.7581
2019-11-05,180.7581,-0.0029073955170025,0.0017376666348805,181.2844,181.4573,181.0633,-0.0002801834226959,0.0008071270191143,-0.0021720171520243,181.30804,181.309745,0.49892362818615305,180.0088
2019-11-06,180.0088,-0.0041539347287209,0.0018983789893638,180.7581,181.5614,180.6316,-0.0029073955170025,0.0005735241895443,-0.0023870958921107,180.99751999999998,181.27860500000003,0.5592642821500162,180.5518
2019-11-07,180.5518,0.0030119786272189,0.0020151208820155,180.0088,181.6011,180.4535,-0.0041539347287209,0.0002186349094862,-0.0009864711362657,180.78766000000002,181.28352,0.5520163189324363,180.9083
2019-11-08,180.9083,0.0019725558400191,0.0020518549455094,180.5518,181.3352,180.6293,0.0030119786272189,-0.0014652711650744,0.0009737379564499,180.70228,181.29747,0.5379597177732303,180.6983
2019-11-13,180.6983,-0.0011614833557146,0.0020696781554253,180.9083,181.2844,180.6777,0.0019725558400191,-0.0002801834226959,0.0002679162058277,180.58506,181.2985,0.5367289386933256,180.1982
2019-11-14,180.1982,-0.0027714334724725,0.0021577334204992,180.6983,180.7581,180.7469,-0.0011614833557146,-0.0029073955170025,0.0003829291135445,180.47308,181.271065,0.5787838913339997,180.2548
2019-11-15,180.2548,0.000314049268366,0.0016938493763615,180.1982,180.0088,181.7571,-0.0027714334724725,-0.0041539347287209,0.0055734701687897,180.52228,181.19594999999998,0.6090780059361526,180.2128
2019-11-18,180.2128,-0.0002330306534626,0.0016761735005325,180.2548,180.5518,181.8746,0.000314049268366,0.0030119786272189,0.0006462583107548,180.45448,181.11286,0.6247729468412556,179.9096
2019-11-19,179.9096,-0.0016838723258632,0.0016682549809566,180.2128,180.9083,182.0273,-0.0002330306534626,0.0019725558400191,0.0008392372172966,180.25474,181.006975,0.6408828169630396,179.2694
2019-11-20,179.2694,-0.0035648001579213,0.0017933920275249,179.9096,180.6983,181.9793,-0.0016838723258632,-0.0011614833557146,-0.0002637314833204,179.96895999999998,180.87148,0.7074958802555683,179.1466
2019-11-21,179.1466,-0.0006852372930061,0.0017929796399138,179.2694,180.1982,181.8116,-0.0035648001579213,-0.0027714334724725,-0.0009219582561237,179.75863999999999,180.73823,0.7693719975270193,179.4674
2019-11-22,179.4674,0.0017891107740978,0.0018778757411019,179.1466,180.2548,181.6278,-0.0006852372930061,0.000314049268366,-0.0010114479369564,179.60116,180.63020999999998,0.7893048186119677,179.9723
2019-11-25,179.9723,0.0028093743238735,0.0020252588498941,179.4674,180.2128,181.4849,0.0017891107740978,-0.0002330306534626,-0.0007870834998457,179.55306000000002,180.55458,0.7754452870515438,180.491
2019-11-26,180.491,0.0028779648747536,0.0021305261492003,179.9723,179.9096,181.1849,0.0028093743238735,-0.0016838723258632,-0.0016543978485432,179.66934,180.519885,0.7611506775409239,181.1855
2019-11-27,181.1855,0.0038404532979215,0.0023081291820731,180.491,179.2694,181.3109,0.0028779648747536,-0.0035648001579213,0.0006951804962948,180.05256,180.513615,0.754781567025197,181.001
2019-11-28,181.001,-0.0010188122194443,0.0023091948544482,181.1855,179.1466,181.4573,0.0038404532979215,-0.0006852372930061,0.0008071270191143,180.42344,180.49079999999998,0.7312858660210004,180.4323
2019-11-29,180.4323,-0.0031469179476489,0.0023980318547826,181.001,179.4674,181.5614,-0.0010188122194443,0.0017891107740978,0.0005735241895443,180.61642,180.434345,0.6864974369753414,180.8879
2019-12-02,180.8879,0.0025218642160628,0.0024787958185846,180.4323,179.9723,181.6011,-0.0031469179476489,0.0028093743238735,0.0002186349094862,180.79954,180.398685,0.6396239884124815,180.9742
2019-12-03,180.9742,0.0004769772885092,0.0024644877298446,180.8879,180.491,181.3352,0.0025218642160628,0.0028779648747536,-0.0014652711650744,180.89618000000002,180.38063499999998,0.6164797860049486,181.4671
2019-12-04,181.4671,0.0027198903870212,0.0025429719553469,180.9742,181.1855,181.2844,0.0004769772885092,0.0038404532979215,-0.0002801834226959,180.9525,180.38977,0.6317413386822682,181.3196
2019-12-05,181.3196,-0.0008131500307337,0.0024564141432026,181.4671,181.001,180.7581,0.0027198903870212,-0.0010188122194443,-0.0029073955170025,181.01622,180.417845,0.6607809569584956,181.2836
2019-12-06,181.2836,-0.0001985641611452,0.0022410132569263,181.3196,180.4323,180.0088,-0.0008131500307337,-0.0031469179476489,-0.0041539347287209,181.18648000000002,180.481585,0.6804393373518078,181.4231
2019-12-09,181.4231,0.0007692165977548,0.0021554282319203,181.2836,180.8879,180.5518,-0.0001985641611452,0.0025218642160628,0.0030119786272189,181.29352,180.52515,0.7123171347606496,181.2534
2019-12-10,181.2534,-0.0009358202827296,0.0021304006824828,181.4231,180.9742,180.9083,0.0007692165977548,0.0004769772885092,0.0019725558400191,181.34936,180.542405,0.7261327901068382,181.1914
2019-12-12,181.1914,-0.0003421210656339,0.0021127659277689,181.2534,181.4671,180.6983,-0.0009358202827296,0.0027198903870212,-0.0011614833557146,181.29422,180.56706,0.739944579254634,180.8635
2019-12-13,180.8635,-0.0018113280038515,0.0020532919735863,181.1914,181.3196,180.1982,-0.0003421210656339,-0.0008131500307337,-0.0027714334724725,181.203,180.600325,0.7374397173042415,181.0586
2019-12-16,181.0586,0.0010781326638977,0.0020629197369116,180.8635,181.2836,180.2548,-0.0018113280038515,-0.0001985641611452,0.000314049268366,181.158,180.640515,0.7395180907540114,181.2795
2019-12-17,181.2795,0.0012193033377813,0.0020715854754532,181.0586,181.4231,180.2128,0.0010781326638977,0.0007692165977548,-0.0002330306534626,181.12928000000002,180.69385,0.745488973726067,181.1156
2019-12-18,181.1156,-0.0009045376782142,0.0020394828858547,181.2795,181.2534,179.9096,0.0012193033377813,-0.0009358202827296,-0.0016838723258632,181.10172,180.75414999999998,0.7272668947937043,181.1935
2019-12-19,181.1935,0.0004300195672724,0.0018215171119755,181.1156,181.1914,179.2694,-0.0009045376782142,-0.0003421210656339,-0.0035648001579213,181.10214000000002,180.850355,0.6428908153388045,181.3295
2019-12-20,181.3295,0.0007502972577191,0.0017990988153083,181.1935,180.8635,179.1466,0.0004300195672724,-0.0018113280038515,-0.0006852372930061,181.19534,180.9595,0.5099746959146138,181.3806
2019-12-23,181.3806,0.0002817677276594,0.0017783617880908,181.3295,181.0586,179.4674,0.0007502972577191,0.0010781326638977,0.0017891107740978,181.25974000000002,181.05516,0.37762106507568477,181.294
2019-12-24,181.294,-0.0004775630917955,0.0017070997048836,181.3806,181.2795,179.9723,0.0002817677276594,0.0012193033377813,0.0028093743238735,181.26263999999998,181.121245,0.28158105577797216,181.3985
2019-12-26,181.3985,0.0005762457337369,0.001603257622173,181.294,181.1156,180.491,-0.0004775630917955,-0.0009045376782142,0.0028779648747536,181.31922,181.16662000000002,0.24548059104185244,181.3709
2019-12-27,181.3709,-0.0001521627791828,0.0013633883104852,181.3985,181.1935,181.1855,0.0005762457337369,0.0004300195672724,0.0038404532979215,181.3547,181.17589,0.24969548791179824,181.3597
2019-12-30,181.3597,-6.175381952098092e-05,0.0013404610601486,181.3709,181.3295,181.001,-0.0001521627791828,0.0007502972577191,-0.0010188122194443,181.36074,181.193825,0.2493544524827388,181.634
2019-12-31,181.634,0.0015113212830443,0.0011358670403945,181.3597,181.3806,180.4323,-6.175381952098092e-05,0.0002817677276594,-0.0031469179476489,181.41142,181.25391,0.19507148176814273,181.5011
2020-01-01,181.5011,-0.0007319590198444,0.0010341582042263,181.634,181.294,180.8879,0.0015113212830443,-0.0004775630917955,0.0025218642160628,181.45284,181.28456999999997,0.1822871709237843,181.028
2020-01-02,181.028,-0.0026099988583911,0.0012024753942386,181.5011,181.3985,180.9742,-0.0007319590198444,0.0005762457337369,0.0004769772885092,181.37874,181.28726,0.17780793111558527,181.3687
2020-01-03,181.3687,0.0018802605011321,0.0011145043298023,181.028,181.3709,181.4671,-0.0026099988583911,-0.0001521627791828,0.0027198903870212,181.3783,181.28234,0.17388796559318448,181.3198
2020-01-06,181.3198,-0.0002696528855826,0.0011008725567124,181.3687,181.3597,181.3196,0.0018802605011321,-6.175381952098092e-05,-0.0008131500307337,181.37032,181.28235,0.17389022686508016,181.4523
2020-01-07,181.4523,0.0007304861972128,0.0011115993809216,181.3198,181.634,181.2836,-0.0002696528855826,0.0015113212830443,-0.0001985641611452,181.33398,181.290785,0.17799717095392603,181.3102
2020-01-08,181.3102,-0.0007834327267456,0.0011126868230731,181.4523,181.5011,181.4231,0.0007304861972128,-0.0007319590198444,0.0007692165977548,181.29579999999999,181.28514,0.17535066025486665,181.4217
2020-01-09,181.4217,0.0006147791441105,0.0011002838726773,181.3102,181.028,181.2534,-0.0007834327267456,-0.0026099988583911,-0.0009358202827296,181.37454,181.293555,0.17776894946506785,181.4054
2020-01-13,181.4054,-8.984995889760014e-05,0.0010970366350854,181.4217,181.3687,181.1914,0.0006147791441105,0.0018802605011321,-0.0003421210656339,181.38188,181.304255,0.17773695058830202,181.3012
2020-01-14,181.3012,-0.0005745691027768,0.0010180749689271,181.4054,181.3198,180.8635,-8.984995889760014e-05,-0.0002696528855826,-0.0018113280038515,181.37816,181.32614,0.14443781160137656,181.5279
2020-01-16,181.5279,0.0012496242969512,0.0010272427264367,181.3012,181.4523,181.0586,-0.0005745691027768,0.0007304861972128,0.0010781326638977,181.39328,181.349605,0.13659403325244582,181.3814
2020-01-17,181.3814,-0.0008073643081498,0.0010139480016119,181.5279,181.3102,181.2795,0.0012496242969512,-0.0007834327267456,0.0012193033377813,181.40752,181.35469999999998,0.13573924285829797,181.3097
2020-01-20,181.3097,-0.0003953777797914,0.0009955236869817,181.3814,181.4217,181.1156,-0.0008073643081498,0.0006147791441105,-0.0009045376782142,181.38512,181.364405,0.12419215766471817,181.3382
2020-01-21,181.3382,0.0001571772513155,0.0009919563642707,181.3097,181.4054,181.1935,-0.0003953777797914,-8.984995889760014e-05,0.0004300195672724,181.37168,181.37164,0.11776011007727018,181.3344
2020-01-22,181.3344,-2.095553951495191e-05,0.0009777764771753,181.3382,181.3012,181.3295,0.0001571772513155,-0.0005745691027768,0.0007502972577191,181.37831999999997,181.371885,0.11767288836851725,181.4718
2020-01-23,181.4718,0.0007574292091417,0.0009906562913499,181.3344,181.5279,181.3806,-2.095553951495191e-05,0.0012496242969512,0.0002817677276594,181.3671,181.37644500000002,0.11977664487279863,181.4156
2020-01-24,181.4156,-0.0003097379542486,0.0009868777025805,181.4718,181.3814,181.294,0.0007574292091417,-0.0008073643081498,-0.0004775630917955,181.37394,181.38252500000002,0.11845031303030745,181.4427
2020-01-27,181.4427,0.0001493696026815,0.0009791077515021,181.4156,181.3097,181.3985,-0.0003097379542486,-0.0003953777797914,0.0005762457337369,181.40054,181.384735,0.1191741769279281,181.5275
2020-01-28,181.5275,0.0004672559981113,0.0009834227927607,181.4427,181.3382,181.3709,0.0001493696026815,0.0001571772513155,-0.0001521627791828,181.4384,181.39256500000002,0.12329072712012414,181.5348
2020-01-29,181.5348,4.021348402716192e-05,0.0009831145678508,181.5275,181.3344,181.3597,0.0004672559981113,-2.095553951495191e-05,-6.175381952098092e-05,181.47848000000002,181.40132,0.126995472563765,181.4984
2020-01-30,181.4984,-0.0002005326241344,0.0009216280522099,181.5348,181.4718,181.634,4.021348402716192e-05,0.0007574292091417,0.0015113212830443,181.48380000000003,181.39454,0.11715808640292992,181.5857
2020-01-31,181.5857,0.0004808803342383,0.0009133823516777,181.4984,181.4156,181.5011,-0.0002005326241344,-0.0003097379542486,-0.0007319590198444,181.51782,181.39877,0.12260840122804502,181.4017
2020-02-03,181.4017,-0.0010138093815914,0.0007205633889709,181.5857,181.4427,181.028,0.0004808803342383,0.0001493696026815,-0.0026099988583911,181.50962,181.417455,0.08620025292485388,181.4781
2020-02-05,181.4781,0.0004210760760385,0.0005938898092283,181.4017,181.5275,181.3687,-0.0010138093815914,0.0004672559981113,0.0018802605011321,181.49974000000003,181.422925,0.08641440440408957,181.3973
2020-02-06,181.3973,-0.0004453319312103,0.0005998269622807,181.4781,181.5348,181.3198,0.0004210760760385,4.021348402716192e-05,-0.0002696528855826,181.47224,181.42680000000001,0.08322547022259731,181.3408
2020-02-07,181.3408,-0.0003115195258336,0.0005799150983076,181.3973,181.4984,181.4523,-0.0004453319312103,-0.0002005326241344,0.0007304861972128,181.44072,181.421225,0.08513989617150378,181.3709
2020-02-10,181.3709,0.000165972038228,0.0005533057540684,181.3408,181.5857,181.3102,-0.0003115195258336,0.0004808803342383,-0.0007834327267456,181.39776,181.42426,0.08199777499604262,181.4241
2020-02-11,181.4241,0.000293278575401,0.0005395149017573,181.3709,181.4017,181.4217,0.000165972038228,-0.0010138093815914,0.0006147791441105,181.40224,181.42437999999999,0.08199558748773857,181.424
2020-02-12,181.424,-5.511948388008668e-07,0.0005390957682322,181.4241,181.4781,181.4054,0.000293278575401,0.0004210760760385,-8.984995889760014e-05,181.39142,181.42531,0.08187437648833158,181.4481
2020-02-13,181.4481,0.0001328291705834,0.0005219952227387,181.424,181.3973,181.3012,-5.511948388008668e-07,-0.0004453319312103,-0.0005745691027768,181.40158000000002,181.432655,0.0765719367590308,181.4571
2020-02-14,181.4571,4.959973018766599e-05,0.0004378891127212,181.4481,181.3408,181.5279,0.0001328291705834,-0.0003115195258336,0.0012496242969512,181.42484000000002,181.429115,0.07351236361521904,181.4757
2020-02-17,181.4757,0.0001024983138271,0.0003970920967938,181.4571,181.3709,181.3814,4.959973018766599e-05,0.000165972038228,-0.0008073643081498,181.44580000000002,181.43383,0.07331478668315317,181.5334
2020-02-18,181.5334,0.0003178983694125,0.0003892086883549,181.4757,181.4241,181.3097,0.0001024983138271,0.000293278575401,-0.0003953777797914,181.46766,181.44501499999998,0.07038613218723601,181.6199
2020-02-19,181.6199,0.0004763828478819,0.000399734559991,181.5334,181.424,181.3382,0.0003178983694125,-5.511948388008668e-07,0.0001571772513155,181.50684,181.45909999999998,0.07585912115335407,181.8976
2020-02-20,181.8976,0.0015278497129859,0.0005134762723111,181.6199,181.4481,181.3344,0.0004763828478819,0.0001328291705834,-2.095553951495191e-05,181.59674,181.48726000000002,0.11925425447127401,181.8423
2020-02-24,181.8423,-0.0003040634278839,0.0005026818213721,181.8976,181.4571,181.4718,0.0015278497129859,4.959973018766599e-05,0.0007574292091417,181.67378,181.505785,0.14311586113873037,181.7795
2020-02-25,181.7795,-0.0003454138372582,0.0005042804692399,181.8423,181.4757,181.4156,-0.0003040634278839,0.0001024983138271,-0.0003097379542486,181.73454,181.52398,0.15378150100570503,181.7458
2020-02-26,181.7458,-0.0001854066283504,0.0005081039492841,181.7795,181.5334,181.4427,-0.0003454138372582,0.0003178983694125,0.0001493696026815,181.77702,181.53913500000002,0.16015296051612285,181.687
2020-02-27,181.687,-0.0003235811435459,0.0005074356257565,181.7458,181.6199,181.5275,-0.0001854066283504,0.0004763828478819,0.0004672559981113,181.79044000000002,181.54711,0.1634797777578471,181.8071
2020-02-28,181.8071,0.0006608085488612,0.000525838495096,181.687,181.8976,181.5348,-0.0003235811435459,0.0015278497129859,4.021348402716192e-05,181.77233999999999,181.560725,0.17343632480555216,181.9261
2020-03-02,181.9261,0.0006543257763973,0.000536895286738,181.8071,181.8423,181.4984,0.0006608085488612,-0.0003040634278839,-0.0002005326241344,181.78910000000002,181.58211,0.1908417830475594,182.0821
2020-03-03,182.0821,0.0008571236007903,0.000556523713477,181.9261,181.7795,181.5857,0.0006543257763973,-0.0003454138372582,0.0004808803342383,181.84962,181.60692999999998,0.2211986010446601,182.1086
2020-03-04,182.1086,0.0001455281535017,0.0004863572904458,182.0821,181.7458,181.4017,0.0008571236007903,-0.0001854066283504,-0.0010138093815914,181.92218,181.64227499999998,0.24216302213238214,182.0347
2020-03-05,182.0347,-0.000405884172602,0.0005010094294077,182.1086,181.687,181.4781,0.0001455281535017,-0.0003235811435459,0.0004210760760385,181.99172,181.670105,0.25399641817583635,181.9223
2020-03-06,181.9223,-0.0006176554020026,0.0005131770379621,182.0347,181.8071,181.3973,-0.000405884172602,0.0006608085488612,-0.0004453319312103,182.01476,181.69635499999998,0.25143461308390574,181.8312
2020-03-10,181.8312,-0.0005008886617156,0.0005236734029489,181.9223,181.9261,181.3408,-0.0006176554020026,0.0006543257763973,-0.0003115195258336,181.99578,181.720875,0.2385159308897555,182.4495
2020-03-11,182.4495,0.0033946382213043,0.0008977545275794,181.8312,182.0821,181.3709,-0.0005008886617156,0.0008571236007903,0.000165972038228,182.06926,181.774805,0.2744516186368034,182.4348
2020-03-12,182.4348,-8.057348594033958e-05,0.0009017077616571,182.4495,182.1086,181.4241,0.0033946382213043,0.0001455281535017,0.000293278575401,182.1345,181.82534,0.29847628901453327,182.8203
2020-03-13,182.8203,0.0021108542667277,0.0009869751992486,182.4348,182.0347,181.424,-8.057348594033958e-05,-0.000405884172602,-5.511948388008668e-07,182.29162,181.895155,0.3571865743095268,183.6968
2020-03-17,183.6968,0.0047828691806667,0.0013901951025006,182.8203,181.9223,181.4481,0.0021108542667277,-0.0006176554020026,0.0001328291705834,182.64652,182.00759,0.5240177114810253,185.0854
2020-03-18,185.0854,0.0075307678221512,0.0020700537586886,183.6968,181.8312,181.4571,0.0047828691806667,-0.0005008886617156,4.959973018766599e-05,183.29736,182.189005,0.8500446981580884,184.9298
2020-03-19,184.9298,-0.0008410465795572,0.0021018501355572,185.0854,182.4495,181.4757,0.0075307678221512,0.0033946382213043,0.0001024983138271,183.79342,182.36171,1.0294494353003378,186.9384
2020-03-20,186.9384,0.0108028572160006,0.0030372490321484,184.9298,182.4348,181.5334,-0.0008410465795572,-8.057348594033958e-05,0.0003178983694125,184.69414,182.63196,1.4315036133740886,187.0
2020-03-23,187.0,0.0003294660326791,0.0030399474240295,186.9384,182.8203,181.6199,0.0108028572160006,0.0021108542667277,0.0004763828478819,185.53008,182.90096499999999,1.7097719685516282,187.0
2020-03-24,187.0,0.0,0.0030572904434507,187.0,183.6968,181.8976,0.0003294660326791,0.0047828691806667,0.0015278497129859,186.19072,183.156085,1.9199329185711351,189.25
2020-03-25,189.25,0.0119602754629714,0.0038326818256451,187.0,185.0854,181.8423,0.0,0.0075307678221512,-0.0003040634278839,187.02364,183.52647,2.324953580305608,189.25
2020-03-26,189.25,0.0,0.0038223378638762,189.25,184.9298,181.7795,0.0119602754629714,-0.0008410465795572,-0.0003454138372582,187.88768,183.899995,2.611908425375818,189.25
2020-03-27,189.25,0.0,0.0038169446188691,189.25,186.9384,181.7458,0.0,0.0108028572160006,-0.0001854066283504,188.35,184.27520499999997,2.817105582054665,190.5
2020-03-30,190.5,0.0065833022491973,0.0039049024478647,189.25,187.0,181.687,0.0,0.0003294660326791,-0.0003235811435459,189.05,184.71585499999998,3.068956728000229,188.6236
2020-03-31,188.6236,-0.0098986996401502,0.0047666958824967,190.5,187.0,181.8071,0.0065833022491973,0.0,0.0006608085488612,189.37472,185.05668,3.1071885607657173,190.1563
2020-04-01,190.1563,0.0080928706369207,0.0049557355024245,188.6236,189.25,181.9261,-0.0098986996401502,0.0119602754629714,0.0006543257763973,189.55598,185.46819,3.213921835234179,190.0
2020-04-02,190.0,-0.00082229340304,0.0049939867643086,190.1563,189.25,182.0821,0.0080928706369207,0.0,0.0008571236007903,189.70598,185.864085,3.262172484584295,191.0
2020-04-03,191.0,0.0052493558861437,0.0050176799369128,190.0,189.25,182.1086,-0.00082229340304,0.0,0.0001455281535017,190.05598,186.308655,3.3286216735617127,194.8023
2020-04-06,194.8023,0.0197117700736225,0.0062853923057384,191.0,190.5,182.0347,0.0052493558861437,0.0065833022491973,-0.000405884172602,190.91644000000002,186.947035,3.6723680602173014,198.4216
2020-04-08,198.4216,0.0184088617722482,0.0070413984145965,194.8023,188.6236,181.9223,0.0197117700736225,-0.0098986996401502,-0.0006176554020026,192.87604000000002,187.772,4.286120754487159,199.7543
2020-04-09,199.7543,0.0066940514308186,0.0069643951133007,198.4216,190.1563,181.8312,0.0184088617722482,0.0080928706369207,-0.0005008886617156,194.79564,188.668155,4.819184929383538,192.9366
2020-04-15,192.9366,-0.0347264737948531,0.0112429408265344,199.7543,190.0,182.4495,0.0066940514308186,-0.00082229340304,0.0033946382213043,195.38296,189.19251,4.6753289424203945,191.6919
2020-04-16,191.6919,-0.0064722418906991,0.0114184368360253,192.9366,191.0,182.4348,-0.0347264737948531,0.0052493558861437,-8.057348594033958e-05,195.52134,189.65536500000002,4.422495869411859,192.6776
2020-04-17,192.6776,0.005128930161272,0.0114333069353806,191.6919,194.8023,182.8203,-0.0064722418906991,0.0197117700736225,0.0021108542667277,195.0964,190.14823,4.162289332496224,191.7233
2020-04-20,191.7233,-0.0049651390540329,0.0115437532081068,192.6776,198.4216,183.6968,0.005128930161272,0.0184088617722482,0.0047828691806667,193.75674,190.549555,3.8852423795441893,194.8458
2020-04-21,194.8458,0.0161552897650583,0.0119110390384025,191.7233,199.7543,185.0854,-0.0049651390540329,0.0066940514308186,0.0075307678221512,192.77504,191.037575,3.7741818174784107,192.6909
2020-04-22,192.6909,-0.0111211258685423,0.0122819995454516,194.8458,192.9366,184.9298,0.0161552897650583,-0.0347264737948531,-0.0008410465795572,192.7259,191.42563,3.5023402242440587,192.72
2020-04-23,192.72,0.0001510076650934,0.0121125024743685,192.6909,191.6919,186.9384,-0.0111211258685423,-0.0064722418906991,0.0108028572160006,192.93152,191.71471000000003,3.347663518091032,192.0
2020-04-24,192.0,-0.0037429862788343,0.012167727222924,192.72,192.6776,187.0,0.0001510076650934,0.005128930161272,0.0003294660326791,192.796,191.96471000000003,3.1583895761238665,192.0
2020-04-27,192.0,0.0,0.012167727222924,192.0,191.7233,187.0,-0.0037429862788343,-0.0049651390540329,0.0,192.85134,192.21471000000003,2.9346923946829166,192.5
2020-04-28,192.5,0.0026007817000574,0.0119142786225764,192.0,194.8458,189.25,0.0,0.0161552897650583,0.0119602754629714,192.38218,192.37721000000002,2.850666861748799,192.7667
2020-04-29,192.7667,0.0013844956888384,0.0119130937179632,192.5,192.6909,189.25,0.0026007817000574,-0.0111211258685423,0.0,192.39733999999999,192.553045,2.7544569691996585,192.85
2020-04-30,192.85,0.0004320352375595,0.0119117282003593,192.7667,192.72,189.25,0.0013844956888384,0.0001510076650934,0.0,192.42334,192.733045,2.6426034482392686,191.9692
2020-05-04,191.9692,-0.0045777421612515,0.0118949683195803,192.85,192.0,190.5,0.0004320352375595,-0.0037429862788343,0.0065833022491973,192.41717999999997,192.80650500000002,2.5972936166251577,190.1281
2020-05-05,190.1281,-0.0096368869839954,0.0118831945022139,191.9692,192.0,188.6236,-0.0045777421612515,0.0,-0.0098986996401502,192.0428,192.88173,2.4893111664069973,188.952
2020-05-06,188.952,-0.0062050409587139,0.0118258001772493,190.1281,192.5,190.1563,-0.0096368869839954,0.0026007817000574,0.0080928706369207,191.33319999999998,192.821515,2.571903082444612,188.3479
2020-05-11,188.3479,-0.0032022299301816,0.011843106577666,188.952,192.7667,190.0,-0.0062050409587139,0.0013844956888384,-0.00082229340304,190.44944,192.73891,2.6910654942916414,188.1075
2020-05-12,188.1075,-0.0012771766996993,0.0117678646901344,188.3479,192.85,191.0,-0.0032022299301816,0.0004320352375595,0.0052493558861437,189.50093999999999,192.594285,2.8617501011230493,188.4262
2020-05-13,188.4262,0.0016928103705231,0.0107648333930537,188.1075,191.9692,194.8023,-0.0012771766996993,-0.0045777421612515,0.0197117700736225,188.79234000000002,192.27548,2.9564161176274815,188.1954
2020-05-14,188.1954,-0.0012256335212418,0.00967838131458,188.4262,190.1281,198.4216,0.0016928103705231,-0.0096368869839954,0.0184088617722482,188.4058,191.76417,2.7116807021786338,188.0186
2020-05-15,188.0186,-0.0009398906633743,0.0094382083519831,188.1954,188.952,199.7543,-0.0012256335212418,-0.0062050409587139,0.0066940514308186,188.21912,191.17738500000002,2.0902255842032993,187.9868
2020-05-18,187.9868,-0.0001691465073417,0.005786285719102,188.0186,188.3479,192.9366,-0.0009398906633743,-0.0032022299301816,-0.0347264737948531,188.14690000000002,190.92989500000002,2.162744188687226,187.59
2020-05-19,187.59,-0.0021130173516437,0.0056619473493106,187.9868,188.1075,191.6919,-0.0001691465073417,-0.0012771766996993,-0.0064722418906991,188.04339999999996,190.7248,2.2780965496245074,187.6121
2020-05-20,187.6121,0.0001178031787431,0.0054806275579492,187.59,188.4262,192.6776,-0.0021130173516437,0.0016928103705231,0.005128930161272,187.88058,190.47152499999999,2.330543903495887,187.2876
2020-05-21,187.2876,-0.0017311301184758,0.0054151130356131,187.6121,188.1954,191.7233,0.0001178031787431,-0.0012256335212418,-0.0049651390540329,187.69902,190.24973999999997,2.4146910978950555,186.9062
2020-05-22,186.9062,-0.0020385165765825,0.0035627406636071,187.2876,188.0186,194.8458,-0.0017311301184758,-0.0009398906633743,0.0161552897650583,187.47654,189.85276000000002,2.2674766715776213,185.6954
2020-05-26,185.6954,-0.0064991898153917,0.0030598348896086,186.9062,187.9868,192.6909,-0.0020385165765825,-0.0001691465073417,-0.0111211258685423,187.01826,189.50298500000002,2.344863492428235,186.081
2020-05-27,186.081,0.002074365872979,0.0031547536283301,185.6954,187.59,192.72,-0.0064991898153917,-0.0021130173516437,0.0001510076650934,186.71646,189.171035,2.3353833331725027,186.1153
2020-05-28,186.1153,0.0001843113437564,0.0031465723231824,186.081,187.6121,192.0,0.002074365872979,0.0001178031787431,-0.0037429862788343,186.4171,188.87679999999997,2.3309053996343185,186.2865
2020-05-29,186.2865,0.0009194370814562,0.0031770777878597,186.1153,187.2876,192.0,0.0001843113437564,-0.0017311301184758,0.0,186.21688,188.59112499999998,2.2774911334549186,186.1456
2020-06-01,186.1456,-0.000756648026431,0.0030338860649612,186.2865,186.9062,192.5,0.0009194370814562,-0.0020385165765825,0.0026007817000574,186.06476,188.27340499999997,2.1427321490436086,186.1136
2020-06-02,186.1136,-0.0001719232195139,0.0029704864554734,186.1456,185.6954,192.7667,-0.000756648026431,-0.0064991898153917,0.0013844956888384,186.14839999999998,187.94075,1.9125154404448936,185.8628
2020-06-03,185.8628,-0.001348472849375,0.0029278289830976,186.1136,186.081,192.85,-0.0001719232195139,0.002074365872979,0.0004320352375595,186.10476,187.59139,1.577350932766196,185.7939
2020-06-04,185.7939,-0.0003707722787685,0.0028717650404284,185.8628,186.1153,191.9692,-0.001348472849375,0.0001843113437564,-0.0045777421612515,186.04047999999997,187.282625,1.244603440043107,185.4808
2020-06-08,185.4808,-0.0016866221922627,0.0021704154566859,185.7939,186.2865,190.1281,-0.0003707722787685,0.0009194370814562,-0.0096368869839954,185.87934,187.05025999999998,1.1121740735315697,185.0714
2020-06-09,185.0714,-0.0022096760811584,0.0018492182224558,185.4808,186.1456,188.952,-0.0016866221922627,-0.000756648026431,-0.0062050409587139,185.6645,186.85623,1.101386955302127,185.0856
2020-06-10,185.0856,7.672420084957815e-05,0.0017916597377462,185.0714,186.1136,188.3479,-0.0022096760811584,-0.0001719232195139,-0.0032022299301816,185.45890000000003,186.69311499999998,1.1103800303544087,185.1107
2020-06-11,185.1107,0.0001356037326061,0.0018027277533266,185.0856,185.8628,188.1075,7.672420084957815e-05,-0.001348472849375,-0.0012771766996993,185.30848,186.543275,1.1116711984639276,185.1677
2020-06-12,185.1677,0.0003078764543122,0.0017268141091963,185.1107,185.7939,188.4262,0.0001356037326061,-0.0003707722787685,0.0016928103705231,185.18323999999998,186.38035,1.0587070846057463,185.1799
2020-06-15,185.1799,6.588405057530465e-05,0.0017370211154025,185.1677,185.4808,188.1954,0.0003078764543122,-0.0016866221922627,-0.0012256335212418,185.12306,186.229575,0.9996937640675816,185.6585
2020-06-16,185.6585,0.0025811796498001,0.0018942348359915,185.1799,185.0714,188.0186,6.588405057530465e-05,-0.0022096760811584,-0.0009398906633743,185.24048,186.11157,0.9129298532140444,185.9544
2020-06-17,185.9544,0.0015925177115018,0.0019567970278564,185.6585,185.0856,187.9868,0.0025811796498001,7.672420084957815e-05,-0.0001691465073417,185.41424,186.00994999999998,0.7992450315569496,186.6082
2020-06-18,186.6082,0.0035097493475948,0.00211681062201,185.9544,185.1107,187.59,0.0015925177115018,0.0001356037326061,-0.0021130173516437,185.71374,185.96086,0.7236678609658133,186.5611
2020-06-19,186.5611,-0.0002524323423717,0.0021149289738691,186.6082,185.1677,187.6121,0.0035097493475948,0.0003078764543122,0.0001178031787431,185.99242,185.90830999999997,0.6294806864184449,186.5972
2020-06-22,186.5972,0.0001934835704449,0.0020890967706334,186.5611,185.1799,187.2876,-0.0002524323423717,6.588405057530465e-05,-0.0017311301184758,186.27588,185.87379,0.5655443896628571,186.603
2020-06-23,186.603,3.108251282019342e-05,0.002043188467349,186.5972,185.6585,186.9062,0.0001934835704449,0.0025811796498001,-0.0020385165765825,186.46478,185.85863,0.5398951643315781,186.6693
2020-06-24,186.6693,0.0003552366500124,0.00137588556329,186.603,185.9544,185.6954,3.108251282019342e-05,0.0015925177115018,-0.0064991898153917,186.60776,185.907325,0.5676065509248274,186.5942
2020-06-25,186.5942,-0.0004023967037407,0.001314212657883,186.6693,186.6082,186.081,0.0003552366500124,0.0035097493475948,0.002074365872979,186.60496,185.932985,0.587135431539045,186.44
2020-06-26,186.44,-0.0008267338961566,0.0013316552266421,186.5942,186.5611,186.1153,-0.0004023967037407,-0.0002524323423717,0.0001843113437564,186.58074,185.94922000000003,0.5968507805624426,186.1179
2020-06-29,186.1179,-0.0017291276349444,0.0013755047094425,186.44,186.5972,186.2865,-0.0008267338961566,0.0001934835704449,0.0009194370814562,186.48487999999998,185.94079,0.5930146033926597,186.2292
2020-06-30,186.2292,0.0005978293012883,0.0013719760547848,186.1179,186.603,186.1456,-0.0017291276349444,3.108251282019342e-05,-0.000756648026431,186.41012,185.94497,0.5948261055442581,186.2067
2020-07-01,186.2067,-0.000120826161105,0.001371642582656,186.2292,186.6693,186.1136,0.0005978293012883,0.0003552366500124,-0.0001719232195139,186.3176,185.94962500000003,0.5965769441882118,186.2482
2020-07-02,186.2482,0.0002228457736586,0.0013332964780313,186.2067,186.5942,185.8628,-0.000120826161105,-0.0004023967037407,-0.001348472849375,186.2484,185.96889500000003,0.5998402747223881,186.0915
2020-07-03,186.0915,-0.0008417045469575,0.001346210396252,186.2482,186.44,185.7939,0.0002228457736586,-0.0008267338961566,-0.0003707722787685,186.1787,185.983775,0.5989613464552083,185.9691
2020-07-06,185.9691,-0.0006579573564932,0.0012937915507116,186.0915,186.1179,185.4808,-0.0008417045469575,-0.0017291276349444,-0.0016866221922627,186.14893999999998,186.00818999999998,0.5872168458477754,185.8686
2020-07-07,185.8686,-0.0005405584342158,0.001184003797738,185.9691,186.2292,185.0714,-0.0006579573564932,0.0005978293012883,-0.0022096760811584,186.07682,186.04805,0.5458832692309937,185.8464
2020-07-08,185.8464,-0.0001194463501682,0.0011860196826757,185.8686,186.2067,185.0856,-0.0005405584342158,-0.000120826161105,7.672420084957815e-05,186.00475999999998,186.08609,0.4998523053915298,185.8278
2020-07-09,185.8278,-0.0001000876574996,0.0011879160390814,185.8464,186.2482,185.1107,-0.0001194463501682,0.0002228457736586,0.0001356037326061,185.92068,186.121945,0.44937445810807963,185.7142
2020-07-10,185.7142,-0.0006115055823564,0.001200966824425,185.8278,186.0915,185.1677,-0.0001000876574996,-0.0008417045469575,0.0003078764543122,185.84521999999998,186.14927,0.402462814293913,185.8664
2020-07-13,185.8664,0.0008192032011988,0.0012100560684425,185.7142,185.9691,185.1799,-0.0006115055823564,-0.0006579573564932,6.588405057530465e-05,185.82468,186.183595,0.33983921495454444,185.9109
2020-07-14,185.9109,0.0002393906255842,0.0010713405996841,185.8664,185.8686,185.6585,0.0008192032011988,-0.0005405584342158,0.0025811796498001,185.83314,186.196215,0.3236124765337023,185.8384
2020-07-15,185.8384,-0.0003900478140464,0.0010129810900418,185.9109,185.8464,185.9544,0.0002393906255842,-0.0001194463501682,0.0015925177115018,185.83154,186.190415,0.32916640683601744,185.8084
2020-07-16,185.8084,-0.0001614436075605,0.0005758855895264,185.8384,185.8278,186.6082,-0.0003900478140464,-0.0001000876574996,0.0035097493475948,185.82766,186.15042499999998,0.32428602517872923,185.8043
2020-07-17,185.8043,-2.2065984290446857e-05,0.0005773942507828,185.8084,185.7142,186.5611,-0.0001614436075605,-0.0006115055823564,-0.0002524323423717,185.84568,186.11258500000002,0.31793563933261476,185.7792
2020-07-20,185.7792,-0.0001350974951158,0.0005701409262929,185.8043,185.8664,186.5972,-2.2065984290446857e-05,0.0008192032011988,0.0001934835704449,185.82824,186.071685,0.30464958337837844,185.7477
2020-07-21,185.7477,-0.0001695704944943,0.0005672543601566,185.7792,185.9109,186.603,-0.0001350974951158,0.0002393906255842,3.108251282019342e-05,185.7956,186.02892,0.28557511233341765,185.776
2020-07-22,185.776,0.000152345597628,0.0005579813752079,185.7477,185.8384,186.6693,-0.0001695704944943,-0.0003900478140464,0.0003552366500124,185.78312,185.98425500000002,0.2474599902165544,185.7909
2020-07-23,185.7909,8.02009006075672e-05,0.0005610087273509,185.776,185.8084,186.5942,0.000152345597628,-0.0001614436075605,-0.0004023967037407,185.77962000000002,185.94409000000002,0.20475674873556438,185.7495
2020-07-24,185.7495,-0.0002228559810524,0.000542332293055,185.7909,185.8043,186.44,8.02009006075672e-05,-2.2065984290446857e-05,-0.0008267338961566,185.76866,185.909565,0.17239492977083812,185.7681
2020-07-27,185.7681,0.0001001298458835,0.000405225001969,185.7495,185.7792,186.1179,-0.0002228559810524,-0.0001350974951158,-0.0017291276349444,185.76644000000002,185.892075,0.16782997292114332,185.7498
2020-07-28,185.7498,-9.85147688163081e-05,0.0003711292498282,185.7681,185.7477,186.2292,0.0001001298458835,-0.0001695704944943,0.0005978293012883,185.76686,185.86810499999999,0.15048496837051417,185.7586
2020-07-29,185.7586,4.737443353445506e-05,0.0003732211918935,185.7498,185.776,186.2067,-9.85147688163081e-05,0.000152345597628,-0.000120826161105,185.76337999999998,185.8457,0.12928423987161722,185.7224
2020-07-30,185.7224,-0.0001948955672811,0.0003645860370467,185.7586,185.7909,186.2482,4.737443353445506e-05,8.02009006075672e-05,0.0002228457736586,185.74967999999998,185.81941,0.09088663757525897,185.6769
2020-07-31,185.6769,-0.0002450193106322,0.0003267054159503,185.7224,185.7495,186.0915,-0.0001948955672811,-0.0002228559810524,-0.0008417045469575,185.73516,185.79868,0.07057236334930518,185.6137
2020-08-04,185.6137,-0.0003404341537888,0.0003058000460932,185.6769,185.7681,185.9691,-0.0002450193106322,0.0001001298458835,-0.0006579573564932,185.70427999999998,185.78091,0.07014566682261093,185.5532
2020-08-05,185.5532,-0.0003259988998792,0.0002928600196494,185.6137,185.7498,185.8686,-0.0003404341537888,-9.85147688163081e-05,-0.0005405584342158,185.66496,185.76514000000003,0.0835641344956438,185.5025
2020-08-06,185.5025,-0.0002732743376022,0.0002958196377607,185.5532,185.7586,185.8464,-0.0003259988998792,4.737443353445506e-05,-0.0001194463501682,185.61374,185.747945,0.09977330842477117,185.4435
2020-08-07,185.4435,-0.0003181056029584,0.0003000958077143,185.5025,185.7224,185.8278,-0.0002732743376022,-0.0001948955672811,-0.0001000876574996,185.55796,185.72872999999998,0.11878001801358681,185.3294
2020-08-10,185.3294,-0.0006154711069865,0.0003004502117788,185.4435,185.6769,185.7142,-0.0003181056029584,-0.0002450193106322,-0.0006115055823564,185.48845999999998,185.70949000000002,0.14866333156838954,184.8127
2020-08-11,184.8127,-0.0027919025456849,0.000625668496515,185.3294,185.6137,185.8664,-0.0006154711069865,-0.0003404341537888,0.0008192032011988,185.32826,185.65680500000002,0.2453796530414702,184.2772
2020-08-12,184.2772,-0.002901734107301,0.0008435941311556,184.8127,185.5532,185.9109,-0.0027919025456849,-0.0003259988998792,0.0002393906255842,185.07306,185.57512000000003,0.38725139467724706,183.4614
2020-08-13,183.4614,-0.0044368545390534,0.0012282682069423,184.2772,185.5025,185.8384,-0.002901734107301,-0.0002732743376022,-0.0003900478140464,184.66484,185.45627,0.6054706147379725,182.645
2020-08-14,182.645,-0.0044599130375138,0.0014880511960127,183.4614,185.4435,185.8084,-0.0044368545390534,-0.0003181056029584,-0.0001614436075605,184.10514,185.2981,0.8658487511932538,182.8155
2020-08-17,182.8155,0.0009330694418139,0.0015310174493825,182.645,185.3294,185.8043,-0.0044599130375138,-0.0006154711069865,-2.2065984290446857e-05,183.60236,185.14866,1.018373449929848,183.3052
2020-08-18,183.3052,0.00267507568966,0.001714279387857,182.8155,184.8127,185.7792,0.0009330694418139,-0.0027919025456849,-0.0001350974951158,183.30086,185.02496000000002,1.08577732201213,184.0783
2020-08-19,184.0783,0.0042086873317002,0.002031745495874,183.3052,184.2772,185.7477,0.00267507568966,-0.002901734107301,-0.0001695704944943,183.26108,184.94149,1.0914452682211029,185.2732
2020-08-20,185.2732,0.0064702819328444,0.0025544720209548,184.0783,183.4614,185.776,0.0042086873317002,-0.0044368545390534,0.000152345597628,183.62344000000002,184.91635,1.076905578838176,186.0642
2020-08-21,186.0642,0.0042602829469255,0.002737497992178,185.2732,182.645,185.7909,0.0064702819328444,-0.0044599130375138,8.02009006075672e-05,184.30728,184.930015,1.0902383651589005,184.1213
2020-08-24,184.1213,-0.0104969959123106,0.003618327579403,186.0642,182.8155,185.7495,0.0042602829469255,0.0009330694418139,-0.0002228559810524,184.56844,184.848605,1.0866095674262832,184.7242
2020-08-25,184.7242,0.0032691223666315,0.0037114237063303,184.1213,183.3052,185.7681,-0.0104969959123106,0.00267507568966,0.0001001298458835,184.85224,184.79641,1.0649735820030906,186.1231
2020-08-26,186.1231,0.0075443808552605,0.004103995979005,184.7242,184.0783,185.7498,0.0032691223666315,0.0042086873317002,-9.85147688163081e-05,185.2612,184.815075,1.0856332640548414,186.3253
2020-08-27,186.3253,0.0010857880977073,0.0041098544821271,186.1231,185.2732,185.7586,0.0075443808552605,0.0064702819328444,4.737443353445506e-05,185.47161999999997,184.84341,1.1184546382097336,186.2504
2020-08-28,186.2504,-0.0004020659479885,0.0041110365330157,186.3253,186.0642,185.7224,0.0010857880977073,0.0042602829469255,-0.0001948955672811,185.50886,184.86981,1.1461820608787288,186.1578
2020-08-31,186.1578,-0.0004973037753112,0.0041126731086259,186.2504,184.1213,185.6769,-0.0004020659479885,-0.0104969959123106,-0.0002450193106322,185.91616,184.893855,1.1688251804904823,186.1004
2020-09-02,186.1004,-0.0003083881051104,0.0041124866929273,186.1578,184.7242,185.6137,-0.0004973037753112,0.0032691223666315,-0.0003404341537888,186.1914,184.91819,1.1894851587960031,185.4189
2020-09-03,185.4189,-0.003668723344327,0.004199049437315,186.1004,186.1231,185.5532,-0.0003083881051104,0.0075443808552605,-0.0003259988998792,186.05056,184.911475,1.1860858870211284,185.2317
2020-09-04,185.2317,-0.0010101158121272,0.0042044679564718,185.4189,186.3253,185.5025,-0.003668723344327,0.0010857880977073,-0.0002732743376022,185.83184,184.89793500000002,1.180516429463316,185.2125
2020-09-07,185.2125,-0.0001036593366406,0.0042040835286625,185.2317,186.2504,185.4435,-0.0010101158121272,-0.0004020659479885,-0.0003181056029584,185.62426,184.886385,1.176019237320809,184.7814
2020-09-08,184.7814,-0.0023303097434043,0.0042333438884706,185.2125,186.1578,185.3294,-0.0001036593366406,-0.0004973037753112,-0.0006154711069865,185.34898,184.858985,1.1715295455183061,184.3959
2020-09-09,184.3959,-0.002088428189459,0.0042130948496688,184.7814,186.1004,184.8127,-0.0023303097434043,-0.0003083881051104,-0.0027919025456849,185.00808,184.838145,1.1760945036416217,184.3531
2020-09-10,184.3531,-0.0002321362237847,0.0041620682323813,184.3959,185.4189,184.2772,-0.002088428189459,-0.003668723344327,-0.002901734107301,184.79492,184.84194,1.1743102940365628,184.736
2020-09-11,184.736,0.0020748385003181,0.0040481603922967,184.3531,185.2317,183.4614,-0.0002321362237847,-0.0010101158121272,-0.0044368545390534,184.69577999999998,184.90567000000001,1.1291634304564502,184.5487
2020-09-14,184.5487,-0.0010143935887995,0.0039035984569324,184.736,185.2125,182.645,0.0020748385003181,-0.0001036593366406,-0.0044599130375138,184.56302,185.000855,1.0015983554830792,184.2087
2020-09-15,184.2087,-0.0018440313135201,0.0039373203122657,184.5487,184.7814,182.8155,-0.0010143935887995,-0.0023303097434043,0.0009330694418139,184.44848000000002,185.070515,0.8830410613454668,184.4109
2020-09-16,184.4109,0.0010970660283928,0.0039045746581214,184.2087,184.3959,183.3052,-0.0018440313135201,-0.002088428189459,0.00267507568966,184.45148,185.12579999999997,0.7971361595017725,184.8888
2020-09-17,184.8888,0.0025881432709918,0.0038354102834626,184.4109,184.3531,184.0783,0.0010970660283928,-0.0002321362237847,0.0042086873317002,184.55862,185.166325,0.7608569378086223,184.9621
2020-09-18,184.9621,0.0003963759501987,0.0035438122414107,184.8888,184.736,185.2732,0.0025881432709918,0.0020748385003181,0.0064702819328444,184.60384,185.15077000000002,0.761736545868405,185.3935
2020-09-21,185.3935,0.002329653960199,0.003444140384161,184.9621,184.5487,186.0642,0.0003963759501987,-0.0010143935887995,0.0042602829469255,184.7728,185.117235,0.7336527324365119,185.5337
2020-09-22,185.5337,0.0007559435203266,0.0024440765491948,185.3935,184.2087,184.1213,0.002329653960199,-0.0018440313135201,-0.0104969959123106,185.0378,185.18785499999998,0.6999433506558096,185.3808
2020-09-23,185.3808,-0.0008244488078019,0.0023595225834674,185.5337,184.4109,184.7242,0.0007559435203266,0.0010970660283928,0.0032691223666315,185.23178,185.220685,0.6924095542082209,185.0959
2020-09-24,185.0959,-0.0015380187534651,0.001627486178929,185.3808,184.8888,186.1231,-0.0008244488078019,0.0025881432709918,0.0075443808552605,185.2732,185.16932500000001,0.6592519802744032,185.0175
2020-09-25,185.0175,-0.0004236539459128,0.0015956648940412,185.0959,184.9621,186.3253,-0.0015380187534651,0.0003963759501987,0.0010857880977073,185.28428000000002,185.103935,0.6008286332627778,185.1969
2020-09-28,185.1969,0.000969168211946,0.0016226399638386,185.0175,185.3935,186.2504,-0.0004236539459128,0.002329653960199,-0.0004020659479885,185.24496000000002,185.05126,0.5379137705755286,185.2765
2020-09-29,185.2765,0.000429720466975,0.001629440907574,185.1969,185.5337,186.1578,0.000969168211946,0.0007559435203266,-0.0004973037753112,185.19351999999998,185.007195,0.4749039275929847,185.5224
2020-09-30,185.5224,0.0013263255961531,0.0016662696165337,185.2765,185.3808,186.1004,0.000429720466975,-0.0008244488078019,-0.0003083881051104,185.22184000000001,184.978295,0.4191957141468142,184.9467
2020-10-02,184.9467,-0.0031079540151046,0.0016077312541924,185.5224,185.0959,185.4189,0.0013263255961531,-0.0015380187534651,-0.003668723344327,185.192,184.95468499999998,0.406169055056382,184.5675
2020-10-05,184.5675,-0.002052425228115,0.001654073295725,184.9467,185.0175,185.2317,-0.0031079540151046,-0.0004236539459128,-0.0010101158121272,185.102,184.92147500000002,0.40946753334589653,184.7631
2020-10-06,184.7631,0.0010592137141494,0.0016771610668491,184.5675,185.1969,185.2125,-0.002052425228115,0.000969168211946,-0.0001036593366406,185.01524,184.899005,0.4049625472236502,184.7127
2020-10-07,184.7127,-0.000272818952216,0.001595664777292,184.7631,185.2765,184.7814,0.0010592137141494,0.000429720466975,-0.0023303097434043,184.90248000000003,184.89557,0.40630175854403455,184.4723
2020-10-08,184.4723,-0.0013023282851564,0.001551054589462,184.7127,185.5224,184.3959,-0.000272818952216,0.0013263255961531,-0.002088428189459,184.69245999999998,184.89939,0.40168964171251714,184.1916
2020-10-09,184.1916,-0.0015227965322514,0.0015885251787553,184.4723,184.9467,184.3531,-0.0013023282851564,-0.0031079540151046,-0.0002321362237847,184.54144000000002,184.891315,0.4146632498294717,184.1909
2020-10-12,184.1909,-3.800397684495651e-06,0.0015086012896585,184.1916,184.5675,184.736,-0.0015227965322514,-0.002052425228115,0.0020748385003181,184.46612,184.86406,0.4423958888480857,184.1919
2020-10-13,184.1919,5.429135127895874e-06,0.0014949401680911,184.1909,184.7631,184.5487,-3.800397684495651e-06,0.0010592137141494,-0.0010143935887995,184.35188,184.84622000000002,0.46251885599823106,184.2721
2020-10-14,184.2721,0.0004353206894921,0.0014406223956152,184.1919,184.7127,184.2087,5.429135127895874e-06,-0.000272818952216,-0.0018440313135201,184.26376,184.84939,0.4581157746640202,184.6039
2020-10-15,184.6039,0.0017989790036999,0.0014764190037805,184.2721,184.4723,184.4109,0.0004353206894921,-0.0013023282851564,0.0010970660283928,184.29008000000002,184.85904,0.450360125310502,184.6942
2020-10-16,184.6942,0.0004890358320263,0.001356395744795,184.6039,184.1916,184.8888,0.0017989790036999,-0.0015227965322514,0.0025881432709918,184.3906,184.84931,0.45178323382396096,184.3203
2020-10-19,184.3203,-0.0020264793278062,0.0014208453069387,184.6942,184.1909,184.9621,0.0004890358320263,-3.800397684495651e-06,0.0003963759501987,184.41648,184.81722,0.46592230834881915,184.3122
2020-10-20,184.3122,-4.39462065950107e-05,0.0012942204190035,184.3203,184.1919,185.3935,-0.0020264793278062,5.429135127895874e-06,0.002329653960199,184.44054,184.763155,0.4582044147611502,184.4198
2020-10-21,184.4198,0.0005836217255578,0.0012874291419297,184.3122,184.2721,185.5337,-4.39462065950107e-05,0.0004353206894921,0.0007559435203266,184.47008,184.70746000000003,0.4261942247457701,184.3514
2020-10-22,184.3514,-0.0003709617279461,0.0012817073265439,184.4198,184.6039,185.3808,0.0005836217255578,0.0017989790036999,-0.0008244488078019,184.41958,184.65599,0.4020734141479392,184.3012
2020-10-23,184.3012,-0.0002723431236361,0.0012470184861701,184.3514,184.6942,185.0959,-0.0003709617279461,0.0004890358320263,-0.0015380187534651,184.34098,184.616255,0.39552598613329454,184.5397
2020-10-26,184.5397,0.0012932407075267,0.0012902544958077,184.3012,184.3203,185.0175,-0.0002723431236361,-0.0020264793278062,-0.0004236539459128,184.38486,184.59236500000003,0.3842849672086102,184.3315
2020-10-27,184.3315,-0.0011288494309619,0.0012815040833263,184.5397,184.3122,185.1969,0.0012932407075267,-4.39462065950107e-05,0.000969168211946,184.38872,184.54909500000002,0.36062561928642134,184.2983
2020-10-28,184.2983,-0.000180126512234,0.0012720962948529,184.3315,184.4198,185.2765,-0.0011288494309619,0.0005836217255578,0.000429720466975,184.36442000000002,184.500185,0.32092811495717394,184.2769
2020-10-29,184.2769,-0.0001161228429044,0.0012168353929087,184.2983,184.3514,185.5224,-0.000180126512234,-0.0003709617279461,0.0013263255961531,184.34952,184.43791000000002,0.21573270704987707,184.2938
2020-11-02,184.2938,9.170560769927112e-05,0.001029193507834,184.2769,184.3012,184.9467,-0.0001161228429044,-0.0002723431236361,-0.0031079540151046,184.34804000000003,184.405265,0.18134844686561075,184.4256
2020-11-03,184.4256,0.0007149068132216,0.0009464597773691,184.2938,184.5397,184.5675,9.170560769927112e-05,0.0012932407075267,-0.002052425228115,184.32522,184.39817,0.17740000310492726,184.431
2020-11-04,184.431,2.9279671289093183e-05,0.000910945350349,184.4256,184.3315,184.7631,0.0007149068132216,-0.0011288494309619,0.0010592137141494,184.34512,184.38156500000002,0.15565377308413347,184.3855
2020-11-05,184.3855,-0.0002467351662999,0.0009106883993318,184.431,184.2983,184.7127,2.9279671289093183e-05,-0.000180126512234,-0.000272818952216,184.36256,184.365205,0.1348187766931039,184.437
2020-11-06,184.437,0.0002792671289562,0.0008673912793236,184.3855,184.2769,184.4723,-0.0002467351662999,-0.0001161228429044,-0.0013023282851564,184.39458000000002,184.36344,0.13356820196192845,184.4664
2020-11-09,184.4664,0.0001593913206666,0.000791141293375,184.437,184.2938,184.1916,0.0002792671289562,9.170560769927112e-05,-0.0015227965322514,184.4291,184.37718,0.1290175122611964,184.6113
2020-11-10,184.6113,0.0007852005550307,0.0008065508252079,184.4664,184.4256,184.1909,0.0001593913206666,0.0007149068132216,-3.800397684495651e-06,184.46624,184.39820000000003,0.131297167751345,184.5183
2020-11-11,184.5183,-0.0005038880759913,0.0008181165403748,184.6113,184.431,184.1919,0.0007852005550307,2.9279671289093183e-05,5.429135127895874e-06,184.48370000000003,184.41451999999998,0.12440964824040672,184.5985
2020-11-12,184.5985,0.0004345508048511,0.0008180993819612,184.5183,184.3855,184.2721,-0.0005038880759913,-0.0002467351662999,0.0004353206894921,184.5263,184.43084000000002,0.126140228344759,184.6036
2020-11-13,184.6036,2.762714513434891e-05,0.0007122048673128,184.5985,184.437,184.6039,0.0004345508048511,0.0002792671289562,0.0017989790036999,184.55962,184.430825,0.1261185817167165,184.6106
2020-11-16,184.6106,3.791836825802422e-05,0.0007029828471962,184.6036,184.4664,184.6942,2.762714513434891e-05,0.0001593913206666,0.0004890358320263,184.58846,184.426645,0.11805780217435746,185.0098
2020-11-17,185.0098,0.0021600547762884,0.0006981901334037,184.6106,184.6113,184.3203,3.791836825802422e-05,0.0007852005550307,-0.0020264793278062,184.66816,184.46112,0.17317548612987915,184.9
2020-11-18,184.9,-0.0005936582552002,0.0007182786621271,185.0098,184.5183,184.3122,0.0021600547762884,-0.0005038880759913,-4.39462065950107e-05,184.7445,184.49051000000003,0.19506655772752463,184.9321
2020-11-19,184.9321,0.0001735922873141,0.0007113453111412,184.9,184.5985,184.4198,-0.0005936582552002,0.0004345508048511,0.0005836217255578,184.81122,184.51612500000002,0.21762443946894214,184.6405
2020-11-20,184.6405,-0.0015780393920547,0.0008022607583199,184.9321,184.6036,184.3514,0.0001735922873141,2.762714513434891e-05,-0.0003709617279461,184.8186,184.53058000000001,0.2157000123135239,185.1174
2020-11-23,185.1174,0.0025795271145766,0.00097211313875,184.6405,184.6106,184.3012,-0.0015780393920547,3.791836825802422e-05,-0.0002723431236361,184.91996,184.57139,0.245210630932975,185.4844
2020-11-24,185.4844,0.0019805630731803,0.0010228416597361,185.1174,185.0098,184.5397,0.0025795271145766,0.0021600547762884,0.0012932407075267,185.01488,184.618625,0.3187472944304308,185.4
2020-11-25,185.4,-0.0004551283443406,0.0009852605538704,185.4844,184.9,184.3315,0.0019805630731803,-0.0005936582552002,-0.0011288494309619,185.11488,184.67205,0.3555143367400677,185.5071
2020-11-26,185.5071,0.0005775031158829,0.0009808291788364,185.4,184.9321,184.2983,-0.0004551283443406,0.0001735922873141,-0.000180126512234,185.22988,184.73249,0.3897352675670728,185.2192
2020-11-27,185.2192,-0.0015531677028353,0.001064092213041,185.5071,184.6405,184.2769,0.0005775031158829,-0.0015780393920547,-0.0001161228429044,185.34562,184.779605,0.3887162345075795,184.9601
2020-11-30,184.9601,-0.0013998624034965,0.0011265758205243,185.2192,185.1174,184.2938,-0.0015531677028353,0.0025795271145766,9.170560769927112e-05,185.31416,184.81292000000002,0.3731290217750128,185.8
2020-12-01,185.8,0.0045307002384322,0.0014872324113737,184.9601,185.4844,184.4256,-0.0013998624034965,0.0019805630731803,0.0007149068132216,185.37728,184.88164,0.42147244693135144,185.6
2020-12-02,185.6,-0.001077006027638,0.0015208138312049,185.8,185.4,184.431,0.0045307002384322,-0.0004551283443406,2.9279671289093183e-05,185.41727999999998,184.94009,0.4364798227037685,186.8761
2020-12-03,186.8761,0.0068520100631519,0.002100487352767,185.6,185.5071,184.3855,-0.001077006027638,0.0005775031158829,-0.0002467351662999,185.69108,185.06462000000002,0.5960478747515351,186.5279
2020-12-04,186.5279,-0.0018650046647974,0.0021749320053377,186.8761,185.2192,184.437,0.0068520100631519,-0.0015531677028353,0.0002792671289562,185.95282000000003,185.169165,0.6600987431883808,185.4773
2020-12-07,185.4773,-0.00564832315868,0.002581461194017,186.5279,184.9601,184.4664,-0.0018650046647974,-0.0013998624034965,0.0001593913206666,186.05626,185.21971,0.6419070787368811,186.2349
2020-12-08,186.2349,0.0040762775557304,0.0027171405835658,185.4773,185.8,184.6113,-0.00564832315868,0.0045307002384322,0.0007852005550307,186.14324,185.30089,0.6632255080849552,186.1692
2020-12-09,186.1692,-0.0003528425207007,0.0027145940936071,186.2349,185.6,184.5183,0.0040762775557304,-0.001077006027638,-0.0005038880759913,186.25708,185.38343500000002,0.663433454578089,185.9231
2020-12-10,185.9231,-0.0013227902640551,0.0027432524212216,186.1692,186.8761,184.5985,-0.0003528425207007,0.0068520100631519,0.0004345508048511,186.06648,185.449665,0.6468597067620638,185.9087
2020-12-11,185.9087,-7.745437591509179e-05,0.0027440179882007,185.9231,186.5279,184.6036,-0.0013227902640551,-0.0018650046647974,2.762714513434891e-05,185.94263999999998,185.51492000000002,0.6223827292165013,186.02
2020-12-14,186.02,0.0005985018274865,0.0027435013154099,185.9087,185.4773,184.6106,-7.745437591509179e-05,-0.00564832315868,3.791836825802422e-05,186.05118,185.58539000000002,0.5937319835232847,186.7323
2020-12-15,186.7323,0.0038218455903156,0.002824217752396,186.02,186.2349,185.0098,0.0005985018274865,0.0040762775557304,0.0021600547762884,186.15066000000002,185.671515,0.6296859737164686,187.8877
2020-12-16,187.8877,0.0061684035209101,0.0030838445142059,186.7323,186.1692,184.9,0.0038218455903156,-0.0003528425207007,-0.0005936582552002,186.49436,185.8209,0.7747158079582329,188.0686
2020-12-17,188.0686,0.0009623459639384,0.0030804339599862,187.8877,185.9231,184.9321,0.0061684035209101,-0.0013227902640551,0.0001735922873141,186.92346,185.977725,0.8936564545495798,187.878
2020-12-18,187.878,-0.0010139738799624,0.0030596333780041,188.0686,185.9087,184.6405,0.0009623459639384,-7.745437591509179e-05,-0.0015780393920547,187.31732,186.1396,0.9311175904850052,187.86
2020-12-21,187.86,-9.58114431531298e-05,0.0030393336048878,187.878,186.02,185.1174,-0.0010139738799624,0.0005985018274865,0.0025795271145766,187.68532,186.27673000000001,0.973636967925146,187.7
2020-12-22,187.7,-0.0008520609739062,0.0030442482085955,187.86,186.7323,185.4844,-9.58114431531298e-05,0.0038218455903156,0.0019805630731803,187.87885999999997,186.38751,1.0043032792333104,189.2842
2020-12-23,189.2842,0.0084046457405459,0.0034948639379273,187.7,187.8877,185.4,-0.0008520609739062,0.0061684035209101,-0.0004551283443406,188.15816,186.58172,1.1658555234787693,190.2188
2020-12-24,190.2188,0.0049253992164195,0.0035984890285203,189.2842,188.0686,185.5071,0.0084046457405459,0.0009623459639384,0.0005775031158829,188.5882,186.817305,1.391491056922085,190.2846
2020-12-28,190.2846,0.000345857622591,0.003545176201745,190.2188,187.878,185.2192,0.0049253992164195,-0.0010139738799624,-0.0015531677028353,189.06951999999998,187.07057500000002,1.5385225489065493,187.9667
2020-12-30,187.9667,-0.0122560266906015,0.0046478395341466,190.2846,187.86,184.9601,0.000345857622591,-9.58114431531298e-05,-0.0013998624034965,189.09086,187.220905,1.4666634914946373,186.4082
2020-12-31,186.4082,-0.0083259267812123,0.0049826325760787,187.9667,187.7,185.8,-0.0122560266906015,-0.0008520609739062,0.0045307002384322,188.8325,187.251315,1.4417452359878773,185.3906
2021-01-01,185.3906,-0.0054739420404231,0.005134918209715,186.4082,189.2842,185.6,-0.0083259267812123,0.0084046457405459,-0.001077006027638,188.05378000000002,187.240845,1.455067078366623,185.275
2021-01-04,185.275,-0.00062374282236,0.0048708643426499,185.3906,190.2188,186.8761,-0.0054739420404231,0.0049253992164195,0.0068520100631519,187.06502,187.16079000000002,1.518838119590149,185.0
2021-01-05,185.0,-0.0014853827590977,0.0048657159026964,185.275,190.2846,186.5279,-0.00062374282236,0.000345857622591,-0.0018650046647974,186.0081,187.08439500000003,1.58914500660582,185.0
2021-01-06,185.0,0.0,0.0047070811584744,185.0,187.9667,185.4773,-0.0014853827590977,-0.0122560266906015,-0.00564832315868,185.41476,187.06053000000003,1.6178740534040752,185.0
2021-01-07,185.0,0.0,0.004602507792945,185.0,186.4082,186.2349,0.0,-0.0083259267812123,0.0040762775557304,185.13312000000002,186.998785,1.6736452916720694,185.5
2021-01-08,185.5,0.0026990569691649,0.0046521279956484,185.0,185.3906,186.1692,0.0,-0.0054739420404231,-0.0003528425207007,185.15500000000003,186.965325,1.6976211910290395,187.5251
2021-01-11,187.5251,0.0108578210702997,0.0052531396546734,185.5,185.275,185.9231,0.0026990569691649,-0.00062374282236,-0.0013227902640551,185.60502,187.045425,1.6835931399427702,187.0
2021-01-12,187.0,-0.0028040862632029,0.0053021274377034,187.5251,185.0,185.9087,0.0108578210702997,-0.0014853827590977,-7.745437591509179e-05,186.00502,187.09999,1.6623636355136298,186.994
2021-01-13,186.994,-3.2086076250002715e-05,0.0053020878373777,187.0,185.0,186.02,-0.0028040862632029,0.0,0.0005985018274865,186.40382,187.14869000000002,1.6432161333459974,191.0367
2021-01-15,191.0367,0.0213890254073589,0.0070800312800373,186.994,185.0,186.7323,-3.2086076250002715e-05,0.0,0.0038218455903156,187.61115999999998,187.36390999999998,1.8541542846847099,192.7447
2021-01-18,192.7447,0.0089009591222426,0.0072074054824964,191.0367,185.5,187.8877,0.0213890254073589,0.0026990569691649,0.0061684035209101,189.06009999999998,187.60676,2.2102500064219206,193.6458
2021-01-19,193.6458,0.0046642018041436,0.0072463521166662,192.7447,187.5251,188.0686,0.0089009591222426,0.0108578210702997,0.0009623459639384,190.28424,187.88562000000002,2.590675045852647,194.798
2021-01-20,194.798,0.0059324071031956,0.0072878247722701,193.6458,187.0,187.878,0.0046642018041436,-0.0028040862632029,-0.0010139738799624,191.84384,188.23162,3.0166813926535583,194.798
2021-01-21,194.798,0.0,0.0072865384769588,194.798,186.994,187.86,0.0059324071031956,-3.2086076250002715e-05,-9.58114431531298e-05,193.40464,188.57852,3.3519783518241373,196.425
2021-01-22,196.425,0.0083175548466076,0.0073976390120803,194.798,191.0367,187.7,0.0,0.0213890254073589,-0.0008520609739062,194.4823,189.01477,3.7729549239209486,196.8017
2021-01-25,196.8017,0.0019159437303407,0.0072554360693803,196.425,192.7447,189.2842,0.0083175548466076,0.0089009591222426,0.0084046457405459,195.2937,189.390645,4.15620420378942,196.1519
2021-01-26,196.1519,-0.0033072637191374,0.0073109113744554,196.8017,193.6458,190.2188,0.0019159437303407,0.0046642018041436,0.0049253992164195,195.79492,189.6873,4.4216886449149975,195.863
2021-01-27,195.863,-0.0014739238345367,0.0073377742047559,196.1519,194.798,190.2846,-0.0033072637191374,0.0059324071031956,0.000345857622591,196.00792,189.96622,4.632277232697751,194.3948
2021-01-29,194.3948,-0.0075242925411666,0.0069381813426974,195.863,194.798,187.9667,-0.0014739238345367,0.0,-0.0122560266906015,195.92728000000002,190.287625,4.708615127482157,190.9824
2021-02-01,190.9824,-0.0177098654933723,0.0079010290665399,194.3948,196.425,186.4082,-0.0075242925411666,0.0083175548466076,-0.0083259267812123,194.83876,190.516335,4.620530162360147,192.5656
2021-02-02,192.5656,0.0082555976925548,0.0078859672386914,190.9824,196.8017,185.3906,-0.0177098654933723,0.0019159437303407,-0.0054739420404231,193.99154000000001,190.87508499999998,4.477951700124503,194.0008
2021-02-03,194.0008,0.0074254078695981,0.0079555512497427,192.5656,196.1519,185.275,0.0082555976925548,-0.0033072637191374,-0.00062374282236,193.56132000000002,191.311375,4.326121029746612,194.4118
2021-02-05,194.4118,0.0021163070065048,0.0079059389387029,194.0008,195.863,185.0,0.0074254078695981,-0.0014739238345367,-0.0014853827590977,193.27108,191.78196499999999,4.109944435174994,193.7369
2021-02-08,193.7369,-0.0034775367282954,0.0080010480788381,194.4118,194.3948,185.0,0.0021163070065048,-0.0075242925411666,0.0,193.1395,192.21881,3.804092480866964,194.358
2021-02-09,194.358,0.0032007662572174,0.0079844628312836,193.7369,190.9824,185.0,-0.0034775367282954,-0.0177098654933723,0.0,193.81462,192.68671,3.426196143775138,194.309
2021-02-10,194.309,-0.0002521438674217,0.0080071923918779,194.358,192.5656,185.5,0.0032007662572174,0.0082555976925548,0.0026990569691649,194.1633,193.12716,2.9924526155221645,194.5
2021-02-11,194.5,0.0009824876243301,0.0077534398766622,194.309,194.0008,187.5251,-0.0002521438674217,0.0074254078695981,0.0108578210702997,194.26313999999996,193.475905,2.697072802993098,194.625
2021-02-12,194.625,0.0006424670956615,0.0076830985712722,194.5,194.4118,187.0,0.0009824876243301,0.0021163070065048,-0.0028040862632029,194.30578,193.857155,2.2323680474736802,193.9717
2021-02-15,193.9717,-0.0033623580204746,0.0077650693056983,194.625,193.7369,186.994,0.0006424670956615,-0.0034775367282954,-3.2086076250002715e-05,194.35273999999998,194.20603999999997,1.5417297876896183,193.9717
2021-02-16,193.9717,0.0,0.006256050028067,193.9717,194.358,191.0367,-0.0033623580204746,0.0032007662572174,0.0213890254073589,194.27548000000002,194.35279,1.3522140125060562,194.958
2021-02-17,194.958,0.005071878616077,0.0060490406108654,193.9717,194.309,192.7447,0.0,-0.0002521438674217,0.0089009591222426,194.40528,194.463455,1.303367355983691,194.85
2021-02-18,194.85,-0.0005541189650465,0.0059752813988672,194.958,194.5,193.6458,0.005071878616077,0.0009824876243301,0.0046642018041436,194.47527999999997,194.523665,1.2913663772232866,194.85
2021-02-19,194.85,0.0,0.0058268901483475,194.85,194.625,194.798,-0.0005541189650465,0.0006424670956615,0.0059324071031956,194.52027999999999,194.52626500000002,1.2919999780885012,194.8257
2021-02-22,194.8257,-0.0001247190934999,0.0058269719191015,194.85,193.9717,194.798,0.0,-0.0033623580204746,0.0,194.69108,194.52765,1.292321411233799,194.2126
2021-02-23,194.2126,-0.0031518773733149,0.0055224743398913,194.8257,193.9717,196.425,-0.0001247190934999,0.0,0.0083175548466076,194.73926,194.41703,1.213658708653852,194.056
2021-02-24,194.056,-0.0008066581149832,0.0054915341796769,194.2126,194.958,196.8017,-0.0031518773733149,0.005071878616077,0.0019159437303407,194.55886,194.279745,1.0773537265042272,194.0119
2021-02-25,194.0119,-0.0002272798146399,0.0054577259717705,194.056,194.85,196.1519,-0.0008066581149832,-0.0005541189650465,-0.0033072637191374,194.39124,194.172745,0.9838411988955582,194.0149
2021-03-01,194.0149,1.5462849473631704e-05,0.0054545943621805,194.0119,194.85,195.863,-0.0002272798146399,0.0,-0.0014739238345367,194.22422,194.08034,0.8999446177914103,194.5
2021-03-02,194.5,0.0024972028207471,0.0052284634570179,194.0149,194.8257,194.3948,1.5462849473631704e-05,-0.0001247190934999,-0.0075242925411666,194.15908,194.0856,0.9021839600816252,195.6288
2021-03-03,195.6288,0.0057868229673832,0.0033274917015189,194.5,194.2126,190.9824,0.0024972028207471,-0.0031518773733149,-0.0177098654933723,194.44232000000002,194.31792000000002,0.6128855998144102,195.2692
2021-03-04,195.2692,-0.0018398666733543,0.0029448733223673,195.6288,194.056,192.5656,0.0057868229673832,-0.0008066581149832,0.0082555976925548,194.68496,194.4531,0.49235107386232807,195.3636
2021-03-05,195.3636,0.0004833183585076,0.0024829885852769,195.2692,194.0119,194.0008,-0.0018398666733543,-0.0002272798146399,0.0074254078695981,194.95530000000002,194.52123999999998,0.519987640882114,195.5
2021-03-08,195.5,0.0006979417143829,0.0024499202021894,195.3636,194.0149,194.4118,0.0004833183585076,1.5462849473631704e-05,0.0021163070065048,195.25232,194.57565,0.5630808509175919,195.5
2021-03-09,195.5,0.0,0.0022872766881005,195.5,194.5,193.7369,0.0006979417143829,0.0024972028207471,-0.0034775367282954,195.45232000000001,194.663805,0.5628702817855439,195.9905
2021-03-10,195.9905,0.0025058092426629,0.0022482820297059,195.5,195.6288,194.358,0.0,0.0057868229673832,0.0032007662572174,195.52466,194.74543,0.6304963057919015,196.5333
2021-03-12,196.5333,0.0027656939324064,0.0023015619154328,195.9905,195.2692,194.309,0.0025058092426629,-0.0018398666733543,-0.0002521438674217,195.77748,194.85664500000001,0.7366931342947971,196.0383
2021-03-15,196.0383,-0.0025218342963956,0.0023997324658899,196.5333,195.3636,194.5,0.0027656939324064,0.0004833183585076,0.0009824876243301,195.91242,194.93356,0.7767141737616592,196.775
2021-03-16,196.775,0.0037508957244197,0.0025145906456161,196.0383,195.5,194.625,-0.0025218342963956,0.0006979417143829,0.0006424670956615,196.16742,195.04106,0.8744014568389743,198.4945
2021-03-17,198.4945,0.0087004479062984,0.0029379939176669,196.775,195.5,193.9717,0.0037508957244197,0.0,-0.0033623580204746,196.76632,195.2672,1.1306009412491218,197.45
2021-03-18,197.45,-0.005276004202154,0.003265525600972,198.4945,195.9905,193.9717,0.0087004479062984,0.0025058092426629,0.0,197.05821999999998,195.44111500000002,1.1869527176369754,199.2803
2021-03-19,199.2803,0.0092269886396437,0.0036546631076535,197.45,196.5333,194.958,-0.005276004202154,0.0027656939324064,0.005071878616077,197.60762,195.65723,1.457107910982446,197.4667
2021-03-22,197.4667,-0.0091424138419207,0.0043054190794285,199.2803,196.0383,194.85,0.0092269886396437,-0.0025218342963956,-0.0005541189650465,197.8933,195.78806500000002,1.4977230311762846,197.7692
2021-03-23,197.7692,0.0015307316924736,0.0043065435682684,197.4667,196.775,194.85,-0.0091424138419207,0.0037508957244197,0.0,198.09214,195.934025,1.5430515698343727,198.953
2021-03-24,198.953,0.0059679217020128,0.0044548282094334,197.7692,198.4945,194.8257,0.0015307316924736,0.0087004479062984,-0.0001247190934999,198.18384,196.14039,1.6586813132043532,198.0
2021-03-25,198.0,-0.0048015852303324,0.0045509255200287,198.953,197.45,194.2126,0.0059679217020128,-0.005276004202154,-0.0031518773733149,198.29384,196.32976000000002,1.643132525114411,198.445
2021-03-26,198.445,0.0022449529538426,0.0045395181780602,198.0,199.2803,194.056,-0.0048015852303324,0.0092269886396437,-0.0008066581149832,198.12678,196.54921,1.616345700983728,198.1705
2021-03-29,198.1705,-0.0013842123862002,0.0045648672502615,198.445,197.4667,194.0119,0.0022449529538426,-0.0091424138419207,-0.0002272798146399,198.26754,196.75714,1.5383661292812862,199.4353
2021-03-30,199.4353,0.0063621016906854,0.0047067936866174,198.1705,197.7692,194.0149,-0.0013842123862002,0.0015307316924736,1.5462849473631704e-05,198.60076,197.02816,1.5069743225324599,199.0377
2021-03-31,199.0377,-0.0019956189350512,0.0047574947029941,199.4353,198.953,194.5,0.0063621016906854,0.0059679217020128,0.0024972028207471,198.61769999999999,197.255045,1.4466946451201212,199.2153
2021-04-01,199.2153,0.0008918954120777,0.0046307907086835,199.0377,198.0,195.6288,-0.0019956189350512,-0.0048015852303324,0.0057868229673832,198.86076000000003,197.43437,1.456751257180838,199.375
2021-04-05,199.375,0.0008013241092195,0.0045857338919451,199.2153,198.445,195.2692,0.0008918954120777,0.0022449529538426,-0.0018398666733543,199.04676,197.63966,1.4245140310157867,199.75
2021-04-06,199.75,0.0018791111072749,0.0045874301158374,199.375,198.1705,195.3636,0.0008013241092195,-0.0013842123862002,0.0004833183585076,199.36266,197.85898000000003,1.3929639888542604,199.005
2021-04-07,199.005,-0.0037366346093943,0.0047138342138854,199.75,199.4353,195.5,0.0018791111072749,0.0063621016906854,0.0006979417143829,199.2766,198.03423,1.2977906075660495,200.0184
2021-04-08,200.0184,0.0050794122793065,0.0047995007254357,199.005,199.0377,195.5,-0.0037366346093943,-0.0019956189350512,0.0,199.47274,198.26015,1.2246322912923067,199.8744
2021-04-09,199.8744,-0.0007201930428562,0.0048054753184014,200.0184,199.2153,195.9905,0.0050794122793065,0.0008918954120777,0.0025058092426629,199.60456000000002,198.454345,1.1515440140167033,199.91
2021-04-12,199.91,0.0001780959942112,0.0047897081451358,199.8744,199.375,196.5333,-0.0007201930428562,0.0008013241092195,0.0027656939324064,199.71156,198.62318,1.1015164463648377,200.0
2021-04-15,200.0,0.0004501012803853,0.0047252028366669,199.91,199.75,196.0383,0.0001780959942112,0.0018791111072749,-0.0025218342963956,199.76156,198.821265,0.9592405577255595,199.9346
2021-04-16,199.9346,-0.0003270534761581,0.0046881061129864,200.0,199.005,196.775,0.0004501012803853,-0.0037366346093943,0.0037508957244197,199.94747999999998,198.979245,0.8594939535662903,194.4485
2021-04-19,194.4485,-0.0278229665651881,0.0076347185481311,199.9346,200.0184,198.4945,-0.0003270534761581,0.0050794122793065,0.0087004479062984,198.83350000000002,198.776945,1.3280384032202528,191.9721
2021-04-20,191.9721,-0.0128172975377928,0.0080313936186388,194.4485,199.8744,197.45,-0.0278229665651881,-0.0007201930428562,-0.005276004202154,197.25304,198.50305,2.007286686951404,191.881
2021-04-21,191.881,-0.000474660758037,0.0076387114850434,191.9721,199.91,199.2803,-0.0128172975377928,0.0001780959942112,0.0092269886396437,195.64724,198.133085,2.482197070552653,192.0
2021-04-22,192.0,0.0006199838169212,0.0074608513378387,191.881,200.0,197.4667,-0.000474660758037,0.0004501012803853,-0.0091424138419207,194.04724000000002,197.85975000000002,2.8353145731781337,191.9368
2021-04-23,191.9368,-0.0003292208539052,0.0074338921097705,192.0,199.9346,197.7692,0.0006199838169212,-0.0003270534761581,0.0015307316924736,192.44768,197.56813,3.129767594874944,197.5
2021-04-27,197.5,0.0285724331673003,0.0099283684698248,191.9368,194.4485,198.953,-0.0003292208539052,-0.0278229665651881,0.0059679217020128,193.05798,197.49548,3.112746926080583,197.5
2021-04-28,197.5,0.0,0.0098733802252059,197.5,191.9721,198.0,0.0285724331673003,-0.0128172975377928,-0.0048015852303324,194.16356000000002,197.47048,3.1104886660480893,199.75
2021-04-29,199.75,0.0113280003052075,0.0101919586306378,197.5,191.881,198.445,0.0,-0.000474660758037,0.0022449529538426,195.73736,197.53573,3.1454982539015583,199.5437
2021-04-30,199.5437,-0.001033324684845,0.0101891582236412,199.75,192.0,198.1705,0.0113280003052075,0.0006199838169212,-0.0013842123862002,197.2461,197.60439000000002,3.174932678081584,199.2275
2021-05-03,199.2275,-0.001585872130535,0.0100967127617194,199.5437,191.9368,199.4353,-0.001033324684845,-0.0003292208539052,0.0063621016906854,198.70424,197.594,3.1689600510565628,199.6915
2021-05-04,199.6915,0.0023262878391308,0.0100991773815078,199.2275,197.5,199.0377,-0.001585872130535,0.0285724331673003,-0.0019956189350512,199.14254,197.62669,3.1879519257474036,199.5872
2021-05-05,199.5872,-0.0005224421055885,0.0100987637690145,199.6915,197.5,199.2153,0.0023262878391308,0.0,0.0008918954120777,199.55998,197.645285,3.1987720866488627,199.5887
2021-05-06,199.5887,7.515483775401356e-06,0.0100973942577175,199.5872,199.75,199.375,-0.0005224421055885,0.0113280003052075,0.0008013241092195,199.52772,197.65596999999997,3.2052044756240976,199.5155
2021-05-07,199.5155,-0.000366821500855,0.010088508144825,199.5887,199.5437,199.75,7.515483775401356e-06,-0.001033324684845,0.0018791111072749,199.52208,197.644245,3.197560908832284,199.5062
2021-05-10,199.5062,-4.661400621414588e-05,0.010051379345313,199.5155,199.2275,199.005,-0.000366821500855,-0.001585872130535,-0.0037366346093943,199.57782,197.669305,3.210723657798183,199.5817
2021-05-11,199.5817,0.0003783627662011,0.0099841836208324,199.5062,199.6915,200.0184,-4.661400621414588e-05,0.0023262878391308,0.0050794122793065,199.55586,197.64747,3.195355623900466,199.5695
2021-05-12,199.5695,-6.112971727909908e-05,0.0099831487493055,199.5817,199.5872,199.8744,0.0003783627662011,-0.0005224421055885,-0.0007201930428562,199.55232,197.632225,3.1848819493627336,199.5
2021-05-13,199.5,-0.0003483102602562,0.009983136582227,199.5695,199.5887,199.91,-6.112971727909908e-05,7.515483775401356e-06,0.0001780959942112,199.53458,197.61172499999998,3.170737147366899,199.5
2021-05-17,199.5,0.0,0.0099823322255201,199.5,199.5155,200.0,-0.0003483102602562,-0.000366821500855,0.0004501012803853,199.53148000000002,197.58672499999997,3.152836084144225,199.7873
2021-05-18,199.7873,0.0014390643007225,0.0099882621698918,199.5,199.5062,199.9346,0.0,-4.661400621414588e-05,-0.0003270534761581,199.58769999999998,197.57936,3.147229864221083,199.6716
2021-05-19,199.6716,-0.0005792836421239,0.0075625717003338,199.7873,199.5817,194.4485,0.0014390643007225,0.0003783627662011,-0.0278229665651881,199.60568,197.840515,3.0899429882676976,199.6625
2021-05-20,199.6625,-4.557587244164526e-05,0.0068069888977865,199.6716,199.5695,191.9721,-0.0005792836421239,-6.112971727909908e-05,-0.0128172975377928,199.62428,198.225035,2.7846518053537666,199.9
2021-05-21,199.9,0.0011888003902794,0.0067857538063589,199.6625,199.5,191.881,-4.557587244164526e-05,-0.0003483102602562,-0.000474660758037,199.70427999999998,198.625985,2.3694873694327976,199.6668
2021-05-24,199.6668,-0.001167264279605,0.0068172319502401,199.9,199.5,192.0,0.0011888003902794,0.0,0.0006199838169212,199.73764,199.009325,1.7905536488107427,199.5057
2021-05-25,199.5057,-0.0008071698764153,0.0068265020842056,199.6668,199.7873,191.9368,-0.001167264279605,0.0014390643007225,-0.0003292208539052,199.68132,199.38777,0.6600211687438581,199.5632
2021-05-28,199.5632,0.0002881707915496,0.0027000456420804,199.5057,199.6716,197.5,-0.0008071698764153,-0.0005792836421239,0.0285724331673003,199.65964,199.49093,0.488347984245029,199.5
2021-05-31,199.5,-0.0003167418119655,0.0027041796361618,199.5632,199.6625,197.5,0.0002881707915496,-4.557587244164526e-05,0.0,199.62714,199.59093000000001,0.13907047070212736,199.5
2021-06-01,199.5,0.0,0.0009064996591244,199.5,199.9,199.75,-0.0003167418119655,0.0011888003902794,0.0113280003052075,199.54713999999998,199.57843,0.13520186089602815,199.5
2021-06-02,199.5,0.0,0.0008772370306604,199.5,199.6668,199.5437,0.0,-0.001167264279605,-0.001033324684845,199.51378,199.576245,0.13614251977156763,199.5342
2021-06-03,199.5342,0.00017141387923,0.0007953757690293,199.5,199.5057,199.2275,0.0,-0.0008071698764153,-0.001585872130535,199.51948,199.59158,0.10944895243780099,199.6853
2021-06-04,199.6853,0.0007569770876183,0.0006198256640735,199.5342,199.5632,199.6915,0.00017141387923,0.0002881707915496,0.0023262878391308,199.5439,199.59127,0.109159444128139,199.6853
2021-06-07,199.6853,0.0,0.0006076062731138,199.6853,199.5,199.5872,0.0007569770876183,-0.0003167418119655,-0.0005224421055885,199.58096,199.596175,0.1111527626156685,199.695
2021-06-08,199.695,4.8575255223618046e-05,0.0006076149839489,199.6853,199.5,199.5887,0.0,0.0,7.515483775401356e-06,199.61996,199.60148999999998,0.11329730721115638,199.825
2021-06-09,199.825,0.0006507809600925,0.0006154896601039,199.695,199.5,199.5155,4.8575255223618046e-05,0.0,-0.000366821500855,199.68496,199.616965,0.12175519963052632,199.6761
2021-06-10,199.6761,-0.0007454297717571,0.0006421640539734,199.825,199.5342,199.5062,0.0006507809600925,0.00017141387923,-4.661400621414588e-05,199.71334,199.62546,0.1195269198051691,199.7609
2021-06-11,199.7609,0.0004245976275308,0.0006435183289491,199.6761,199.6853,199.5817,-0.0007454297717571,0.0007569770876183,0.0003783627662011,199.72845999999998,199.63442,0.1227471578841083,199.8891
2021-06-14,199.8891,0.0006415613882011,0.0006564783081738,199.7609,199.6853,199.5695,0.0004245976275308,0.0,-6.112971727909908e-05,199.76922,199.65040000000002,0.1341269074232405,199.5
2021-06-15,199.5,-0.0019484764261392,0.0007944405031114,199.8891,199.695,199.5,0.0006415613882011,4.8575255223618046e-05,-0.0003483102602562,199.73022,199.6504,0.1341269074232405,199.7238
2021-06-16,199.7238,0.0011211757587784,0.0008330591017974,199.5,199.825,199.5,-0.0019484764261392,0.0006507809600925,0.0,199.70998,199.66159,0.13019693516549358,199.8643
2021-06-17,199.8643,0.0007032241740432,0.0007835414753622,199.7238,199.6761,199.7873,0.0011211757587784,-0.0007454297717571,0.0014390643007225,199.74762,199.66544,0.1351540031151937,199.8265
2021-06-18,199.8265,-0.0001891462105841,0.0007726363151212,199.8643,199.7609,199.6716,0.0007032241740432,0.0004245976275308,-0.0005792836421239,199.76074,199.67318500000002,0.13988118343474593,199.8743
2021-06-21,199.8743,0.0002391789069617,0.0007736231842334,199.8265,199.8891,199.6625,-0.0001891462105841,0.0006415613882011,-4.557587244164526e-05,199.75778,199.683775,0.14687235347720998,199.9083
2021-06-22,199.9083,0.0001700924456539,0.0007270403892164,199.8743,199.5,199.9,0.0002391789069617,-0.0019484764261392,0.0011888003902794,199.83944000000002,199.68419,0.14752574380207278,199.8938
2021-06-23,199.8938,-7.253588716199875e-05,0.0006736177100335,199.9083,199.7238,199.6668,0.0001700924456539,0.0011211757587784,-0.001167264279605,199.87344,199.69554,0.15467632530758096,199.8664
2021-06-25,199.8664,-0.000137082180982,0.0006444146428002,199.8938,199.8643,199.5057,-7.253588716199875e-05,0.0007032241740432,-0.0008071698764153,199.87386,199.713575,0.15238787700470965,199.8904
2021-06-28,199.8904,0.000120073004531,0.0006427924602224,199.8664,199.8265,199.5632,-0.000137082180982,-0.0001891462105841,0.0002881707915496,199.88664,199.729935,0.15295693995054438,199.9005
2021-06-29,199.9005,5.05264126928856e-05,0.0006360145957215,199.8904,199.8743,199.5,0.000120073004531,0.0002391789069617,-0.0003167418119655,199.89188000000001,199.74996,0.14738474294408108,201.1381
2021-06-30,201.1381,0.0061719940609619,0.0014980129739757,199.9005,199.9083,199.5,5.05264126928856e-05,0.0001700924456539,0.0,200.13784,199.831865,0.33584199481140353,200.78
2021-07-01,200.78,-0.0017819555514329,0.0015746445894784,201.1381,199.8938,199.5,0.0061719940609619,-7.253588716199875e-05,0.0,200.31508,199.89586500000001,0.3872924003560583,200.5222
2021-07-02,200.5222,-0.0012848174540968,0.0016150165073367,200.78,199.8664,199.5342,-0.0017819555514329,-0.000137082180982,0.00017141387923,200.44624000000002,199.945265,0.4014840512068865,199.9079
2021-07-05,199.9079,-0.0030682033239343,0.0017704581876509,200.5222,199.8904,199.6853,-0.0012848174540968,0.000120073004531,0.0007569770876183,200.44974,199.956395,0.39695792088384807,199.9
2021-07-06,199.9,-3.951897899487015e-05,0.0017705456829524,199.9079,199.9005,199.6853,-0.0030682033239343,5.05264126928856e-05,0.0,200.44964,199.96713,0.3921143308429492,199.9
2021-07-07,199.9,0.0,0.0017705864435231,199.9,201.1381,199.695,-3.951897899487015e-05,0.0061719940609619,4.8575255223618046e-05,200.20202,199.97737999999998,0.38727589584820754,199.9
2021-07-08,199.9,0.0,0.00176496058904,199.9,200.78,199.825,0.0,-0.0017819555514329,0.0006507809600925,200.02602000000002,199.98113,0.3860840187122833,199.9
2021-07-09,199.9,0.0,0.001755820546916,199.9,200.5222,199.6761,0.0,-0.0012848174540968,-0.0007454297717571,199.90158000000002,199.992325,0.3799715180527709,199.9056
2021-07-12,199.9056,2.801361461850798e-05,0.0017536772256717,199.9,199.9079,199.7609,0.0,-0.0030682033239343,0.0004245976275308,199.90112,199.99956,0.3766965501214771,199.9
2021-07-13,199.9,-2.8013614618523777e-05,0.0017478941286703,199.9056,199.9,199.8891,2.801361461850798e-05,-3.951897899487015e-05,0.0006415613882011,199.90112,200.00010500000002,0.37653617762126435,199.9
2021-07-14,199.9,0.0,0.0016866430473597,199.9,199.9,199.5,-2.8013614618523777e-05,0.0,-0.0019484764261392,199.90112000000002,200.020105,0.3587790969747642,199.8998
2021-07-15,199.8998,-1.0005007507040823e-06,0.0016694673755369,199.9,199.9,199.7238,0.0,0.0,0.0011211757587784,199.90108,200.028905,0.35324467501438145,199.9
2021-07-16,199.9,1.0005007506794091e-06,0.0016622429328928,199.8998,199.9,199.8643,-1.0005007507040823e-06,0.0,0.0007032241740432,199.90108,200.03069,0.352458446717986,199.8942
2021-07-19,199.8942,-2.901492818252399e-05,0.0016616241775051,199.9,199.9056,199.8265,1.0005007506794091e-06,2.801361461850798e-05,-0.0001891462105841,199.8988,200.034075,0.350714982203211,199.9019
2021-07-20,199.9019,3.851963538879078e-05,0.0016608172418578,199.8942,199.9,199.8743,-2.901492818252399e-05,-2.8013614618523777e-05,0.0002391789069617,199.89918000000003,200.035455,0.3501069812510799,199.9
2021-07-22,199.9,-9.504707206338696e-06,0.001660373931836,199.9019,199.9,199.9083,3.851963538879078e-05,0.0,0.0001700924456539,199.89918,200.03504,0.3502705185089574,199.9329
2021-07-26,199.9329,0.0001645687489661,0.001660690807762,199.9,199.8998,199.8938,-9.504707206338696e-06,-1.0005007507040823e-06,-7.253588716199875e-05,199.9058,200.036995,0.3495490845807903,199.9076
2021-07-27,199.9076,-0.0001265504621655,0.0016606434578143,199.9329,199.9,199.8664,0.0001645687489661,1.0005007506794091e-06,-0.000137082180982,199.90732,200.03905500000002,0.3486109449691999,199.9
2021-07-28,199.9,-3.801828680049684e-05,0.0016604697168068,199.9076,199.8942,199.8904,-0.0001265504621655,-2.901492818252399e-05,0.000120073004531,199.90848,200.039535,0.3484020366801036,199.9033
2021-07-29,199.9033,1.6508117867295834e-05,0.0016604352479332,199.9,199.9019,199.9005,-3.801828680049684e-05,3.851963538879078e-05,5.05264126928856e-05,199.90875999999997,200.03967500000002,0.3483437848247073,199.9
2021-07-30,199.9,-1.6508117867354225e-05,0.000807348195355,199.9033,199.9,201.1381,1.6508117867295834e-05,-9.504707206338696e-06,0.0061719940609619,199.90876,199.97777000000002,0.23416722551422248,199.9
2021-08-02,199.9,0.0,0.0007309166852547,199.9,199.9329,200.78,-1.6508117867354225e-05,0.0001645687489661,-0.0017819555514329,199.90218,199.93377,0.13871718684481296,199.9
2021-08-03,199.9,0.0,0.0006875437710386,199.9,199.9076,200.5222,0.0,-0.0001265504621655,-0.0012848174540968,199.90066,199.90266000000003,0.007748027244429669,199.9
2021-08-04,199.9,0.0,5.158512428730657e-05,199.9,199.9,199.9079,0.0,-3.801828680049684e-05,-0.0030682033239343,199.90066000000002,199.902265,0.00766778667522286,199.9
2021-08-05,199.9,0.0,5.082260877500304e-05,199.9,199.9033,199.9,0.0,1.6508117867295834e-05,-3.951897899487015e-05,199.9,199.902265,0.00766778667522286,199.9
2021-08-06,199.9,0.0,5.082260877500304e-05,199.9,199.9,199.9,0.0,-1.6508117867354225e-05,0.0,199.9,199.902265,0.00766778667522286,199.9075
2021-08-09,199.9075,3.7518055568691246e-05,5.151036582455793e-05,199.9,199.9,199.9,0.0,0.0,0.0,199.9015,199.90264,0.007734293413201854,199.9
2021-08-10,199.9,-3.7518055568596615e-05,5.225998906205044e-05,199.9075,199.9,199.9,3.7518055568691246e-05,0.0,0.0,199.9015,199.90264,0.007734293413201854,199.916
2021-08-11,199.916,8.003681697856368e-05,5.495300933640944e-05,199.9,199.9,199.9056,-3.7518055568596615e-05,0.0,2.801361461850798e-05,199.9047,199.90316,0.008274522080061719,199.916
2021-08-12,199.916,0.0,5.4486644881791054e-05,199.916,199.9,199.9,8.003681697856368e-05,0.0,-2.8013614618523777e-05,199.90789999999998,199.90396,0.008714677870650164,199.916
2021-08-13,199.916,0.0,5.4486644881791054e-05,199.916,199.9,199.9,0.0,0.0,0.0,199.91109999999998,199.90476,0.009059588108954957,199.98
2021-08-16,199.98,0.0003200832243703,8.918778964086649e-05,199.916,199.9075,199.8998,0.0,3.7518055568691246e-05,-1.0005007507040823e-06,199.92559999999997,199.90877,0.019021180157742127,199.9217
2021-08-17,199.9217,-0.0002915716557995,0.0001132309123981,199.98,199.9,199.9,0.0003200832243703,-3.7518055568596615e-05,1.0005007506794091e-06,199.92994,199.909855,0.019113274661240687,199.9
2021-08-18,199.9,-0.0001085483855492,0.0001158700454395,199.9217,199.916,199.8942,-0.0002915716557995,8.003681697856368e-05,-2.901492818252399e-05,199.92674000000002,199.910145,0.018906122786069887,199.9
2021-08-19,199.9,0.0,0.0001155411285151,199.9,199.916,199.9019,-0.0001085483855492,0.0,3.851963538879078e-05,199.92354,199.91005,0.01895444482969861,199.9
2021-08-20,199.9,0.0,0.0001155215798264,199.9,199.916,199.9,0.0,0.0,-9.504707206338696e-06,199.92034,199.91005,0.01895444482969861,199.9
2021-08-23,199.9,0.0,0.0001088510464406,199.9,199.98,199.9329,0.0,0.0003200832243703,0.0001645687489661,199.90434,199.90840500000002,0.018282732862173426,199.9
2021-08-24,199.9,0.0,0.0001052289010204,199.9,199.9217,199.9076,0.0,-0.0002915716557995,-0.0001265504621655,199.9,199.908025,0.01837907290670827,199.9
2021-08-25,199.9,0.0,0.0001048849469819,199.9,199.9,199.9,0.0,-0.0001085483855492,-3.801828680049684e-05,199.9,199.908025,0.01837907290670827,199.95
2021-08-26,199.95,0.0002500937864728,0.0001188901440765,199.9,199.9,199.9033,0.0,0.0,1.6508117867295834e-05,199.91,199.91036000000003,0.02058173257147698,200.0
2021-08-27,200.0,0.0002500312552093,0.0001299853092512,199.95,199.9,199.9,0.0002500937864728,0.0,-1.6508117867354225e-05,199.93,199.91536000000002,0.028540411420620828,202.6164
2021-08-30,202.6164,0.0129971696706176,0.0029032749648045,200.0,199.9,199.9,0.0002500312552093,0.0,0.0,200.47328,200.05118,0.6044534830647819,210.0
2021-08-31,210.0,0.0357929944988144,0.0083632082039757,202.6164,199.9,199.9,0.0129971696706176,0.0,0.0,202.49328,200.55617999999998,2.3032880416183685,210.0
2021-09-01,210.0,0.0,0.0083632082039757,210.0,199.9,199.9,0.0357929944988144,0.0,0.0,204.51327999999998,201.06118,3.115768421319709,210.0
2021-09-02,210.0,0.0,0.0083632082039757,210.0,199.95,199.9,0.0,0.0002500937864728,0.0,206.52328000000003,201.56618,3.68429032122632,207.3455
2021-09-03,207.3455,-0.0127210466960752,0.0090185713726299,210.0,200.0,199.9,0.0,0.0002500312552093,0.0,207.99238,201.938455,3.8781338336888935,207.3455
2021-09-06,207.3455,0.0,0.0090189673967342,207.3455,202.6164,199.9075,-0.0127210466960752,0.0129971696706176,3.7518055568691246e-05,208.9382,202.31035500000002,4.0269074187731775,207.3455
2021-09-07,207.3455,0.0,0.0090185631579718,207.3455,210.0,199.9,0.0,0.0357929944988144,-3.7518055568596615e-05,208.4073,202.68263,4.135054153915925,199.95
2021-09-08,199.95,-0.0363191487285661,0.0124208935492313,207.3455,210.0,199.916,0.0,0.0,8.003681697856368e-05,206.3973,202.68433,4.133863693043041,199.9815
2021-09-09,199.9815,0.0001575269768205,0.0124209378191155,199.95,210.0,199.916,-0.0363191487285661,0.0,0.0,204.3936,202.687605,4.131580404435733,200.0
2021-09-10,200.0,9.250427838888036e-05,0.0124209486219602,199.9815,207.3455,199.916,0.0001575269768205,-0.0127210466960752,0.0,202.9245,202.691805,4.128656272343271,200.0
2021-09-13,200.0,0.0,0.0124207491915394,200.0,207.3455,199.98,9.250427838888036e-05,0.0,0.0003200832243703,201.4554,202.692805,4.127967242118271,200.0
2021-09-14,200.0,0.0,0.0124205538873634,200.0,207.3455,199.9217,0.0,0.0,-0.0002915716557995,199.98629999999997,202.69672,4.125237006209008,200.0
2021-09-15,200.0,0.0,0.0124205186689693,200.0,199.95,199.9,0.0,-0.0363191487285661,-0.0001085483855492,199.9963,202.70172,4.121727938559449,200.0063
2021-09-16,200.0063,3.1499503885380494e-05,0.0124205173283157,200.0,199.9815,199.9,0.0,0.0001575269768205,0.0,200.00126,202.707035,4.117991793555566,200.0
2021-09-17,200.0,-3.149950388548502e-05,0.0124205228734661,200.0063,200.0,199.9,3.1499503885380494e-05,9.250427838888036e-05,0.0,200.00126,202.712035,4.114463351999733,199.933
2021-09-21,199.933,-0.000335056125035,0.0124207843362563,200.0,200.0,199.9,-3.149950388548502e-05,0.0,0.0,199.98786,202.713685,4.113282752664826,199.6314
2021-09-22,199.6314,-0.0015096442890282,0.0124254233882077,199.933,200.0,199.9,-0.000335056125035,0.0,0.0,199.91414,202.70025500000003,4.123379141253911,199.9
2021-09-23,199.9,0.0013445753723809,0.0124294430967822,199.6314,200.0,199.9,-0.0015096442890282,0.0,0.0,199.89414000000002,202.700255,4.123379141253911,200.2591
2021-09-24,200.2591,0.0017947866056082,0.0124358765091995,199.9,200.0063,199.95,0.0013445753723809,3.1499503885380494e-05,0.0002500937864728,199.9447,202.71571,4.113094707193552,200.0
2021-09-27,200.0,-0.001294661563926,0.0124395430683153,200.2591,200.0,200.0,0.0017947866056082,-3.149950388548502e-05,0.0002500312552093,199.9447,202.71571,4.113094707193552,200.0335
2021-09-28,200.0335,0.0001674859734413,0.0120590084172459,200.0,199.933,202.6164,-0.001294661563926,-0.000335056125035,0.0129971696706176,199.96480000000003,202.586565,4.156695503857739,199.9857
2021-09-29,199.9857,-0.0002389885296881,0.0084938044661978,200.0335,199.6314,210.0,0.0001674859734413,-0.0015096442890282,0.0357929944988144,200.03566,202.08585,3.804951087233468,199.9857
2021-09-30,199.9857,0.0,0.0084938044661978,199.9857,199.9,210.0,-0.0002389885296881,0.0013445753723809,0.0,200.0528,201.58513499999998,3.339066622844238,200.6959
2021-10-01,200.6959,0.0035449631015888,0.0085839791952786,199.9857,200.2591,210.0,0.0,0.0017947866056082,0.0,200.14015999999998,201.11993,2.6900442610384028,200.14
2021-10-04,200.14,-0.0027737054310686,0.0082270679119612,200.6959,200.0,207.3455,0.0035449631015888,-0.001294661563926,-0.0127210466960752,200.16816,200.759655,2.2606124445900924,200.0
2021-10-05,200.0,-0.0006997551142732,0.0082206366358389,200.14,200.0335,207.3455,-0.0027737054310686,0.0001674859734413,0.0,200.16145999999998,200.39238,1.6480116681783101,200.06
2021-10-06,200.06,0.0002999550089979,0.0082243728056312,200.0,199.9857,207.3455,-0.0006997551142732,-0.0002389885296881,0.0,200.17632,200.028105,0.19379586765652926,200.035
2021-10-07,200.035,-0.0001249703197117,0.0012578913711292,200.06,199.9857,199.95,0.0002999550089979,0.0,-0.0363191487285661,200.18617999999998,200.032355,0.19292292271841405,202.98
2021-10-08,202.98,0.0146151007833492,0.003498678980261,200.035,200.6959,199.9815,-0.0001249703197117,0.0035449631015888,0.0001575269768205,200.643,200.18228,0.6860888591594089,202.4
2021-10-11,202.4,-0.0028615146073615,0.0035888282802592,202.98,200.14,200.0,0.0146151007833492,-0.0027737054310686,9.250427838888036e-05,201.095,200.30228,0.8441968007828416,202.4
2021-10-12,202.4,0.0,0.0035888282802592,202.4,200.0,200.0,-0.0028615146073615,-0.0006997551142732,0.0,201.575,200.42228,0.9614066594150598,200.0
2021-10-13,200.0,-0.0119285708652738,0.0045544623757529,202.4,200.06,200.0,0.0,0.0002999550089979,0.0,201.563,200.42228,0.9614066594150598,200.0018
2021-10-14,200.0018,8.999959500168733e-06,0.0045544628203677,200.0,200.035,200.0,-0.0119285708652738,-0.0001249703197117,0.0,201.55635999999998,200.42237,0.9613651313732239,201.25
2021-10-15,201.25,0.0062215497911357,0.0047622682703499,200.0018,202.98,200.0063,8.999959500168733e-06,0.0146151007833492,3.1499503885380494e-05,201.21035999999998,200.484555,0.973186656193899,200.093
2021-10-18,200.093,-0.0057656578296329,0.004952709016603,201.25,202.4,200.0,0.0062215497911357,-0.0028615146073615,-3.149950388548502e-05,200.74895999999998,200.489205,0.9709691958928482,200.5117
2021-10-21,200.5117,0.002090340689762,0.0049731255915017,200.093,202.4,199.933,-0.0057656578296329,0.0,-0.000335056125035,200.3713,200.51814,0.9621040469661047,201.0455
2021-10-22,201.0455,0.0026586514420719,0.0049874763904159,200.5117,200.0,199.6314,0.002090340689762,-0.0119285708652738,-0.0015096442890282,200.5804,200.588845,0.9453224609423774,201.9836
2021-10-25,201.9836,0.0046552553855851,0.0050762714889866,201.0455,200.0018,199.9,0.0026586514420719,8.999959500168733e-06,0.0013445753723809,200.97676,200.693025,0.9796030661252655,203.0
2021-10-26,203.0,0.0050194730553282,0.0051693034772606,201.9836,201.25,200.2591,0.0046552553855851,0.0062215497911357,0.0017947866056082,201.32676,200.83007,1.1000248150448602,202.2092
2021-10-27,202.2092,-0.0039031739850472,0.0052539542556335,203.0,200.093,200.0,0.0050194730553282,-0.0057656578296329,-0.001294661563926,201.75,200.94053,1.1229658194304388,200.0311
2021-10-28,200.0311,-0.0108299505975751,0.0058389366157125,202.2092,200.5117,200.0335,-0.0039031739850472,0.002090340689762,0.0001674859734413,201.65388000000002,200.94040999999999,1.1230679694613894,201.8705
2021-10-29,201.8705,0.0091535482476356,0.0061861519674223,200.0311,201.0455,199.9857,-0.0108299505975751,0.0026586514420719,-0.0002389885296881,201.81887999999998,201.03465,1.1178062229340162,201.95
2021-11-01,201.95,0.0003937393026211,0.0061852072149526,201.8705,201.9836,199.9857,0.0091535482476356,0.0046552553855851,0.0,201.81216,201.13286499999998,1.1070342096189854,202.4998
2021-11-02,202.4998,0.0027187568823633,0.0061664511641314,201.95,203.0,200.6959,0.0003937393026211,0.0050194730553282,0.0035449631015888,201.71211999999997,201.22305999999998,1.1424774604840089,202.5566
2021-11-03,202.5566,0.0002804547730751,0.0061201273339327,202.4998,202.2092,200.14,0.0027187568823633,-0.0039031739850472,-0.0027737054310686,201.7816,201.34389000000002,1.1496716326747392,202.6244
2021-11-05,202.6244,0.0003346652514941,0.0061129307300681,202.5566,200.0311,200.0,0.0002804547730751,-0.0108299505975751,-0.0006997551142732,202.30026,201.47511,1.1379215622898664,200.3103
2021-11-08,200.3103,-0.0114863547009904,0.006689569409562,202.6244,201.8705,200.06,0.0003346652514941,0.0091535482476356,0.0002999550089979,201.98822,201.487625,1.1228150167760844,202.0549
2021-11-09,202.0549,0.0086717784379729,0.0069603067387798,200.3103,201.95,200.035,-0.0114863547009904,0.0003937393026211,-0.0001249703197117,202.00920000000002,201.58862,1.0751068346070576,202.3848
2021-11-10,202.3848,0.0016313931256872,0.0061308015155219,202.0549,202.4998,202.98,0.0086717784379729,0.0027187568823633,0.0146151007833492,201.9862,201.55886,1.0423023742141868,201.4145
2021-11-11,201.4145,-0.0048058620583465,0.0061912325825213,202.3848,202.5566,202.4,0.0016313931256872,0.0002804547730751,-0.0028615146073615,201.75778,201.50958500000002,1.0235709767398493,202.3478
2021-11-12,202.3478,0.0046230252910433,0.0062863933408665,201.4145,202.6244,202.4,-0.0048058620583465,0.0003346652514941,0.0,201.70246000000003,201.506975,1.0212449218081379,202.05
2021-11-15,202.05,-0.0014728074872383,0.005645389303581,202.3478,200.3103,200.0,0.0046230252910433,-0.0114863547009904,-0.0119285708652738,202.05040000000002,201.609475,0.9632636441875726,202.05
2021-11-16,202.05,0.0,0.0056454316899069,202.05,202.0549,200.0018,-0.0014728074872383,0.0086717784379729,8.999959500168733e-06,202.04942,201.711885,0.8893920846361297,201.3428
2021-11-17,201.3428,-0.003506263495627,0.0055455684697946,202.05,202.3848,201.25,0.0,0.0016313931256872,0.0062215497911357,201.84102000000001,201.716525,0.8870946877619658,202.192
2021-11-19,202.192,0.0042088129874692,0.0054451824277426,201.3428,201.4145,200.093,-0.003506263495627,-0.0048058620583465,-0.0057656578296329,201.99652,201.82147500000002,0.805303333371709,202.2
2021-11-22,202.2,3.9565570045978464e-05,0.0054333863718923,202.192,202.3478,200.5117,0.0042088129874692,0.0046230252910433,0.002090340689762,201.96696,201.90589,0.7471703989596953,202.4167
2021-11-23,202.4167,0.0010711373046093,0.0054104968328877,202.2,202.05,201.0455,3.9565570045978464e-05,-0.0014728074872383,0.0026586514420719,202.0403,201.97445,0.7266960172606989,200.7778
2021-11-24,200.7778,-0.008129619954291,0.0056248173608055,202.4167,202.05,201.9836,0.0010711373046093,0.0,0.0046552553855851,201.78586,201.91415999999998,0.7743535418096564,200.9721
2021-11-25,200.9721,0.000967268517797,0.0054946193097404,200.7778,201.3428,203.0,-0.008129619954291,-0.003506263495627,0.0050194730553282,201.71172,201.81276499999998,0.7572684417330892,201.2131
2021-11-26,201.2131,0.0011984529955128,0.0054466221013457,200.9721,202.192,202.2092,0.000967268517797,0.0042088129874692,-0.0039031739850472,201.51594,201.76296000000002,0.7625608174728902,201.7582
2021-11-29,201.7582,0.0027054052359331,0.0048731453084481,201.2131,202.2,200.0311,0.0011984529955128,3.9565570045978464e-05,-0.0108299505975751,201.42757999999998,201.849315,0.644818247915501,202.0474
2021-11-30,202.0474,0.0014323726538005,0.0044314946152462,201.7582,202.4167,201.8705,0.0027054052359331,0.0010711373046093,0.0091535482476356,201.35372,201.85816,0.6463356251552329,202.0474
2021-12-01,202.0474,0.0,0.0044307326959826,202.0474,200.7778,201.95,0.0014323726538005,-0.008129619954291,0.0003937393026211,201.60764,201.86303000000004,0.6474300580209498,201.9333
2021-12-02,201.9333,-0.0005648784856998,0.0043862411594333,202.0474,200.9721,202.4998,0.0,0.000967268517797,0.0027187568823633,201.79988,201.834705,0.6302699358233196,200.4453
2021-12-03,200.4453,-0.0073960532841097,0.0046739428341448,201.9333,201.2131,202.5566,-0.0005648784856998,0.0011984529955128,0.0002804547730751,201.64632,201.72914,0.6780000825397601,202.25
2021-12-06,202.25,0.0089631643686776,0.0051330393387371,200.4453,201.7582,202.6244,-0.0073960532841097,0.0027054052359331,0.0003346652514941,201.74468000000002,201.71042000000003,0.6568182489353291,200.01
2021-12-07,200.01,-0.0111371906405227,0.0050926826560895,202.25,202.0474,200.3103,0.0089631643686776,0.0014323726538005,-0.0114863547009904,201.3372,201.695405,0.6929485888143202,201.5945
2021-12-08,201.5945,0.00789088878095,0.0050246322427856,200.01,202.0474,202.0549,-0.0111371906405227,0.0,0.0086717784379729,201.24662,201.67238500000002,0.6880071887650736,201.2222
2021-12-09,201.2222,-0.0018484839680634,0.0050212590209985,201.5945,201.9333,202.3848,0.00789088878095,-0.0005648784856998,0.0016313931256872,201.1044,201.614255,0.6736105937431689,201.0603
2021-12-10,201.0603,-0.0008049070428909,0.0049102682989895,201.2222,200.4453,201.4145,-0.0018484839680634,-0.0073960532841097,-0.0048058620583465,201.2274,201.596545,0.6837191100713307,201.3297
2021-12-13,201.3297,0.0013389996781782,0.0047980656838922,201.0603,202.25,202.3478,-0.0008049070428909,0.0089631643686776,0.0046230252910433,201.04334,201.54564,0.66241028812882,201.873
2021-12-14,201.873,0.0026949240608501,0.0048326437512478,201.3297,200.01,202.05,0.0013389996781782,-0.0111371906405227,-0.0014728074872383,201.41594,201.53679000000002,0.6564730128962062,201.873
2021-12-15,201.873,0.0,0.0048326437512478,201.873,201.5945,202.05,0.0026949240608501,0.00789088878095,0.0,201.47163999999998,201.52794,0.6503547908868318,200.6717
2021-12-16,200.6717,-0.0059685474244869,0.0049553012746489,201.873,201.2222,201.3428,0.0,-0.0018484839680634,-0.003506263495627,201.36154000000002,201.49438500000002,0.6771696935760807,201.5384
2021-12-17,201.5384,0.0043096945674326,0.004960038924896,200.6717,201.0603,202.192,-0.0059685474244869,-0.0008049070428909,0.0042088129874692,201.45716,201.461705,0.6572081328604866,203.0
2021-12-20,203.0,0.0072260450917396,0.0052284468250675,201.5384,201.3297,202.2,0.0043096945674326,0.0013389996781782,3.9565570045978464e-05,201.79121999999998,201.501705,0.7253238865667043,201.51
2021-12-21,201.51,-0.0073669710949045,0.0054882326020489,203.0,201.873,202.4167,0.0072260450917396,0.0026949240608501,0.0010711373046093,201.71862,201.45637,0.6927271727159464,201.3214
2021-12-22,201.3214,-0.0009363719599824,0.0051693506586547,201.51,201.873,200.7778,-0.0073669710949045,0.0,-0.008129619954291,201.6083,201.48355,0.6751425731908647,200.7232
2021-12-23,200.7232,-0.0029757914491993,0.0052109702500153,201.3214,200.6717,200.9721,-0.0009363719599824,-0.0059685474244869,0.000967268517797,201.6186,201.47110500000002,0.6872518058432451,200.918
2021-12-24,200.918,0.0009700200839683,0.005208311878165,200.7232,201.5384,201.2131,-0.0029757914491993,0.0043096945674326,0.0011984529955128,201.49452000000002,201.45635,0.6961922832001618,200.918
2021-12-27,200.918,0.0,0.0051673137390593,200.918,203.0,201.7582,0.0009700200839683,0.0072260450917396,0.0027054052359331,201.07812,201.41433999999998,0.7023419734814597,201.5032
2021-12-28,201.5032,0.0029083975322684,0.0052024063484774,200.918,201.51,202.0474,0.0,-0.0073669710949045,0.0014323726538005,201.07676,201.38713,0.686897071909672,201.0
2021-12-29,201.0,-0.002500354094862,0.0052289700392223,201.5032,201.3214,202.0474,0.0029083975322684,-0.0009363719599824,0.0,201.01248,201.33476000000002,0.673708705855524,203.0
2021-12-30,203.0,0.0099010709827115,0.0056993782131188,201.0,200.7232,201.9333,-0.002500354094862,-0.0029757914491993,-0.0005648784856998,201.46784,201.388095,0.7602515742922646,200.4338
2021-12-31,200.4338,-0.0127219613783767,0.006180230507858,203.0,200.918,200.4453,0.0099010709827115,0.0009700200839683,-0.0073960532841097,201.371,201.38752000000002,0.7610061411524638,200.4338
2022-01-03,200.4338,0.0,0.0058097154429118,200.4338,200.918,202.25,-0.0127219613783767,0.0,0.0089631643686776,201.27416,201.29671,0.7610331466799478,200.0
2022-01-04,200.0,-0.0021666511153739,0.0052617228480388,200.4338,201.5032,200.01,0.0,0.0029083975322684,-0.0111371906405227,200.97351999999998,201.29621,0.7619257719256717,201.7081
2022-01-05,201.7081,0.0085042362572549,0.0053117000189362,200.0,201.0,201.5945,-0.0021666511153739,-0.002500354094862,0.00789088878095,201.11514,201.30189,0.7646849353462999,201.048
2022-01-06,201.048,-0.0032779172856734,0.0053477747287865,201.7081,203.0,201.2222,0.0085042362572549,0.0099010709827115,-0.0018484839680634,200.72474,201.29318,0.7666300250400814,201.3347
2022-01-07,201.3347,0.0014250118035183,0.0053543021692436,201.048,200.4338,201.0603,-0.0032779172856734,-0.0127219613783767,-0.0008049070428909,200.90492,201.30689999999998,0.7646958927217851,201.9011
2022-01-10,201.9011,0.0028092762225176,0.0053826866135818,201.3347,200.4338,201.3297,0.0014250118035183,0.0,0.0013389996781782,201.19838,201.33547,0.776180434142427,200.945
2022-01-11,200.945,-0.0047467347713972,0.0054536419409142,201.9011,200.0,201.873,0.0028092762225176,-0.0021666511153739,0.0026949240608501,201.38738,201.28907,0.7700695245634545,200.9798
2022-01-12,200.9798,0.0001731667221678,0.0054541643807436,200.945,201.7081,201.873,-0.0047467347713972,0.0085042362572549,0.0,201.24172,201.24441000000002,0.7602602655658732,201.7844
2022-01-13,201.7844,0.0039953951733103,0.0053557852707578,200.9798,201.048,200.6717,0.0001731667221678,-0.0032779172856734,-0.0059685474244869,201.38899999999998,201.300045,0.7568496043352464,201.9442
2022-01-18,201.9442,0.0007916209470673,0.0052734886894224,201.7844,201.3347,201.5384,0.0039953951733103,0.0014250118035183,0.0043096945674326,201.5109,201.320335,0.768919064389997,201.9442
2022-01-19,201.9442,0.0,0.005000057748081,201.9442,201.9011,203.0,0.0007916209470673,0.0028092762225176,0.0072260450917396,201.51952,201.26754499999998,0.6784537903849678,201.053
2022-01-20,201.053,-0.0044228667235678,0.0048199273402665,201.9442,200.945,201.51,0.0,-0.0047467347713972,-0.0073669710949045,201.54112,201.244695,0.6775534179006238,202.75
2022-01-21,202.75,0.0084051381022878,0.0051754969316817,201.053,200.9798,201.3214,-0.0044228667235678,0.0001731667221678,-0.0009363719599824,201.89515999999998,201.316125,0.7567419304271448,202.0
2022-01-24,202.0,-0.0037059955943175,0.0052027236870508,202.75,201.7844,200.7232,0.0084051381022878,0.0039953951733103,-0.0029757914491993,201.93828,201.379965,0.7579446821942233,202.0323
2022-01-25,202.0323,0.0001598882072983,0.0052005254987906,202.0,201.9442,200.918,-0.0037059955943175,0.0007916209470673,0.0009700200839683,201.95589999999999,201.43568,0.763136490191075,201.5882
2022-01-26,201.5882,-0.0022005828703707,0.0052298805537089,202.0323,201.9442,200.918,0.0001598882072983,0.0,0.0,201.8847,201.46919,0.7538665286222032,202.0
2022-01-27,202.0,0.0020406946630723,0.005209497054438,201.5882,201.053,201.5032,-0.0022005828703707,-0.0044228667235678,0.0029083975322684,202.0741,201.49403,0.7631735051591173,201.191
2022-01-28,201.191,-0.0040129917864468,0.0052603218718793,202.0,202.75,201.0,0.0020406946630723,0.0084051381022878,-0.002500354094862,201.7623,201.50358,0.757842494070466,201.191
2022-01-31,201.191,0.0,0.0047226017143015,201.191,202.0,203.0,-0.0040129917864468,-0.0037059955943175,0.0099010709827115,201.6005,201.41313,0.6730523190957276,201.97
2022-02-01,201.97,0.0038644659055392,0.0038246682249374,201.191,202.0323,200.4338,0.0,0.0001598882072983,-0.0127219613783767,201.58804,201.48994,0.6423644844413459,201.4205
2022-02-02,201.4205,-0.0027244089282429,0.0038869895368196,201.97,201.5882,200.4338,0.0038644659055392,-0.0022005828703707,0.0,201.55450000000002,201.539275,0.592972967168463,201.5833
2022-02-03,201.5833,0.0008079328723736,0.0038465315489193,201.4205,202.0,200.0,-0.0027244089282429,0.0020406946630723,-0.0021666511153739,201.47116,201.61844000000002,0.46948743532071796,202.0
2022-02-07,202.0,0.0020650019367771,0.0033722306687855,201.5833,201.191,201.7081,0.0008079328723736,-0.0040129917864468,0.0085042362572549,201.63296,201.633035,0.47690004602399294,202.4091
2022-02-08,202.4091,0.0020231994757221,0.0033026605287675,202.0,201.191,201.048,0.0020650019367771,0.0,-0.0032779172856734,201.87658,201.70109,0.48604855164425037,202.0659
2022-02-09,202.0659,-0.0016970150558823,0.0033222702382228,202.4091,201.97,201.3347,0.0020231994757221,0.0038644659055392,0.0014250118035183,201.89576000000002,201.73765,0.4845362801338421,201.9637
2022-02-10,201.9637,-0.0005059035386504,0.0032664829763525,202.0659,201.4205,201.9011,-0.0016970150558823,-0.0027244089282429,0.0028092762225176,202.00439999999998,201.74078,0.48584811848932763,202.0
2022-02-11,202.0,0.0001797191188104,0.0030681976350958,201.9637,201.5833,200.945,-0.0005059035386504,0.0008079328723736,-0.0047467347713972,202.08774,201.79352999999998,0.45091704456766685,201.0142
2022-02-14,201.0142,-0.0048921450713251,0.0032778005695654,202.0,202.0,200.9798,0.0001797191188104,0.0020650019367771,0.0001731667221678,201.89058,201.79524999999998,0.4477039087653178,201.0
2022-02-15,201.0,-7.064427080378627e-05,0.0031407367394543,201.0142,202.4091,201.7844,-0.0048921450713251,0.0020231994757221,0.0039953951733103,201.60876,201.75602999999998,0.4817663596518846,202.0123
2022-02-17,202.0123,0.0050236785774508,0.0033465129235339,201.0,202.0659,201.9442,-7.064427080378627e-05,-0.0016970150558823,0.0007916209470673,201.59804,201.759435,0.48340416587126894,202.1141
2022-02-18,202.1141,0.0005038027812744,0.0033482750163177,202.0123,201.9637,201.9442,0.0050236785774508,-0.0005059035386504,0.0,201.62812000000002,201.76793,0.4882901435003359,201.9298
2022-02-21,201.9298,-0.0009122771697925,0.0031901742607464,202.1141,202.0,201.053,0.0005038027812744,0.0001797191188104,-0.0044228667235678,201.61408,201.81177,0.45921879320099757,202.0
2022-02-22,202.0,0.0003475851531963,0.0025453939389888,201.9298,201.0142,202.75,-0.0009122771697925,-0.0048921450713251,0.0084051381022878,201.81124,201.77427,0.40612327014757055,201.1908
2022-02-23,201.1908,-0.0040139858671931,0.0025686405479333,202.0,201.0,202.0,0.0003475851531963,-7.064427080378627e-05,-0.0037059955943175,201.8494,201.73381,0.4224321232647263,201.1908
2022-02-24,201.1908,0.0,0.0025677078624825,201.1908,202.0123,202.0323,-0.0040139858671931,0.0050236785774508,0.0001598882072983,201.68509999999998,201.691735,0.4329146350794918,202.33
2022-02-25,202.33,0.0056463162570916,0.0028331141278521,201.1908,202.1141,201.5882,0.0,0.0005038027812744,-0.0022005828703707,201.72827999999998,201.728825,0.4548010493931499,201.0571
2022-02-28,201.0571,-0.0063110804730073,0.0031434936994497,202.33,201.9298,202.0,0.0056463162570916,-0.0009122771697925,0.0020406946630723,201.55374,201.68168,0.4736899647034578,201.8979
2022-03-02,201.8979,0.0041731767578959,0.0031584492964743,201.0571,202.0,201.191,-0.0063110804730073,0.0003475851531963,-0.0040129917864468,201.53332,201.71702499999998,0.461362987362528,202.0
2022-03-03,202.0,0.000505573325213,0.003158994973888,201.8979,201.1908,201.191,0.0041731767578959,-0.0040139858671931,0.0,201.69516,201.757475,0.44809002949079985,201.6305
2022-03-04,201.6305,-0.0018308829645813,0.0030666925457836,202.0,201.1908,201.97,0.000505573325213,0.0,0.0038644659055392,201.78310000000002,201.7405,0.44604115803440264,202.04
2022-03-07,202.04,0.0020288831632284,0.0030353306183868,201.6305,202.33,201.4205,-0.0018308829645813,0.0056463162570916,-0.0027244089282429,201.7251,201.771475,0.44415578206252104,202.0909
2022-03-08,202.0909,0.0002518985817178,0.0030315655194433,202.04,201.0571,201.5833,0.0020288831632284,-0.0063110804730073,0.0008079328723736,201.93186,201.796855,0.4473284692159771,229.5
2022-03-09,229.5,0.1271854333190302,0.0285917405743062,202.0909,201.8979,202.0,0.0002518985817178,0.0041731767578959,0.0020650019367771,207.45228000000003,203.171855,6.212942465141493,229.3358
2022-03-10,229.3358,-0.0007157244792557,0.0286202607102667,229.5,202.0,202.4091,0.1271854333190302,0.000505573325213,0.0020231994757221,212.91944000000004,204.51819,8.52590569832064,251.9685
2022-03-11,251.9685,0.0941167746769281,0.0346126388696197,229.3358,201.6305,202.0659,-0.0007157244792557,-0.0018308829645813,-0.0016970150558823,222.98703999999998,207.01331999999996,13.576556826635498,251.9685
2022-03-14,251.9685,0.0,0.0346039441610599,251.9685,202.04,201.9637,0.0941167746769281,0.0020288831632284,-0.0005059035386504,232.97274000000002,209.51356,16.815689033265645,263.33
2022-03-15,263.33,0.044103918786721,0.0352645704453897,251.9685,202.0909,202.0,0.0,0.0002518985817178,0.0001797191188104,245.22056000000003,212.58006,20.5506661961502,267.8621
2022-03-16,267.8621,0.017064297359625,0.035010680898338,263.33,229.5,201.0142,0.044103918786721,0.1271854333190302,-0.0048921450713251,252.89298,215.92245499999999,23.756628419417925,267.8769
2022-03-18,267.8769,5.525078444435893e-05,0.0350079619709717,267.8621,229.3358,201.0,0.017064297359625,-0.0007157244792557,-7.064427080378627e-05,260.60119999999995,219.2663,26.13339181529014,275.0
2022-03-21,275.0,0.0262435510375084,0.0350316250545561,267.8769,251.9685,202.0123,5.525078444435893e-05,0.0941167746769281,0.0050236785774508,265.2075,222.915685,28.578897044924393,280.0
2022-03-22,280.0,0.0180185055026782,0.034857549902802,275.0,251.9685,202.1141,0.0262435510375084,0.0,0.0005038027812744,270.8138,226.80998,30.81431330041775,280.42
2022-03-23,280.42,0.0014988761237359,0.0347990149099392,280.0,263.33,201.9298,0.0180185055026782,0.044103918786721,-0.0009122771697925,274.2318,230.73449,32.434461442402835,280.0
2022-03-24,280.0,-0.0014988761237359,0.0348463126690889,280.42,267.8621,202.0,0.0014988761237359,0.017064297359625,0.0003475851531963,276.65938,234.63449,33.47041981724938,290.0
2022-03-25,290.0,0.0350913198112701,0.0347419041151456,280.0,267.8769,201.1908,-0.0014988761237359,5.525078444435893e-05,-0.0040139858671931,281.084,239.07495,34.669580666803064,294.9843
2022-03-28,294.9843,0.0170412116040646,0.0344779165094464,290.0,275.0,201.1908,0.0350913198112701,0.0262435510375084,0.0,285.08086000000003,243.76462500000002,35.60632868991771,294.9843
2022-03-29,294.9843,0.0,0.0346170018860451,294.9843,280.0,202.33,0.0170412116040646,0.0180185055026782,0.0056463162570916,288.07772000000006,248.39733999999999,35.957422340072846,306.0796
2022-03-30,306.0796,0.0369230642586216,0.0343115755461722,294.9843,280.42,201.0571,0.0,0.0014988761237359,-0.0063110804730073,293.20964000000004,253.648465,36.346611168785195,299.0
2022-03-31,299.0,-0.0234016254525195,0.0355553316734878,306.0796,280.0,201.8979,0.0369230642586216,-0.0014988761237359,0.0041731767578959,297.00964000000005,258.50356999999997,35.54659402105672,299.0
2022-04-01,299.0,0.0,0.0355698239492441,299.0,290.0,202.0,-0.0234016254525195,0.0350913198112701,0.000505573325213,298.80964000000006,263.35357,34.01586626968015,310.8571
2022-04-04,310.8571,0.038889747662177,0.0354432252408513,299.0,294.9843,201.6305,0.0,0.0170412116040646,-0.0018308829645813,301.9842,268.8149,32.31003550171235,307.7891
2022-04-05,307.7891,-0.0099185128807136,0.0358891159372002,310.8571,294.9843,202.04,0.038889747662177,0.0,0.0020288831632284,304.54516,274.10235500000005,29.321975660806512,307.7891
2022-04-06,307.7891,0.0,0.0358968414056716,307.7891,306.0796,202.0909,-0.0099185128807136,0.0369230642586216,0.0002518985817178,304.88706,279.387265,24.843010813931766,299.8125
2022-04-07,299.8125,-0.026257528909867,0.0274096315372287,307.7891,299.0,229.5,0.0,-0.0234016254525195,0.1271854333190302,305.04956000000004,282.90289,22.251655376071827,299.0
2022-04-08,299.0,-0.0027137058715962,0.0274672238768089,299.8125,299.0,229.3358,-0.026257528909867,0.0,-0.0007157244792557,305.04956000000004,286.38610000000006,18.573631498409867,311.675
2022-04-11,311.675,0.0415174048403522,0.021097697008702,299.0,310.8571,251.9685,-0.0027137058715962,0.038889747662177,0.0941167746769281,305.21314,289.37142500000004,17.51890695952464,313.67
2022-04-12,313.67,0.0063804996223262,0.0209763439101872,311.675,307.7891,251.9685,0.0415174048403522,-0.0099185128807136,0.0,306.38932,292.4565,15.94797151502269,313.67
2022-04-18,313.67,0.0,0.0195794742146439,313.67,307.7891,263.33,0.0063804996223262,0.0,0.044103918786721,307.56550000000004,294.97349999999994,15.056685721554214,310.0
2022-04-19,310.0,-0.0117691803741731,0.0199919843786578,313.67,299.8125,267.8621,0.0,-0.026257528909867,0.017064297359625,309.603,297.08039500000007,13.972453114883733,310.0
2022-04-20,310.0,0.0,0.0199930426809738,310.0,299.0,267.8769,-0.0117691803741731,-0.0027137058715962,5.525078444435893e-05,311.803,299.18655,12.428138215071051,335.0
2022-04-21,335.0,0.0775582343458744,0.0251732787013997,310.0,311.675,275.0,0.0,0.0415174048403522,0.0262435510375084,316.468,302.18655,13.479668452828012,334.8
2022-04-22,334.8,-0.0005971932097461,0.0252001947723003,335.0,313.67,280.0,0.0775582343458744,0.0063804996223262,0.0180185055026782,320.694,304.92655,14.278378741751398,334.8
2022-04-25,334.8,0.0,0.0252256959898687,334.8,313.67,280.42,-0.0005971932097461,0.0,0.0014988761237359,324.91999999999996,307.64555,14.541343404899312,340.465
2022-04-26,340.465,0.0167789916763068,0.0251615800734632,334.8,310.0,280.0,0.0,-0.0117691803741731,-0.0014988761237359,331.01300000000003,310.66880000000003,14.774803845193329,337.9
2022-04-27,337.9,-0.0075623365713829,0.0247064817129582,340.465,310.0,290.0,0.0167789916763068,0.0,0.0350913198112701,336.59299999999996,313.0638,15.12617147201422,341.85
2022-04-28,341.85,0.0116220506395588,0.0246275814003231,337.9,335.0,294.9843,-0.0075623365713829,0.0775582343458744,0.0170412116040646,337.963,315.407085,15.793365534099866,341.85
2022-04-29,341.85,0.0,0.0246275814003231,341.85,334.8,294.9843,0.0116220506395588,-0.0005971932097461,0.0,339.373,317.75037000000003,16.0779276906614,340.0
2022-05-04,340.0,-0.0054264267495958,0.0237583668069851,341.85,334.8,306.0796,0.0,0.0,0.0369230642586216,340.413,319.44639,16.563760225950055,349.9
2022-05-05,349.9,0.0287017817634352,0.0233029801934291,340.0,340.465,299.0,-0.0054264267495958,0.0167789916763068,-0.0234016254525195,342.3,321.99139,17.156603610689945,358.5686
2022-05-06,358.5686,0.0244725952195449,0.0235101241270625,349.9,337.9,299.0,0.0287017817634352,-0.0075623365713829,0.0,346.43372,324.96981999999997,18.09986809138666,364.76
2022-05-09,364.76,0.0171196084722774,0.0225415131230276,358.5686,341.85,310.8571,0.0244725952195449,0.0116220506395588,0.038889747662177,351.01572,327.664965,19.819332269807663,364.76
2022-05-10,364.76,0.0,0.0222336604335324,364.76,341.85,307.7891,0.0171196084722774,0.0,-0.0099185128807136,355.59772000000004,330.51351,20.878117656396224,364.76
2022-05-11,364.76,0.0,0.0222336604335324,364.76,340.0,307.7891,0.0,-0.0054264267495958,0.0,360.54972,333.362055,21.49193145509992,360.0
2022-05-12,360.0,-0.013135571615309,0.0213295078873704,364.76,349.9,299.8125,0.0,0.0287017817634352,-0.026257528909867,362.56971999999996,336.37143000000003,20.7479104224421,360.0
2022-05-13,360.0,0.0,0.0212585975802917,360.0,358.5686,299.0,-0.013135571615309,0.0244725952195449,-0.0027137058715962,362.85599999999994,339.42143,19.40520208475829,359.75
2022-05-17,359.75,-0.0006946856826784,0.0199447100372823,360.0,364.76,311.675,0.0,0.0171196084722774,0.0415174048403522,361.854,341.82518,18.753949184534243,359.65
2022-05-18,359.65,-0.000278009454112,0.0200140774973757,359.75,364.76,313.67,-0.0006946856826784,0.0,0.0063804996223262,360.832,344.12417999999997,17.920590359028022,359.55
2022-05-19,359.55,-0.000278086764862,0.0200191751156434,359.65,364.76,313.67,-0.000278009454112,0.0,0.0,359.79,346.41818,16.712827945379953,359.475
2022-05-20,359.475,-0.0002086158346983,0.0196168728937486,359.55,360.0,310.0,-0.000278086764862,-0.013135571615309,-0.0117691803741731,359.685,348.89193,14.561777063068229,359.4373
2022-05-23,359.4373,-0.0001048806649562,0.0196189701201414,359.475,360.0,310.0,-0.0002086158346983,0.0,0.0,359.57246000000004,351.363795,11.482897926923894,359.3764
2022-05-24,359.3764,-0.0001694458526478,0.0106275755346546,359.4373,359.75,335.0,-0.0001048806649562,-0.0006946856826784,0.0775582343458744,359.49774,352.58261500000003,10.93521486670439,359.3764
2022-05-25,359.3764,0.0,0.0106162554845318,359.3764,359.65,334.8,-0.0001694458526478,-0.000278009454112,-0.0005971932097461,359.44302,353.811435,10.187024011428036,359.7079
2022-05-26,359.7079,0.0009220060109332,0.0106020581641177,359.3764,359.55,334.8,0.0,-0.000278086764862,0.0,359.4746,355.05683,9.21682434919759,359.25
2022-05-27,359.25,-0.0012737882479997,0.0101799773504524,359.7079,359.475,340.465,0.0009220060109332,-0.0002086158346983,0.0167789916763068,359.4296,355.99608,8.587213662567818,360.76
2022-05-30,360.76,0.0041943923383731,0.0098924715661301,359.25,359.4373,337.9,-0.0012737882479997,-0.0001048806649562,-0.0075623365713829,359.69414,357.13908000000004,7.5049540608194505,360.76
2022-05-31,360.76,0.0,0.0097160056694533,360.76,359.3764,341.85,0.0041943923383731,-0.0001694458526478,0.0116220506395588,359.97086,358.08458,6.6159220348185945,360.1114
2022-06-01,360.1114,-0.0017994892709646,0.0097505179837621,360.76,359.3764,341.85,0.0,0.0,0.0,360.11785999999995,358.99764999999996,5.407161615969855,360.6
2022-06-02,360.6,0.001355882742674,0.0095729214197873,360.1114,359.7079,340.0,-0.0017994892709646,0.0009220060109332,-0.0054264267495958,360.29628,360.02765,3.0431057376781503,360.3
2022-06-03,360.3,-0.0008322930151693,0.0074275212184006,360.6,359.25,349.9,0.001355882742674,-0.0012737882479997,0.0287017817634352,360.50628,360.54765,1.8924536854944223,360.2773
2022-06-06,360.2773,-6.30050377870329e-05,0.0050837898380353,360.3,360.76,358.5686,-0.0008322930151693,0.0041943923383731,0.0244725952195449,360.40974,360.63308500000005,1.8361387620791911,360.2773
2022-06-07,360.2773,0.0,0.003174380272434,360.2773,360.76,364.76,-6.30050377870329e-05,0.0,0.0171196084722774,360.3132,360.40895,1.55845961572538,360.0255
2022-06-08,360.0255,-0.0006991504413335,0.0031710611053547,360.2773,360.1114,364.76,0.0,-0.0017994892709646,0.0,360.29602000000006,360.17222499999997,1.1752212421183603,360.0255
2022-06-09,360.0255,0.0,0.0031710611053547,360.0255,360.6,364.76,-0.0006991504413335,0.001355882742674,0.0,360.1811200000001,359.9355,0.4642384059207908,359.8
2022-06-10,359.8,-0.0006265407584941,0.0012014286610619,360.0255,360.3,360.0,0.0,-0.0008322930151693,-0.013135571615309,360.08112,359.9255,0.4649294600206052,359.8338
2022-06-13,359.8338,9.39366661901206e-05,0.0012017265818077,359.8,360.2773,360.0,-0.0006265407584941,-6.30050377870329e-05,0.0,359.99242000000004,359.91719,0.46501308250449114,359.85
2022-06-15,359.85,4.501977119056621e-05,0.0011913068181765,359.8338,360.2773,359.75,9.39366661901206e-05,0.0,-0.0006946856826784,359.90696,359.92219,0.4636564160706482,359.85
2022-06-16,359.85,0.0,0.001189341840743,359.85,360.0255,359.65,4.501977119056621e-05,-0.0006991504413335,-0.000278009454112,359.87186,359.93219,0.4596160967307245,359.75
2022-06-17,359.75,-0.0002779321863361,0.0011893397488401,359.85,360.0255,359.55,0.0,0.0,-0.000278086764862,359.81676,359.94219,0.4529910055517796,360.75
2022-06-20,360.75,0.0027758518865029,0.0013362667428734,359.75,359.8,359.475,-0.0002779321863361,-0.0006265407584941,-0.0002086158346983,360.00676000000004,360.00594,0.47305420970670786,361.75
2022-06-21,361.75,0.002768167857613,0.0014536411469448,360.75,359.8338,359.4373,0.0027758518865029,9.39366661901206e-05,-0.0001048806649562,360.39000000000004,360.121575,0.5939515393398815,360.9
2022-06-22,360.9,-0.0023524538628503,0.0015697054185086,361.75,359.85,359.3764,0.002768167857613,4.501977119056621e-05,-0.0001694458526478,360.6,360.19775500000003,0.5910464423197459,360.9
2022-06-23,360.9,0.0,0.0015697054185086,360.9,359.85,359.3764,-0.0023524538628503,0.0,0.0,360.81000000000006,360.273935,0.5776466867064264,360.3
2022-06-24,360.3,-0.0016638938946952,0.001613978783774,360.9,359.75,359.7079,0.0,-0.0002779321863361,0.0009220060109332,360.92,360.30354,0.5620728947431713,360.3
2022-06-27,360.3,0.0,0.0015824773868322,360.3,360.75,359.25,-0.0016638938946952,0.0027758518865029,-0.0012737882479997,360.83,360.35604,0.5045860127550498,359.9
2022-06-28,359.9,-0.0011108026690626,0.0012847788471459,360.3,361.75,360.76,0.0,0.002768167857613,0.0041943923383731,360.46000000000004,360.31304,0.504993102667549,359.72
2022-06-29,359.72,-0.0005002640386701,0.0012872007533602,359.9,360.9,360.76,-0.0011108026690626,-0.0023524538628503,0.0,360.224,360.26104,0.5100663445544595,359.8782
2022-06-30,359.8782,0.0004396898228723,0.0012318523196328,359.72,360.9,360.1114,-0.0005002640386701,0.0,-0.0017994892709646,360.01964,360.24938000000003,0.5162945438968877,359.55
2022-07-01,359.55,-0.0009123913206841,0.0012013499704477,359.8782,360.3,360.6,0.0004396898228723,-0.0016638938946952,0.001355882742674,359.86964,360.19688,0.5319138268701787,359.7941
2022-07-04,359.7941,0.0006786738345927,0.0012034147889639,359.55,360.3,360.3,-0.0009123913206841,0.0,-0.0008322930151693,359.76846,360.17158500000005,0.5387370864784611,359.7941
2022-07-05,359.7941,0.0,0.001203517227426,359.7941,359.9,360.2773,0.0006786738345927,-0.0011108026690626,-6.30050377870329e-05,359.74728000000005,360.147425,0.5445500542746284,359.8167
2022-07-06,359.8167,6.281173102854738e-05,0.0012037834776634,359.7941,359.72,360.2773,0.0,-0.0005002640386701,0.0,359.76662,360.124395,0.5484938402283435,360.82
2022-07-07,360.82,0.0027844839105325,0.001350169696827,359.8167,359.8782,360.0255,6.281173102854738e-05,0.0004396898228723,-0.0006991504413335,359.95498000000003,360.16412,0.5693296586937707,360.3497
2022-07-08,360.3497,-0.0013042701784885,0.0013867754786418,360.82,359.55,360.0255,0.0027844839105325,-0.0009123913206841,0.0,360.11492000000004,360.18033,0.5697902705150382,361.35
2022-07-11,361.35,0.0027720688828216,0.0015034724585637,360.3497,359.7941,359.8,-0.0013042701784885,0.0006786738345927,-0.0006265407584941,360.4261,360.25782999999996,0.6186534654135557,360.9048
2022-07-12,360.9048,-0.0012328060855669,0.0015379661907621,361.35,359.7941,359.8338,0.0027720688828216,0.0,9.39366661901206e-05,360.64824,360.31138,0.6263228856669767,361.9
2022-07-14,361.9,0.0027537189262734,0.0016439768195523,360.9048,359.8167,359.85,-0.0012328060855669,6.281173102854738e-05,4.501977119056621e-05,361.0649,360.41387999999995,0.709115230228198,361.24
2022-07-15,361.24,-0.0018253731870986,0.0017099223572228,361.9,360.82,359.85,0.0027537189262734,0.0027844839105325,0.0,361.1489,360.48338,0.7189887776405395,361.0331
2022-07-18,361.0331,-0.0005729135022728,0.0017154592956996,361.24,360.3497,359.75,-0.0018253731870986,-0.0013042701784885,-0.0002779321863361,361.28558,360.54753500000004,0.7072549216061125,361.1657
2022-07-19,361.1657,0.000367211913091,0.0016044374733396,361.0331,361.35,360.75,-0.0005729135022728,0.0027720688828216,0.0027758518865029,361.24872,360.56832,0.7195201809497236,361.87
2022-07-20,361.87,0.0019481755126547,0.0015407384211372,361.1657,360.9048,361.75,0.000367211913091,-0.0012328060855669,0.002768167857613,361.44176000000004,360.57432000000006,0.7303121079404584,361.67
2022-07-21,361.67,-0.0005528374522316,0.0014446561192496,361.87,361.9,360.9,0.0019481755126547,0.0027537189262734,-0.0023524538628503,361.39576,360.61282,0.7677226035860816,361.3
2022-07-22,361.3,-0.0010235557002449,0.0014665933730882,361.67,361.24,360.9,-0.0005528374522316,-0.0018253731870986,0.0,361.40776,360.63282,0.7806982679183027,361.09
2022-07-25,361.09,-0.0005814034134347,0.001419006578603,361.3,361.0331,360.3,-0.0010235557002449,-0.0005729135022728,-0.0016638938946952,361.41914,360.67232,0.7829547720042608,361.0
2022-07-26,361.0,-0.0002492764072789,0.0014211122861163,361.09,361.1657,360.3,-0.0005814034134347,0.000367211913091,0.0,361.386,360.70732,0.7810787858731149,361.0
2022-07-27,361.0,0.0,0.0013928476239938,361.0,361.87,359.9,-0.0002492764072789,0.0019481755126547,-0.0011108026690626,361.212,360.76232,0.7596742142827926,361.0
2022-07-28,361.0,0.0,0.0013849761638765,361.0,361.67,359.72,0.0,-0.0005528374522316,-0.0005002640386701,361.078,360.82632,0.7201291596532541,360.8
2022-07-29,360.8,-0.0005541701444123,0.0013928847352295,361.0,361.3,359.8782,0.0,-0.0010235557002449,0.0004396898228723,360.97799999999995,360.87241,0.6848899093659012,361.0
2022-08-01,361.0,0.0005541701444122,0.0013737073981589,360.8,361.09,359.55,-0.0005541701444123,-0.0005814034134347,-0.0009123913206841,360.96,360.94491,0.6102111615132153,361.0
2022-08-02,361.0,0.0,0.0013696693160511,361.0,361.0,359.7941,0.0005541701444122,-0.0002492764072789,0.0006786738345927,360.96,361.00520500000005,0.5467972337823548,360.9254
2022-08-03,360.9254,-0.000206669554127,0.001371775946793,361.0,361.0,359.7941,0.0,0.0,0.0,360.94508,361.06177,0.4677132845905156,360.9254
2022-08-04,360.9254,0.0,0.0013720747262534,360.9254,361.0,359.8167,-0.000206669554127,0.0,6.281173102854738e-05,360.93016,361.117205,0.3673013464205344,360.8
2022-08-05,360.8,-0.0003475005902851,0.0012270997801828,360.9254,360.8,360.82,0.0,-0.0005541701444123,0.0027844839105325,360.93016,361.11620500000004,0.36817926858961025,360.8
2022-08-08,360.8,0.0,0.0011883371062829,360.8,361.0,360.3497,-0.0003475005902851,0.0005541701444122,-0.0013042701784885,360.89016000000004,361.13872000000003,0.3306994728135113,360.94
2022-08-09,360.94,0.0003879513446832,0.001008136216673,360.8,361.0,361.35,0.0,0.0,0.0027720688828216,360.87816000000004,361.11822,0.3296190851864845,360.94
2022-08-10,360.94,0.0,0.0009693891292977,360.94,360.9254,360.9048,0.0003879513446832,-0.000206669554127,-0.0012328060855669,360.88108,361.11998,0.3285116680667734,360.85
2022-08-12,360.85,-0.0002493800148697,0.0007222833417869,360.94,360.9254,361.9,0.0,0.0,0.0027537189262734,360.866,361.06748000000005,0.27718618149903934,360.92
2022-08-15,360.92,0.0001939676080177,0.0006070053500501,360.85,360.8,361.24,-0.0002493800148697,-0.0003475005902851,-0.0018253731870986,360.89,361.05147999999997,0.2759365492537237,360.9733
2022-08-16,360.9733,0.0001476672524784,0.0005952499853736,360.92,360.8,361.0331,0.0001939676080177,0.0,-0.0005729135022728,360.92466,361.04849,0.27646967008555834,360.96
2022-08-17,360.96,-3.684550913914724e-05,0.0005886552492983,360.9733,360.94,361.1657,0.0001476672524784,0.0003879513446832,0.000367211913091,360.92866,361.03820499999995,0.275704911145727,360.9733
2022-08-18,360.9733,3.684550913908704e-05,0.0003626079439037,360.96,360.94,361.87,-3.684550913914724e-05,0.0,0.0019481755126547,360.93532,360.99337,0.19417530807706568,361.0
2022-08-19,361.0,7.396395410240897e-05,0.0003504820034382,360.9733,360.85,361.67,3.684550913908704e-05,-0.0002493800148697,-0.0005528374522316,360.96532,360.95987,0.11148465909833605,360.9467
2022-08-22,360.9467,-0.0001476563300222,0.0002745430238938,361.0,360.92,361.3,7.396395410240897e-05,0.0001939676080177,-0.0010235557002449,360.97066,360.942205,0.07759264159766865,361.0
2022-08-23,361.0,0.0001476563300221,0.0002471549881178,360.9467,360.9733,361.09,-0.0001476563300222,0.0001476672524784,-0.0005814034134347,360.976,360.937705,0.07089044274245157,361.0
2022-08-24,361.0,0.0,0.0002407875656886,361.0,360.96,361.0,0.0001476563300221,-3.684550913914724e-05,-0.0002492764072789,360.98400000000004,360.937705,0.07089044274245157,361.0
2022-08-25,361.0,0.0,0.0002407875656886,361.0,360.9733,361.0,0.0,3.684550913908704e-05,0.0,360.98933999999997,360.937705,0.07089044274245157,361.4
2022-08-26,361.4,0.0011074198252471,0.0003453948251751,361.0,361.0,361.0,0.0,7.396395410240897e-05,0.0,361.06934,360.95770500000003,0.1250935739380394,361.17
2022-08-29,361.17,-0.0006366165430833,0.0003534507038564,361.4,360.9467,360.8,0.0011074198252471,-0.0001476563300222,-0.0005541701444123,361.114,360.97620500000005,0.12787184015140088,361.29
2022-08-30,361.29,0.0003321983254534,0.0003400587972936,361.17,361.0,361.0,-0.0006366165430833,0.0001476563300221,0.0005541701444122,361.172,360.99070500000005,0.1458855071207621,361.148
2022-08-31,361.148,-0.0003931133241294,0.0003535934307537,361.29,361.0,361.0,0.0003321983254534,0.0,0.0,361.2016,360.998105,0.15007527279220303,361.0786
2022-09-01,361.0786,-0.0001921834510488,0.0003531181317673,361.148,361.0,360.9254,-0.0003931133241294,0.0,-0.000206669554127,361.21732000000003,361.005765,0.15007876503410503,361.45
2022-09-02,361.45,0.001028056280986,0.000418618186817,361.0786,361.4,360.9254,-0.0001921834510488,0.0011074198252471,0.0,361.22731999999996,361.031995,0.17845462678048682,361.45
2022-09-05,361.45,0.0,0.0004073221921184,361.45,361.17,360.8,0.001028056280986,-0.0006366165430833,-0.0003475005902851,361.28332,361.06449499999997,0.19260766265655868,361.45
2022-09-06,361.45,0.0,0.0004073221921184,361.45,361.29,360.8,0.0,0.0003321983254534,0.0,361.31532000000004,361.096995,0.20031396705711438,361.8056
2022-09-07,361.8056,0.000983331559835,0.0004497872292536,361.45,361.148,360.94,0.0,-0.0003931133241294,0.0003879513446832,361.44683999999995,361.14027500000003,0.25156337179653626,361.9
2022-09-08,361.9,0.0002608795635555,0.0004499139647915,361.8056,361.0786,360.94,0.000983331559835,-0.0001921834510488,0.0,361.61111999999997,361.18827500000003,0.2985394684795637,362.0
2022-09-09,362.0,0.0002762812560744,0.0004416910217391,361.9,361.45,360.85,0.0002608795635555,0.001028056280986,-0.0002493800148697,361.72112,361.245775,0.33808539644972174,362.2
2022-09-12,362.2,0.0005523336235418,0.0004503641293064,362.0,361.45,360.92,0.0002762812560744,0.0,0.0001939676080177,361.87112,361.309775,0.39029199396807923,362.2824
2022-09-13,362.2824,0.0002274727456603,0.0004504439932564,362.2,361.45,360.9733,0.0005523336235418,0.0,0.0001476672524784,362.0376,361.37523,0.4377770277840377,362.45
2022-09-14,362.45,0.0004625155519133,0.000451571589447,362.2824,361.8056,360.96,0.0002274727456603,0.000983331559835,-3.684550913914724e-05,362.16648,361.44973,0.4873686271056291,362.45
2022-09-15,362.45,0.0,0.0004523723268394,362.45,361.9,360.9733,0.0004625155519133,0.0002608795635555,3.684550913908704e-05,362.27648,361.52356499999996,0.5220182381642678,362.9
2022-09-16,362.9,0.0012407804721379,0.0005066821258718,362.45,362.0,361.0,0.0,0.0002762812560744,7.396395410240897e-05,362.45648,361.618565,0.590161029699444,362.9
2022-09-19,362.9,0.0,0.0005014403560578,362.9,362.2,360.9467,0.0012407804721379,0.0005523336235418,-0.0001476563300222,362.59648,361.71623,0.633179728996852,362.9
2022-09-20,362.9,0.0,0.0005044123195045,362.9,362.2824,361.0,0.0,0.0002274727456603,0.0001476563300221,362.71999999999997,361.81123,0.6619445363565692,362.9
2022-09-21,362.9,0.0,0.0005044123195045,362.9,362.45,361.0,0.0,0.0004625155519133,0.0,362.81,361.90623,0.6755920138753104,362.9
2022-09-22,362.9,0.0,0.0005044123195045,362.9,362.45,361.0,0.0,0.0,0.0,362.9,362.00122999999996,0.6750396797314047,362.9
2022-09-23,362.9,0.0,0.0004661053894991,362.9,362.9,361.4,0.0,0.0012407804721379,0.0011074198252471,362.9,362.07623,0.68792987766205,362.9
2022-09-26,362.9,0.0,0.0004254164085453,362.9,362.9,361.17,0.0,0.0,-0.0006366165430833,362.9,362.16272999999995,0.676655942077171,362.9
2022-09-27,362.9,0.0,0.0004280600361263,362.9,362.9,361.29,0.0,0.0,0.0003321983254534,362.9,362.2432299999999,0.6629958488008084,362.9
2022-09-28,362.9,0.0,0.0004068114392561,362.9,362.9,361.148,0.0,0.0,-0.0003931133241294,362.9,362.33083,0.6253440861263628,362.9
2022-09-29,362.9,0.0,0.0003981951144174,362.9,362.9,361.0786,0.0,0.0,-0.0001921834510488,362.9,362.42189999999994,0.5628895803192165,362.9
2022-09-30,362.9,0.0,0.0003568992912649,362.9,362.9,361.45,0.0,0.0,0.001028056280986,362.9,362.4944,0.5230937277896031,362.9
2022-10-03,362.9,0.0,0.0003568992912649,362.9,362.9,361.45,0.0,0.0,0.0,362.9,362.5669,0.4683413573452781,362.9
2022-10-04,362.9,0.0,0.0003568992912649,362.9,362.9,361.45,0.0,0.0,0.0,362.9,362.63939999999997,0.39242122327102846,362.9
2022-10-05,362.9,0.0,0.0003076706272766,362.9,362.9,361.8056,0.0,0.0,0.000983331559835,362.9,362.69412,0.34325824749509865,362.9
2022-10-06,362.9,0.0,0.0003082970648538,362.9,362.9,361.9,0.0,0.0,0.0002608795635555,362.9,362.74411999999995,0.29023205461479074,362.9
2022-10-07,362.9,0.0,0.0003079630209118,362.9,362.9,362.0,0.0,0.0,0.0002762812560744,362.9,362.78912,0.23289282208442993,362.9
2022-10-11,362.9,0.0,0.0002918910452552,362.9,362.9,362.2,0.0,0.0,0.0005523336235418,362.9,362.82412,0.18796335938981634,362.9
2022-10-12,362.9,0.0,0.0002909508864787,362.9,362.9,362.2824,0.0,0.0,0.0002274727456603,362.9,362.85499999999996,0.13850707619918187,362.9
2022-10-13,362.9,0.0,0.0002774469480844,362.9,362.9,362.45,0.0,0.0,0.0004625155519133,362.9,362.8775,0.10062305715331736,363.14
2022-10-14,363.14,0.0006611206234962,0.000307430374656,362.9,362.9,362.45,0.0,0.0,0.0,362.948,362.912,0.05366563145999699,363.38
2022-10-17,363.38,0.0006606838317736,0.0002034214258587,363.14,362.9,362.9,0.0006611206234962,0.0,0.0012407804721379,363.044,362.936,0.11744651638310583,363.38
2022-10-18,363.38,0.0,0.0002034214258587,363.38,362.9,362.9,0.0006606838317736,0.0,0.0,363.14,362.96,0.15327992967804424,363.38
2022-10-19,363.38,0.0,0.0002034214258587,363.38,362.9,362.9,0.0,0.0,0.0,363.236,362.984,0.1788383568889479,363.38
2022-10-20,363.38,0.0,0.0002034214258587,363.38,362.9,362.9,0.0,0.0,0.0,363.332,363.008,0.19813870739566086,363.38
2022-10-21,363.38,0.0,0.0002034214258587,363.38,363.14,362.9,0.0,0.0006611206234962,0.0,363.38,363.03200000000004,0.21288988999752909,363.38
2022-10-25,363.38,0.0,0.0002034214258587,363.38,363.38,362.9,0.0,0.0006606838317736,0.0,363.38,363.0559999999999,0.2239924810768215,363.3
2022-10-26,363.3,-0.0002201794471382,0.0002129224853251,363.38,363.38,362.9,0.0,0.0,0.0,363.364,363.07599999999996,0.22716560154724,363.3
2022-10-27,363.3,0.0,0.0002129224853251,363.3,363.38,362.9,-0.0002201794471382,0.0,0.0,363.34800000000007,363.09599999999995,0.22845937102804822,363.3
2022-10-28,363.3,0.0,0.0002129224853251,363.3,363.38,362.9,0.0,0.0,0.0,363.332,363.116,0.22790579771384983,363.3
2022-10-31,363.3,0.0,0.0002129224853251,363.3,363.38,362.9,0.0,0.0,0.0,363.31600000000003,363.136,0.22549127652635237,363.3
2022-11-01,363.3,0.0,0.0002129224853251,363.3,363.38,362.9,0.0,0.0,0.0,363.3,363.156,0.22115486357804665,363.3
2022-11-02,363.3,0.0,0.0002129224853251,363.3,363.3,362.9,0.0,-0.0002201794471382,0.0,363.3,363.176,0.2147801813850798,363.3
2022-11-03,363.3,0.0,0.0002129224853251,363.3,363.3,362.9,0.0,0.0,0.0,363.3,363.196,0.20617825705984122,363.5
2022-11-04,363.5,0.0005503577464177,0.0002393526237348,363.3,363.3,362.9,0.0,0.0,0.0,363.34000000000003,363.226,0.20448651995214254,363.5
2022-11-08,363.5,0.0,0.0002393526237348,363.5,363.3,362.9,0.0005503577464177,0.0,0.0,363.38,363.256,0.19805368756460173,363.5
2022-11-09,363.5,0.0,0.0002393526237348,363.5,363.3,362.9,0.0,0.0,0.0,363.42,363.28599999999994,0.18638951856697303,363.5
2022-11-10,363.5,0.0,0.0002393526237348,363.5,363.3,362.9,0.0,0.0,0.0,363.46000000000004,363.316,0.1684105259869869,363.5
2022-11-11,363.5,0.0,0.0002393526237348,363.5,363.3,362.9,0.0,0.0,0.0,363.5,363.346,0.14173362710625284,363.5
2022-11-14,363.5,0.0,0.0002393526237348,363.5,363.5,362.9,0.0,0.0005503577464177,0.0,363.5,363.376,0.09959919678425816,363.5
2022-11-15,363.5,0.0,0.0001971888455533,363.5,363.5,363.14,0.0,0.0,0.0006611206234962,363.5,363.394,0.08635300866407408,363.5
2022-11-16,363.5,0.0,0.0001349311232693,363.5,363.5,363.38,0.0,0.0,0.0006606838317736,363.5,363.4,0.08944271910041875,363.5
2022-11-17,363.5,0.0,0.0001349311232693,363.5,363.5,363.38,0.0,0.0,0.0,363.5,363.406,0.09201830481556693,363.5
2022-11-18,363.5,0.0,0.0001349311232693,363.5,363.5,363.38,0.0,0.0,0.0,363.5,363.412,0.09412198132476908,363.5
2022-11-21,363.5,0.0,0.0001349311232693,363.5,363.5,363.38,0.0,0.0,0.0,363.5,363.418,0.09578484662087834,363.5
2022-11-22,363.5,0.0,0.0001349311232693,363.5,363.5,363.38,0.0,0.0,0.0,363.5,363.424,0.09702956684529522,363.5
2022-11-23,363.5,0.0,0.0001349311232693,363.5,363.5,363.38,0.0,0.0,0.0,363.5,363.43,0.09787209698632933,363.5
2022-11-24,363.5,0.0,0.000123063733291,363.5,363.5,363.3,0.0,0.0,-0.0002201794471382,363.5,363.44,0.09403246919675311,363.0
2022-11-25,363.0,-0.0013764627087232,0.0003374377733745,363.5,363.5,363.3,0.0,0.0,0.0,363.4,363.425,0.13327849749609252,363.0
2022-11-28,363.0,0.0,0.0003374377733745,363.0,363.5,363.3,-0.0013764627087232,0.0,0.0,363.3,363.40999999999997,0.1618966531953885,363.1875
2022-11-29,363.1875,0.0005163955704736,0.0003597814853909,363.0,363.5,363.3,0.0,0.0,0.0,363.2375,363.40437499999996,0.167767608300336,363.1875
2022-11-30,363.1875,0.0,0.0003597814853909,363.1875,363.5,363.3,0.0005163955704736,0.0,0.0,363.175,363.39874999999995,0.17324780700388837,363.19
2022-12-01,363.19,6.883473125167896e-06,0.0003598003706803,363.1875,363.5,363.3,0.0,0.0,0.0,363.113,363.39325,0.17822239950210275,363.19
2022-12-02,363.19,0.0,0.0003598003706803,363.19,363.0,363.3,6.883473125167896e-06,-0.0013764627087232,0.0,363.15099999999995,363.38775,0.18288783591696772,363.1767
2022-12-05,363.1767,-3.662062151668852e-05,0.000334279653048,363.19,363.0,363.5,0.0,0.0,0.0005503577464177,363.18634,363.371585,0.18669242161787883,363.18
2022-12-06,363.18,9.086444717979125e-06,0.0003343494699802,363.1767,363.1875,363.5,-3.662062151668852e-05,0.0005163955704736,0.0,363.18484,363.355585,0.18880810998155836,363.18
2022-12-08,363.18,0.0,0.0003343494699802,363.18,363.1875,363.5,9.086444717979125e-06,0.0,0.0,363.18334,363.339585,0.18948350094835825,363.18
2022-12-09,363.18,0.0,0.0003343494699802,363.18,363.19,363.5,0.0,6.883473125167896e-06,0.0,363.18134,363.323585,0.18873405760504247,363.18
2022-12-12,363.18,0.0,0.0003343494699802,363.18,363.19,363.5,0.0,0.0,0.0,363.17934,363.307585,0.18654260773361758,363.18
2022-12-13,363.18,0.0,0.0003343494699802,363.18,363.1767,363.5,0.0,-3.662062151668852e-05,0.0,363.18,363.29158500000005,0.18285731358529772,363.18
2022-12-14,363.18,0.0,0.0003343494699802,363.18,363.18,363.5,0.0,9.086444717979125e-06,0.0,363.18,363.275585,0.17758519756664556,363.18
2022-12-15,363.18,0.0,0.0003343494699802,363.18,363.18,363.5,0.0,0.0,0.0,363.18,363.259585,0.17057919066966104,363.18
2022-12-16,363.18,0.0,0.0003343494699802,363.18,363.18,363.5,0.0,0.0,0.0,363.18,363.24358500000005,0.1616139561294988,363.18
2022-12-19,363.18,0.0,0.0003343494699802,363.18,363.18,363.5,0.0,0.0,0.0,363.18,363.227585,0.15033939594703066,363.1612
2022-12-20,363.1612,-5.176630488316107e-05,0.0003341909637994,363.18,363.18,363.5,0.0,0.0,0.0,363.17624,363.210645,0.1364772025497984,363.16
2022-12-21,363.16,-3.3043232112430805e-06,0.0003341675167008,363.1612,363.18,363.5,-5.176630488316107e-05,0.0,0.0,363.17224,363.193645,0.1185333862585535,363.16
2022-12-22,363.16,0.0,0.0003341675167008,363.16,363.18,363.5,-3.3043232112430805e-06,0.0,0.0,363.16823999999997,363.176645,0.09415879909699831,363.1733
2022-12-23,363.1733,3.6622305493816336e-05,0.0003345375332464,363.16,363.18,363.5,0.0,0.0,0.0,363.16690000000006,363.16031000000004,0.055520407817551194,363.1
2022-12-27,363.1,-0.00020185238876,0.0001275514706504,363.1733,363.18,363.0,3.6622305493816336e-05,0.0,-0.0013764627087232,363.1509,363.16531,0.043532080125098314,363.1326
2022-12-28,363.1326,8.977839888180273e-05,0.0001286166140884,363.1,363.1612,363.0,-0.00020185238876,-5.176630488316107e-05,0.0,363.14518000000004,363.17194,0.021605564585826555,363.13
2022-12-29,363.13,-7.159944626146653e-06,5.286787103108935e-05,363.1326,363.16,363.1875,8.977839888180273e-05,-3.3043232112430805e-06,0.0005163955704736,363.13918,363.169065,0.02319340366792303,363.11
2022-12-30,363.11,-5.507821107353875e-05,5.385901830597305e-05,363.13,363.16,363.1875,-7.159944626146653e-06,0.0,0.0,363.12918,363.16519000000005,0.02622700295932474,363.11
2023-01-02,363.11,0.0,5.3762847123560784e-05,363.11,363.1733,363.19,-5.507821107353875e-05,3.6622305493816336e-05,6.883473125167896e-06,363.11652,363.16119,0.028265338640070047,363.11
2023-01-03,363.11,0.0,5.3762847123560784e-05,363.11,363.1,363.19,0.0,-0.00020185238876,0.0,363.11852000000005,363.15719,0.029602683022332547,363.11
2023-01-04,363.11,0.0,5.346766861291085e-05,363.11,363.1326,363.1767,0.0,8.977839888180273e-05,-3.662062151668852e-05,363.114,363.153855,0.03101262009694626,363.11
2023-01-05,363.11,0.0,5.334271227961847e-05,363.11,363.13,363.18,0.0,-7.159944626146653e-06,9.086444717979125e-06,363.11,363.150355,0.03184549005518949,363.0917
2023-01-09,363.0917,-5.039922105352546e-05,5.404921430736565e-05,363.11,363.11,363.18,0.0,-5.507821107353875e-05,0.0,363.10634,363.14594,0.033592220277458444,362.2446
2023-01-10,362.2446,-0.0023357451850329,0.0005222234557704,363.0917,363.11,363.18,-5.039922105352546e-05,0.0,0.0,362.93326,363.09917,0.20377301122881633,362.24
2023-01-11,362.24,-1.2698682622194304e-05,0.0005220661251544,362.2446,363.11,363.18,-0.0023357451850329,0.0,0.0,362.75926,363.05217000000005,0.2787571063054202,362.24
2023-01-12,362.24,0.0,0.0005220661251544,362.24,363.11,363.18,-1.2698682622194304e-05,0.0,0.0,362.58526,363.00517,0.3305103360115893,362.24
2023-01-13,362.24,0.0,0.0005220661251544,362.24,363.11,363.18,0.0,0.0,0.0,362.41125999999997,362.95817,0.36894188402704214,362.24
2023-01-17,362.24,0.0,0.0005220661251544,362.24,363.0917,363.18,0.0,-5.039922105352546e-05,0.0,362.24092,362.91116999999997,0.39793041986327876,362.24
2023-01-18,362.24,0.0,0.0005220661251544,362.24,362.2446,363.18,0.0,-0.0023357451850329,0.0,362.24,362.86417,0.4194384317154521,362.2698
2023-01-19,362.2698,8.226251740630766e-05,0.0005234629474945,362.24,362.24,363.18,0.0,-1.2698682622194304e-05,0.0,362.24596,362.81866,0.43254128297029126,362.1694
2023-01-20,362.1694,-0.0002771799224635,0.000524218722963,362.2698,362.24,363.1612,8.226251740630766e-05,0.0,-5.176630488316107e-05,362.23184000000003,362.76907,0.44778806088769907,362.16
2023-01-23,362.16,-2.5955042002935968e-05,0.0005239396709759,362.1694,362.24,363.16,-0.0002771799224635,0.0,-3.3043232112430805e-06,362.21584,362.71907,0.4575626964228556,362.16
2023-01-24,362.16,0.0,0.0005239396709759,362.16,362.24,363.16,-2.5955042002935968e-05,0.0,0.0,362.19984,362.66907000000003,0.46146498994745905,362.16
2023-01-25,362.16,0.0,0.0005233614173629,362.16,362.24,363.1733,0.0,0.0,3.6622305493816336e-05,362.18384000000003,362.618405,0.4588093474875278,362.14
2023-01-26,362.14,-5.5225735206756736e-05,0.000523471947149,362.16,362.2698,363.1,0.0,8.226251740630766e-05,-0.00020185238876,362.15788000000003,362.57040500000005,0.4559819900354128,362.14
2023-01-27,362.14,0.0,0.000521849121071,362.14,362.1694,363.1326,-5.5225735206756736e-05,-0.0002771799224635,8.977839888180273e-05,362.152,362.52077500000007,0.44546808247033975,362.14
2023-01-30,362.14,0.0,0.0005219452267772,362.14,362.16,363.13,0.0,-2.5955042002935968e-05,-7.159944626146653e-06,362.14799999999997,362.471275,0.4289045984890517,362.14
2023-01-31,362.14,0.0,0.0005225424054552,362.14,362.16,363.11,0.0,0.0,-5.507821107353875e-05,362.144,362.422775,0.4071694615200363,362.14
2023-02-01,362.14,0.0,0.0005225424054552,362.14,362.16,363.11,0.0,0.0,0.0,362.14,362.374275,0.377707136444124,362.14
2023-02-02,362.14,0.0,0.0005225424054552,362.14,362.14,363.11,0.0,-5.5225735206756736e-05,0.0,362.14,362.325775,0.33850596181450915,361.9686
2023-02-03,361.9686,-0.0004734096603772,0.0005268694690952,362.14,362.14,363.11,0.0,0.0,0.0,362.10571999999996,362.268705,0.29240966841737,361.9589
2023-02-06,361.9589,-2.679826363975727e-05,0.0005264819943733,361.9686,362.14,363.11,-0.0004734096603772,0.0,0.0,362.06949999999995,362.21115,0.2231962990160749,361.96
2023-02-07,361.96,3.039014453029377e-06,0.0005271959750719,361.9589,362.14,363.0917,-2.679826363975727e-05,0.0,-5.039922105352546e-05,362.0335,362.154565,0.094642247574972,361.96
2023-02-08,361.96,0.0,0.0001217066388583,361.96,362.14,362.2446,3.039014453029377e-06,0.0,-0.0023357451850329,361.99750000000006,362.140335,0.10153695865747384,361.9226
2023-02-09,361.9226,-0.000103331672935,0.0001223497211844,361.96,362.14,362.24,0.0,0.0,-1.2698682622194304e-05,361.95402,362.124465,0.1096222234227377,361.9226
2023-02-10,361.9226,0.0,0.0001223497211844,361.9226,361.9686,362.24,-0.000103331672935,-0.0004734096603772,0.0,361.94482,362.108595,0.11486550705171514,361.92
2023-02-13,361.92,-7.183882241740478e-06,0.0001222247543043,361.9226,361.9589,362.24,0.0,-2.679826363975727e-05,0.0,361.93703999999997,362.09259499999996,0.11784655712422697,361.92
2023-02-14,361.92,0.0,0.0001222247543043,361.92,361.96,362.24,-7.183882241740478e-06,3.039014453029377e-06,0.0,361.92904,362.076595,0.1185014344782332,361.92
2023-02-15,361.92,0.0,0.0001222247543043,361.92,361.96,362.24,0.0,0.0,0.0,361.92104,362.06059500000003,0.11686924981509685,361.92
2023-02-16,361.92,0.0,0.0001190893570597,361.92,361.9226,362.2698,0.0,-0.000103331672935,8.226251740630766e-05,361.92052,362.043105,0.10987845665348348,361.92
2023-02-17,361.92,0.0,0.0001065165941661,361.92,361.9226,362.1694,0.0,0.0,-0.0002771799224635,361.92,362.03063499999996,0.10893905237005876,361.92
2023-02-20,361.92,0.0,0.0001067832327257,361.92,361.92,362.16,0.0,-7.183882241740478e-06,-2.5955042002935968e-05,361.92,362.018635,0.10714265588565773,361.92
2023-02-21,361.92,0.0,0.0001067832327257,361.92,361.92,362.16,0.0,0.0,0.0,361.92,362.006635,0.10386636796596653,361.6615
2023-02-22,361.6615,-0.0007145014376329,0.0001855677174039,361.92,361.92,362.16,0.0,0.0,0.0,361.8683,361.98171,0.12314913038869615,361.66
2023-02-23,361.66,-4.147533289029451e-06,0.0001861160672311,361.6615,361.92,362.14,-0.0007145014376329,0.0,-5.5225735206756736e-05,361.8163,361.95771,0.13670368608480657,362.668
2023-02-24,362.668,0.0027832712547745,0.0006643781471379,361.66,361.92,362.14,-4.147533289029451e-06,0.0,0.0,361.96590000000003,361.98411,0.2067814887869905,362.4983
2023-02-27,362.4983,-0.0004680305830477,0.0006752331864865,362.668,361.92,362.14,0.0027832712547745,0.0,0.0,362.08155999999997,362.002025,0.23464237261418897,361.6318
2023-02-28,361.6318,-0.0023932174993759,0.0008687752957661,362.4983,361.92,362.14,-0.0004680305830477,0.0,0.0,362.02392,361.976615,0.2461492813522444,358.4593
2023-03-01,358.4593,-0.0088114421257206,0.0021381580443917,361.6318,361.6615,362.14,-0.0023932174993759,-0.0007145014376329,0.0,361.38348,361.79258,0.8213798541733328,353.6543
2023-03-02,353.6543,-0.0134952426812032,0.0035989162633418,358.4593,361.66,362.14,-0.0088114421257206,-4.147533289029451e-06,0.0,359.78234,361.368295,1.9911538298644618,346.1724
2023-03-03,346.1724,-0.0213829654618149,0.0057658693995992,353.6543,362.668,361.9686,-0.0134952426812032,0.0027832712547745,-0.0004734096603772,356.48321999999996,360.578485,3.9296982604500243,337.6693
2023-03-07,337.6693,-0.0248699026923145,0.0076380653314071,346.1724,362.4983,361.9589,-0.0213829654618149,-0.0004680305830477,-2.679826363975727e-05,351.51742,359.364005,6.435240225056399,326.6337
2023-03-08,326.6337,-0.0332276546315713,0.0100694726938659,337.6693,361.6318,361.96,-0.0248699026923145,-0.0023932174993759,3.039014453029377e-06,344.51779999999997,357.59769,9.703418605663504,319.5585
2023-03-09,319.5585,-0.0218990038879223,0.0106553396160955,326.6337,358.4593,361.96,-0.0332276546315713,-0.0088114421257206,0.0,336.73763999999994,355.477615,12.828886375974255,318.633
2023-03-10,318.633,-0.0029003853821104,0.0105888470045796,319.5585,353.6543,361.9226,-0.0218990038879223,-0.0134952426812032,-0.000103331672935,329.73338,353.313135,15.129814652125052,319.105
2023-03-13,319.105,0.0014802319641694,0.0106407563154853,318.633,346.1724,361.9226,-0.0029003853821104,-0.0213829654618149,0.0,324.3199,351.17225500000006,16.786148434207195,322.9615
2023-03-14,322.9615,0.0120129188412262,0.0113316500205727,319.105,337.6693,361.92,0.0014802319641694,-0.0248699026923145,-7.183882241740478e-06,321.37834000000004,349.22433,17.708406039627487,327.0617
2023-03-15,327.0617,0.0126157170418424,0.0119969262385321,322.9615,326.6337,361.92,0.0120129188412262,-0.0332276546315713,0.0,321.46394,347.481415,18.104102940967028,337.2877
2023-03-16,337.2877,0.0307874372349786,0.0144128402282215,327.0617,319.5585,361.92,0.0126157170418424,-0.0218990038879223,0.0,325.00978,346.2498,17.906943524172238,336.8
2023-03-17,336.8,-0.0014469929805722,0.014397841572878,337.2877,318.633,361.92,0.0307874372349786,-0.0029003853821104,0.0,328.64318,344.9938,17.628784376366408,335.2842
2023-03-20,335.2842,-0.0045107519865803,0.0143738449119637,336.8,319.105,361.92,-0.0014469929805722,0.0014802319641694,0.0,331.87901999999997,343.66201,17.285548461706362,335.0815
2023-03-21,335.0815,-0.000604744563087,0.0143660151129645,335.2842,322.9615,361.92,-0.0045107519865803,0.0120129188412262,0.0,334.30301999999995,342.320085,16.829280914252244,321.8906
2023-03-22,321.8906,-0.0401620495555256,0.0164543386006524,335.0815,327.0617,361.92,-0.000604744563087,0.0126157170418424,0.0,333.26879999999994,340.318615,16.755766912768433,317.3116
2023-03-23,317.3116,-0.0143274798800495,0.0165117194774539,321.8906,337.2877,361.6615,-0.0401620495555256,0.0307874372349786,-0.0007145014376329,329.27358,338.10112,16.717178510130775,318.6334
2023-03-24,318.6334,0.0041569692455628,0.0166242576860085,317.3116,336.8,361.66,-0.0143274798800495,-0.0014469929805722,-4.147533289029451e-06,325.64026,335.94979,16.288878946301445,320.5985
2023-03-27,320.5985,0.0061483358086291,0.0167380203889055,318.6334,335.2842,362.668,0.0041569692455628,-0.0045107519865803,0.0027832712547745,322.70312,333.846315,15.346062733115286,319.9778
2023-03-28,319.9778,-0.0019379430499055,0.0167149003471964,320.5985,335.0815,362.4983,0.0061483358086291,-0.000604744563087,-0.0004680305830477,319.68238,331.72029,14.05914387716555,322.6667
2023-03-29,322.6667,0.0083682835270314,0.0170157039503555,319.9778,321.8906,361.6318,-0.0019379430499055,-0.0401620495555256,-0.0023932174993759,319.8376,329.772035,12.283677906121671,325.6324
2023-03-30,325.6324,0.0091492358629945,0.0173142029387757,322.6667,317.3116,358.4593,0.0083682835270314,-0.0143274798800495,-0.0088114421257206,321.50176,328.13069,10.278191658729595,327.2857
2023-03-31,327.2857,0.0050643519718781,0.0173211332162107,325.6324,318.6334,353.6543,0.0091492358629945,0.0041569692455628,-0.0134952426812032,323.23222,326.81226000000004,8.340381914352779,327.5
2023-04-03,327.5,0.0006545653261867,0.0168430634540755,327.2857,320.5985,346.1724,0.0050643519718781,0.0061483358086291,-0.0213829654618149,324.61252,325.87864,6.99587276248232,323.7837
2023-04-04,323.7837,-0.0114123548147318,0.0161691421798528,327.5,319.9778,337.6693,0.0006545653261867,-0.0019379430499055,-0.0248699026923145,325.3737,325.18436,6.43031919674288,321.1748
2023-04-06,321.1748,-0.0080901770565692,0.0145144517501355,323.7837,322.6667,326.6337,-0.0114123548147318,0.0083682835270314,-0.0332276546315713,325.07532000000003,324.911415,6.48121617877995,319.9741
2023-04-10,319.9741,-0.0037454681858494,0.0136715170147644,321.1748,325.6324,319.5585,-0.0080901770565692,0.0091492358629945,-0.0218990038879223,323.94366,324.932195,6.46379326552508,319.833
2023-04-11,319.833,-0.0004410704485383,0.0136544911283059,319.9741,327.2857,318.633,-0.0037454681858494,0.0050643519718781,-0.0029003853821104,322.45312,324.992195,6.407568617656284,319.85
2023-04-12,319.85,5.3151326528900096e-05,0.0136511109699772,319.833,327.5,319.105,-0.0004410704485383,0.0006545653261867,0.0014802319641694,320.92312000000004,325.029445,6.373618031465823,319.5718
2023-04-17,319.5718,-0.0008701611911073,0.0133610910093427,319.85,323.7837,322.9615,5.3151326528900096e-05,-0.0114123548147318,0.0120129188412262,320.08074,324.85996,6.4757528256850865,319.9261
2023-04-18,319.9261,0.0011080569185622,0.013008427566264,319.5718,321.1748,327.0617,-0.0008701611911073,-0.0080901770565692,0.0126157170418424,319.831,324.50318000000004,6.5442686641864425,320.83
2023-04-19,320.83,0.0028213562058659,0.0106979176654381,319.9261,319.9741,337.2877,0.0011080569185622,-0.0037454681858494,0.0307874372349786,320.00218000000007,323.680295,5.8499981999524975,320.7155
2023-04-20,320.7155,-0.0003569505240569,0.010706344763354,320.83,319.833,336.8,0.0028213562058659,-0.0004410704485383,-0.0014469929805722,320.17868,322.87606999999997,4.994496407583908,321.1373
2023-04-21,321.1373,0.0013143202326745,0.0107264538388157,320.7155,319.85,335.2842,-0.0003569505240569,5.3151326528900096e-05,-0.0045107519865803,320.43614,322.168725,4.058842102046135,321.6512
2023-04-24,321.6512,0.001598971075217,0.0107545040004265,321.1373,319.5718,335.0815,0.0013143202326745,-0.0008701611911073,-0.000604744563087,320.85202,321.49721,2.6903258558065626,321.8
2023-04-25,321.8,0.0004625059449806,0.0059312409747057,321.6512,319.9261,321.8906,0.001598971075217,0.0011080569185622,-0.0401620495555256,321.2268,321.49268,2.6897048035250126,321.7598
2023-04-26,321.7598,-0.000124930115437,0.0048853480268592,321.8,320.83,317.3116,0.0004625059449806,0.0028213562058659,-0.0143274798800495,321.41276000000005,321.71509000000003,2.5032224036230235,321.6324
2023-04-27,321.6324,-0.0003960259439422,0.0048212472888908,321.7598,320.7155,318.6334,-0.000124930115437,-0.0003569505240569,0.0041569692455628,321.59614,321.86504,2.396451872511392,321.65
2023-04-28,321.65,5.4719358105672966e-05,0.0046322494707178,321.6324,321.1373,320.5985,-0.0003960259439422,0.0013143202326745,0.0061483358086291,321.69868,321.917615,2.378671522039844,321.4389
2023-05-02,321.4389,-0.0006565188967879,0.0046104610183505,321.65,321.6512,319.9778,5.4719358105672966e-05,0.001598971075217,-0.0019379430499055,321.65621999999996,321.99067,2.338049469806689,320.9014
2023-05-03,320.9014,-0.0016735681241043,0.0042063630664097,321.4389,321.8,322.6667,-0.0006565188967879,0.0004625059449806,0.0083682835270314,321.47650000000004,321.902405,2.344497584036465,319.9665
2023-05-04,319.9665,-0.0029176080224635,0.0036061346744943,320.9014,321.7598,325.6324,-0.0016735681241043,-0.000124930115437,0.0091492358629945,321.11784,321.61911,2.208434237406125,319.4428
2023-05-08,319.4428,-0.0016380747577591,0.0033253791339901,319.9665,321.6324,327.2857,-0.0029176080224635,-0.0003960259439422,0.0050643519718781,320.67992,321.226965,1.8095795208818475,318.5233
2023-05-09,318.5233,-0.0028826003033906,0.0033148838609433,319.4428,321.65,327.5,-0.0016380747577591,5.4719358105672966e-05,0.0006545653261867,320.05458,320.77813000000003,1.173092224624292,318.0867
2023-05-10,318.0867,-0.001371640622835,0.0023315342325189,318.5233,321.4389,323.7837,-0.0028826003033906,-0.0006565188967879,-0.0114123548147318,319.38414,320.49328,1.0938660543423062,316.6797
2023-05-11,316.6797,-0.0044331341554176,0.0018254037594297,318.0867,320.9014,321.1748,-0.001371640622835,-0.0016735681241043,-0.0080901770565692,318.53979999999996,320.268525,1.3727218957336602,313.654
2023-05-12,313.654,-0.009600385444111,0.0026306136161832,316.6797,319.9665,319.9741,-0.0044331341554176,-0.0029176080224635,-0.0037454681858494,317.2773,319.95252,2.0192626892012653,313.2454
2023-05-15,313.2454,-0.0013035586183682,0.0026280804609366,313.654,319.4428,319.833,-0.009600385444111,-0.0016380747577591,-0.0004410704485383,316.03782,319.62314000000003,2.515973854855443,312.639
2023-05-16,312.639,-0.0019377386295108,0.0026221696503263,313.2454,318.5233,319.85,-0.0013035586183682,-0.0028826003033906,5.3151326528900096e-05,314.86096000000003,319.26259,2.9593667917843893,310.4042
2023-05-17,310.4042,-0.007173851136904,0.0029467694318802,312.639,318.0867,319.5718,-0.0019377386295108,-0.001371640622835,-0.0008701611911073,313.32446,318.80421,3.5583290167541,307.3664
2023-05-18,307.3664,-0.0098347978536076,0.0034231619447338,310.4042,316.6797,319.9261,-0.007173851136904,-0.0044331341554176,0.0011080569185622,311.46180000000004,318.176225,4.366438749186266,305.7839
2023-05-19,305.7839,-0.0051618779728419,0.0032940823040716,307.3664,313.654,320.83,-0.0098347978536076,-0.009600385444111,0.0028213562058659,309.88778,317.42392,5.116834447770946,307.0783
2023-05-22,307.0783,0.0042241206087939,0.003589745620878,305.7839,313.2454,320.7155,-0.0051618779728419,-0.0013035586183682,-0.0003569505240569,308.65436,316.74206000000004,5.545774084111322,305.8837
2023-05-23,305.8837,-0.0038977995779412,0.0035116255067822,307.0783,312.639,321.1373,0.0042241206087939,-0.0019377386295108,0.0013143202326745,307.3033,315.97938,5.944076331379343,304.707
2023-05-24,304.707,-0.0038543052055057,0.0033917321951871,305.8837,310.4042,321.6512,-0.0038977995779412,-0.007173851136904,0.001598971075217,306.16386,315.13217,6.29055490106114,303.2681
2023-05-25,303.2681,-0.004733426374153,0.0033347907945393,304.707,307.3664,321.8,-0.0038543052055057,-0.0098347978536076,0.0004625059449806,305.3442,314.205575,6.613284765799376,303.05
2023-05-26,303.05,-0.0007194243728064,0.0033106998151276,303.2681,305.7839,321.7598,-0.004733426374153,-0.0051618779728419,-0.000124930115437,304.79742,313.270085,6.808867592321427,299.1118
2023-05-29,299.1118,-0.0130803918511905,0.0039414145838767,303.05,307.0783,321.6324,-0.0007194243728064,0.0042241206087939,-0.0003960259439422,303.20412,312.14405500000004,7.203883202352308,296.6888
2023-05-30,296.6888,-0.0081336385293991,0.0039637836539627,299.1118,305.8837,321.65,-0.0130803918511905,-0.0038977995779412,5.4719358105672966e-05,301.36514,310.89599499999997,7.620511007073186,295.5211
2023-05-31,295.5211,-0.003943539320401,0.0038834850948435,296.6888,304.707,321.4389,-0.0081336385293991,-0.0038543052055057,-0.0006565188967879,299.52796,309.600105,7.930684926781002,292.4557
2023-06-01,292.4557,-0.0104270364860076,0.0040720535331482,295.5211,303.2681,320.9014,-0.003943539320401,-0.004733426374153,-0.0016735681241043,297.36548000000005,308.17782,8.337527610471332,292.2778
2023-06-02,292.2778,-0.0006084823444832,0.004155373558825,292.4557,303.05,319.9665,-0.0104270364860076,-0.0007194243728064,-0.0029176080224635,295.21104,306.79338500000006,8.572530858029735,292.3145
2023-06-05,292.3145,0.0001255575896166,0.0042377708281572,292.2778,299.1118,319.4428,-0.0006084823444832,-0.0130803918511905,-0.0016380747577591,293.85158,305.43697,8.61183579329259,291.5413
2023-06-06,291.5413,-0.0026486007401326,0.0042426096239127,292.3145,296.6888,318.5233,0.0001255575896166,-0.0081336385293991,-0.0028826003033906,292.82208,304.08786999999995,8.567216567461893,291.2115
2023-06-07,291.2115,-0.0011318694143028,0.0042520221663521,291.5413,295.5211,318.0867,-0.0026486007401326,-0.003943539320401,-0.001371640622835,291.96016,302.74411,8.361146480244772,290.9686
2023-06-08,290.9686,-0.0008344497316017,0.0043266454161991,291.2115,292.4557,316.6797,-0.0011318694143028,-0.0104270364860076,-0.0044331341554176,291.66274,301.45855500000005,8.07750473706742,293.2079
2023-06-09,293.2079,0.0076665561456039,0.0048860023093984,290.9686,292.2778,313.654,-0.0008344497316017,-0.0006084823444832,-0.009600385444111,291.84875999999997,300.43625,7.73956972722879,296.2449
2023-06-12,296.2449,0.0103045633962883,0.0057563848368778,293.2079,292.3145,313.2454,0.0076665561456039,0.0001255575896166,-0.0013035586183682,292.63484,299.586225,7.171434902949466,300.4257
2023-06-13,300.4257,0.0140139917158186,0.0068767684933143,296.2449,291.5413,312.639,0.0103045633962883,-0.0026486007401326,-0.0019377386295108,294.41172,298.97556,6.488985165194198,303.2095
2023-06-14,303.2095,0.0092235169040882,0.0071965480602479,300.4257,291.2115,310.4042,0.0140139917158186,-0.0011318694143028,-0.007173851136904,296.81131999999997,298.615825,6.003314397185321,308.4828
2023-06-15,308.4828,0.0172421024132814,0.007984931986295,303.2095,290.9686,307.3664,0.0092235169040882,-0.0008344497316017,-0.0098347978536076,300.31416,298.671645,6.0934745366601994,313.8245
2023-06-16,313.8245,0.0171678243138875,0.0087252998202158,308.4828,293.2079,305.7839,0.0172421024132814,0.0076665561456039,-0.0051618779728419,304.43747999999994,299.073675,6.810481425511851,309.2
2023-06-19,309.2,-0.0148455957450932,0.0094042209396591,313.8245,296.2449,307.0783,0.0171678243138875,0.0103045633962883,0.0042241206087939,307.0285,299.17976,6.956684947694464,305.9231
2023-06-20,305.9231,-0.0106545535333719,0.0096818996613687,309.2,300.4257,305.8837,-0.0148455957450932,0.0140139917158186,-0.0038977995779412,308.12798,299.18173,6.958688582522669,306.125
2023-06-21,306.125,0.0006597520924367,0.0096396851554158,305.9231,303.2095,304.707,-0.0106545535333719,0.0092235169040882,-0.0038543052055057,308.71108,299.25263,7.02485602962455,306.9052
2023-06-22,306.9052,0.0025453898396638,0.0095795622476944,306.125,308.4828,303.2681,0.0006597520924367,0.0172421024132814,-0.004733426374153,308.39556000000005,299.434485,7.179649038356865,306.9543
2023-06-23,306.9543,0.0001599714596082,0.0095752235372629,306.9052,313.8245,303.05,0.0025453898396638,0.0171678243138875,-0.0007194243728064,307.02151999999995,299.6297,7.334537394231031,307.0
2023-06-26,307.0,0.0001488710155931,0.0090182656233009,306.9543,309.2,299.1118,0.0001599714596082,-0.0148455957450932,-0.0130803918511905,306.58152,300.02410999999995,7.515090970763222,308.1212
2023-06-27,308.1212,0.0036454644765086,0.0087503015264621,307.0,305.9231,296.6888,0.0001488710155931,-0.0106545535333719,-0.0081336385293991,307.02114,300.59573,7.681004727528843,308.83
2023-06-28,308.83,0.0022977516272016,0.0086419121481943,308.1212,306.125,295.5211,0.0036454644765086,0.0006597520924367,-0.003943539320401,307.56214,301.261175,7.793903929210805,308.1162
2023-07-04,308.1162,-0.0023139791395212,0.0081968286061191,308.83,306.9052,292.4557,0.0022977516272016,0.0025453898396638,-0.0104270364860076,307.80433999999997,302.04419999999993,7.648000239003251,306.2611
2023-07-05,306.2611,-0.0060389784513209,0.0083965030378552,308.1162,306.9543,292.2778,-0.0023139791395212,0.0001599714596082,-0.0006084823444832,307.6657,302.743365,7.341193392750755,306.9852
2023-07-06,306.9852,0.0023615318560107,0.0083803832610567,306.2611,307.0,292.3145,-0.0060389784513209,0.0001488710155931,0.0001255575896166,307.66274,303.4769,6.9677443122618,308.1957
2023-07-07,308.1957,0.003935432853375,0.0082985388497266,306.9852,308.1212,291.5413,0.0023615318560107,0.0036454644765086,-0.0026486007401326,307.67764,304.30962,6.441558447146448,311.5068
2023-07-10,311.5068,0.0106861970353263,0.0084252948898395,308.1957,308.83,291.2115,0.003935432853375,0.0022977516272016,-0.0011318694143028,308.213,305.324385,5.840077151822588,312.7857
2023-07-11,312.7857,0.0040971236688331,0.0083677818851342,311.5068,308.1162,290.9686,0.0106861970353263,-0.0023139791395212,-0.0008344497316017,309.1469,306.41524,4.99371651276859,313.9049
2023-07-12,313.9049,0.0035717822793616,0.0083133542004158,312.7857,306.2611,293.2079,0.0040971236688331,-0.0060389784513209,0.0076665561456039,310.67566,307.45009,4.193037927565467,314.5869
2023-07-13,314.5869,0.0021702757862251,0.0081558036190142,313.9049,306.9852,296.2449,0.0035717822793616,0.0023615318560107,0.0103045633962883,312.196,308.36719,3.5733376703318394,316.3556
2023-07-14,316.3556,0.0056065477694576,0.0077657800323385,314.5869,308.1957,300.4257,0.0021702757862251,0.003935432853375,0.0140139917158186,313.82798,309.163685,3.4842914044059925,319.1206
2023-07-17,319.1206,0.0087021904171976,0.0077431607288445,316.3556,311.5068,303.2095,0.0056065477694576,0.0106861970353263,0.0092235169040882,315.35074,309.95924,3.850462223572544,322.8065
2023-07-18,322.8065,0.0114839847345195,0.0072604124458562,319.1206,312.7857,308.4828,0.0087021904171976,0.0040971236688331,0.0172421024132814,317.3549,310.675425,4.7810421827833345,322.5265
2023-07-19,322.5265,-0.0008677690977234,0.006379123056569,322.8065,313.9049,313.8245,0.0114839847345195,0.0035717822793616,0.0171678243138875,319.07922,311.11052499999994,5.434073725443314,324.25
2023-07-20,324.25,0.0053295197939044,0.0051587920100549,322.5265,314.5869,309.2,-0.0008677690977234,0.0021702757862251,-0.0148455957450932,321.01184,311.863025,6.150415306120673,325.2204
2023-07-21,325.2204,0.0029882831369249,0.0041480109627914,324.25,316.3556,305.9231,0.0053295197939044,0.0056065477694576,-0.0106545535333719,322.7848,312.82788999999997,6.66191859846141,326.75
2023-07-24,326.75,0.0046922461708531,0.0041232093623929,325.2204,319.1206,306.125,0.0029882831369249,0.0087021904171976,0.0006597520924367,324.31068,313.85913999999997,7.1483119468054355,329.0
2023-07-25,329.0,0.0068623982610406,0.0041961776955885,326.75,322.8065,306.9052,0.0046922461708531,0.0114839847345195,0.0025453898396638,325.54938000000004,314.96387999999996,7.7028643365274165,329.4167
2023-07-26,329.4167,0.0012657639322785,0.0041572911524444,329.0,322.5265,306.9543,0.0068623982610406,-0.0008677690977234,0.0001599714596082,326.92742,316.087,8.10084766272856,329.3811
2023-07-27,329.3811,-0.0001080756494167,0.004168675278717,329.4167,324.25,307.0,0.0012657639322785,0.0053295197939044,0.0001488710155931,327.95364,317.206055,8.322337627669187,329.2804
2023-07-28,329.2804,-0.0003057716316639,0.0042550689650259,329.3811,325.2204,308.1212,-0.0001080756494167,0.0029882831369249,0.0036454644765086,328.76563999999996,318.264015,8.45058203465872,329.3566
2023-07-31,329.3566,0.0002313869410312,0.0043059999270476,329.2804,326.75,308.83,-0.0003057716316639,0.0046922461708531,0.0022977516272016,329.28696,319.290345,8.490899572171767,324.6497
2023-08-02,324.6497,-0.0143942994756099,0.0057334323967696,329.3566,329.0,308.1162,0.0002313869410312,0.0068623982610406,-0.0023139791395212,328.4169,320.11702,8.143468399087892,314.0972
2023-08-03,314.0972,-0.033044262735608,0.00969188066233,324.6497,329.4167,306.2611,-0.0143942994756099,0.0012657639322785,-0.0060389784513209,325.35299999999995,320.508825,7.612963197894466,318.4438
2023-08-04,318.4438,0.0137435151770189,0.010085926537567,314.0972,329.3811,306.9852,-0.033044262735608,-0.0001080756494167,0.0023615318560107,323.16553999999996,321.081755,6.943372014902945,318.4438
2023-08-07,318.4438,0.0,0.0100811244332194,318.4438,329.2804,308.1957,0.0137435151770189,-0.0003057716316639,0.003935432853375,320.99822000000006,321.59416,6.289737251845908,321.496
2023-08-08,321.496,0.0095390945972469,0.0100300557388229,318.4438,329.3566,311.5068,0.0,0.0002313869410312,0.0106861970353263,319.4261,322.09362,5.826078834055222,321.0833
2023-08-09,321.0833,-0.0012845108977059,0.010031110413897,321.496,324.6497,312.7857,0.0095390945972469,-0.0143942994756099,0.0040971236688331,318.71282,322.5085,5.408869716152373,320.2591
2023-08-10,320.2591,-0.0025702353492599,0.0100521896623949,321.0833,314.0972,313.9049,-0.0012845108977059,-0.033044262735608,0.0035717822793616,319.9452,322.82621,5.051735684202701,320.0006
2023-08-11,320.0006,-0.0008074848816685,0.010056027052151,320.2591,318.4438,314.5869,-0.0025702353492599,0.0137435151770189,0.0021702757862251,320.25656000000004,323.096895,4.721245766963749,319.9817
2023-08-14,319.9817,-5.90641335097169e-05,0.0099946881589409,320.0006,318.4438,316.3556,-0.0008074848816685,0.0,0.0056065477694576,320.56413999999995,323.2782,4.513809348164034,320.9366
2023-08-15,320.9366,0.0029797891761172,0.0098301832101887,319.9817,321.496,319.1206,-5.90641335097169e-05,0.0095390945972469,0.0087021904171976,320.45226,323.369,4.443490696334931,321.1804
2023-08-16,321.1804,0.000759363205507,0.0094730839858598,320.9366,321.0833,322.8065,0.0029797891761172,-0.0012845108977059,0.0114839847345195,320.47168,323.28769500000004,4.469127640351888,321.0863
2023-08-17,321.0863,-0.0002930246910616,0.0094719910095427,321.1804,320.2591,322.5265,0.000759363205507,-0.0025702353492599,-0.0008677690977234,320.63712,323.215685,4.493574059672021,321.8596
2023-08-18,321.8596,0.0024054912641466,0.009404086903209,321.0863,320.0006,324.25,-0.0002930246910616,-0.0008074848816685,0.0053295197939044,321.00892,323.09616500000004,4.496404453416611,323.2519
2023-08-21,323.2519,0.0043164698250359,0.0094336932795674,321.8596,319.9817,325.2204,0.0024054912641466,-5.90641335097169e-05,0.0029882831369249,321.66296,322.99774,4.468919194708757,323.935
2023-08-22,323.935,0.0021109829437893,0.0093792480859331,323.2519,320.9366,326.75,0.0043164698250359,0.0029797891761172,0.0046922461708531,322.26264000000003,322.85699,4.388119886081728,323.935
2023-08-23,323.935,0.0,0.0092225432922391,323.935,321.1804,329.0,0.0021109829437893,0.000759363205507,0.0068623982610406,322.81355999999994,322.60374,4.154890263975532,323.9704
2023-08-24,323.9704,0.0001092752121997,0.0092126898258199,323.935,321.0863,329.4167,0.0,-0.0002930246910616,0.0012657639322785,323.39038,322.331425,3.8523224397579985,324.05
2023-08-25,324.05,0.0002456712794855,0.0092144954003396,323.9704,321.8596,329.3811,0.0001092752121997,0.0024054912641466,-0.0001080756494167,323.82846,322.06487,3.507900305265095,323.8714
2023-08-28,323.8714,-0.0005513014526871,0.00921394355495,324.05,323.2519,329.2804,0.0002456712794855,0.0043164698250359,-0.0003057716316639,323.95236,321.79442,3.108043384272687,323.9093
2023-08-29,323.9093,0.0001170149096545,0.0092132868108605,323.8714,323.935,329.3566,-0.0005513014526871,0.0021109829437893,0.0002313869410312,323.94722,321.522055,2.609105887276583,322.6634
2023-08-31,322.6634,-0.0038538637404148,0.0086829797849663,323.9093,323.935,324.6497,0.0001170149096545,0.0,-0.0143942994756099,323.6929,321.42274000000003,2.5200717707814975,319.6472
2023-09-01,319.6472,-0.0093917869966985,0.0046753255899555,322.6634,323.9704,314.0972,-0.0038538637404148,0.0001092752121997,-0.033044262735608,322.82826,321.70024,1.9003234332455874,319.257
2023-09-04,319.257,-0.0012214665313336,0.0035757716319079,319.6472,324.05,318.4438,-0.0093917869966985,0.0002456712794855,0.0137435151770189,321.86966,321.7409,1.8345415228176978,320.3778
2023-09-05,320.3778,0.0035045033418942,0.0036542000755452,319.257,323.8714,318.4438,-0.0012214665313336,-0.0005513014526871,0.0,321.17094,321.8376,1.6974511043249052,321.9978
2023-09-06,321.9978,0.0050437888187916,0.0031611735598595,320.3778,323.9093,321.496,0.0035045033418942,0.0001170149096545,0.0095390945972469,320.78864,321.86269000000004,1.6958439615704288,321.995
2023-09-07,321.995,-8.69574939349042e-06,0.0031450637330848,321.9978,322.6634,321.0833,0.0050437888187916,-0.0038538637404148,-0.0012845108977059,320.65496,321.908275,1.686015942632414,322.3871
2023-09-08,322.3871,0.0012169799514696,0.0030866523787648,321.995,319.6472,320.2591,-8.69574939349042e-06,-0.0093917869966985,-0.0025702353492599,321.20294,322.014675,1.6430623112988294,321.6556
2023-09-11,321.6556,-0.0022715894910451,0.0031321051113062,322.3871,319.257,320.0006,0.0012169799514696,-0.0012214665313336,-0.0008074848816685,321.68266000000006,322.09742500000004,1.5766204181797123,322.2833
2023-09-12,322.2833,0.0019495644658634,0.0031535359536299,321.6556,320.3778,319.9817,-0.0022715894910451,0.0035045033418942,-5.90641335097169e-05,322.06375999999995,322.212505,1.4959998597910467,322.3823
2023-09-13,322.3823,0.0003071359811294,0.0030926445953466,322.2833,321.9978,320.9366,0.0019495644658634,0.0050437888187916,0.0029797891761172,322.14065999999997,322.28479,1.4657258014897303,323.3778
2023-09-14,323.3778,0.0030831907657572,0.0031567766550757,322.3823,321.995,321.1804,0.0003071359811294,-8.69574939349042e-06,0.000759363205507,322.41721999999993,322.39466,1.4609343734657418,323.3731
2023-09-15,323.3731,-1.4534189283848805e-05,0.0031544465173027,323.3778,322.3871,321.0863,0.0030831907657572,0.0012169799514696,-0.0002930246910616,322.61442,322.50899999999996,1.4425182998000163,323.375
2023-09-18,323.375,5.875548764644369e-06,0.0031177659758802,323.3731,321.6556,321.8596,-1.4534189283848805e-05,-0.0022715894910451,0.0024054912641466,322.95829999999995,322.58477,1.4464063570012768,323.7088
2023-09-19,323.7088,0.0010317057222218,0.0029746718032096,323.375,322.2833,323.2519,5.875548764644369e-06,0.0019495644658634,0.0043164698250359,323.2434,322.607615,1.4610320570963435,324.0
2023-09-20,324.0,0.0008991695639143,0.0029430987018546,323.7088,322.3823,323.935,0.0010317057222218,0.0003071359811294,0.0021109829437893,323.56694000000005,322.610865,1.4642090116366278,324.7013
2023-09-21,324.7013,0.0021621670041752,0.0029821628154193,324.0,323.3778,323.935,0.0008991695639143,0.0030831907657572,0.0,323.83164,322.64918,1.509992624100147,324.6121
2023-09-22,324.6121,-0.0002747517625883,0.0029834589408413,324.7013,323.3731,323.9704,0.0021621670041752,-1.4534189283848805e-05,0.0001092752121997,324.07944000000003,322.681265,1.5459338936196783,324.4375
2023-09-25,324.4375,-0.0005380174464684,0.0029865751581763,324.6121,323.375,324.05,-0.0002747517625883,5.875548764644369e-06,0.0002456712794855,324.29194,322.70064,1.5662852218562382,324.5999
2023-09-26,324.5999,0.000500433421523,0.0029845081909124,324.4375,323.7088,323.8714,-0.0005380174464684,0.0010317057222218,-0.0005513014526871,324.47015999999996,322.73706500000003,1.6029859060581344,324.4478
2023-09-27,324.4478,-0.0004686866705923,0.0029873321392391,324.5999,324.0,323.9093,0.000500433421523,0.0008991695639143,0.0001170149096545,324.55971999999997,322.76399000000004,1.62803874126119,323.5166
2023-10-02,323.5166,-0.002874233958133,0.0029268013420825,324.4478,324.7013,322.6634,-0.0004686866705923,0.0021621670041752,-0.0038538637404148,324.32277999999997,322.80665,1.6364209770731974,323.8
2023-10-03,323.8,0.0008756148632893,0.0018825493799357,323.5166,324.6121,319.6472,-0.002874233958133,-0.0002747517625883,-0.0093917869966985,324.16035999999997,323.01429,1.46937027682462,323.7654
2023-10-04,323.7654,-0.0001068617935205,0.0018404007578189,323.8,324.4375,319.257,0.0008756148632893,-0.0005380174464684,-0.0012214665313336,324.02594,323.23970999999995,1.179932775915116,323.7722
2023-10-05,323.7722,2.100264139171e-05,0.0017221683316158,323.7654,324.5999,320.3778,-0.0001068617935205,0.000500433421523,0.0035045033418942,323.86039999999997,323.40943,0.972503685337218,323.6946
2023-10-06,323.6946,-0.000239703411423,0.0013599866033748,323.7722,324.4478,321.9978,2.100264139171e-05,-0.0004686866705923,0.0050437888187916,323.70976,323.49427000000003,0.9151983133350298,323.6117
2023-10-09,323.6117,-0.0002561384014128,0.0013637067826419,323.6946,323.5166,321.995,-0.000239703411423,-0.002874233958133,-8.69574939349042e-06,323.72878000000003,323.575105,0.8444700745498381,323.6026
2023-10-10,323.6026,-2.812051588046232e-05,0.0013455589896985,323.6117,323.8,322.3871,-0.0002561384014128,0.0008756148632893,0.0012169799514696,323.6893,323.63588,0.7968686252382748,323.8082
2023-10-11,323.8082,0.0006351454344344,0.0012167042937678,323.6026,323.7654,321.6556,-2.812051588046232e-05,-0.0001068617935205,-0.0022715894910451,323.69786,323.74350999999996,0.6465085776242612,323.848
2023-10-12,323.848,0.0001229047141063,0.0011560563942855,323.8082,323.7722,322.2833,0.0006351454344344,2.100264139171e-05,0.0019495644658634,323.71302000000003,323.82174499999996,0.547616081872999,323.7977
2023-10-13,323.7977,-0.0001553318430157,0.0011593090029231,323.848,323.6946,322.3823,0.0001229047141063,-0.000239703411423,0.0003071359811294,323.73364000000004,323.892515,0.43080050856346885,323.86
2023-10-16,323.86,0.0001923855771101,0.0009435507299629,323.7977,323.6117,323.3778,-0.0001553318430157,-0.0002561384014128,0.0030831907657572,323.7833,323.916625,0.4136291459617658,323.9143
2023-10-17,323.9143,0.0001676509862376,0.0009435253495994,323.86,323.6026,323.3731,0.0001923855771101,-2.812051588046232e-05,-1.4534189283848805e-05,323.84564000000006,323.943685,0.39340841543670413,324.1357
2023-10-18,324.1357,0.0006832806376474,0.0009527019557164,323.9143,323.8082,323.375,0.0001676509862376,0.0006351454344344,5.875548764644369e-06,323.91114,323.98172,0.37170781903417266,324.38
2023-10-19,324.38,0.0007534127903333,0.0009406019690039,324.1357,323.848,323.7088,0.0006832806376474,0.0001229047141063,0.0010317057222218,324.01754,324.01527999999996,0.376044756007319,324.9747
2023-10-20,324.9747,0.0018316650861786,0.0010031469712549,324.38,323.7977,324.0,0.0007534127903333,-0.0001553318430157,0.0008991695639143,324.25293999999997,324.06401500000004,0.4328324560619129,325.0
2023-10-23,325.0,7.784918401528335e-05,0.0008843593988209,324.9747,323.86,324.7013,0.0018316650861786,0.0001923855771101,0.0021621670041752,324.48094000000003,324.07894999999996,0.4602636218225545,325.9017
2023-10-24,325.9017,0.0027706198241991,0.0010691080610598,325.0,323.9143,324.6121,7.784918401528335e-05,0.0001676509862376,-0.0002747517625883,324.87842,324.14342999999997,0.6061103192050772,327.1063
2023-10-25,327.1063,0.0036893923700139,0.0013072538304689,325.9017,324.1357,324.4375,0.0027706198241991,0.0006832806376474,-0.0005380174464684,325.47254000000004,324.27687000000003,0.8978342791022428,326.5647
2023-10-26,326.5647,-0.0016571031113072,0.0013860140203326,327.1063,324.38,324.5999,0.0036893923700139,0.0007534127903333,0.000500433421523,325.90948,324.37511,1.0324426131086422,326.5
2023-10-27,326.5,-0.0001981426961576,0.0013794035645465,326.5647,324.9747,324.4478,-0.0016571031113072,0.0018316650861786,-0.0004686866705923,326.21454,324.47772,1.1367570372240368,327.13
2023-10-30,327.13,0.0019276966941258,0.0012014561500502,326.5,325.0,323.5166,-0.0001981426961576,7.784918401528335e-05,-0.002874233958133,326.64054,324.65839,1.2567736311240982,327.3817
2023-10-31,327.3817,0.0007691230344937,0.0012001974698052,327.13,325.9017,323.8,0.0019276966941258,0.0027706198241991,0.0008756148632893,326.93654,324.837475,1.3774170040406781,327.6173
2023-11-01,327.6173,0.000719390442308,0.0011905778417292,327.3817,327.1063,323.7654,0.0007691230344937,0.0036893923700139,-0.0001068617935205,327.03874,325.03007,1.4847381481326476,328.0343
2023-11-02,328.0343,0.0012720172000691,0.0011918980611658,327.6173,326.5647,323.7722,0.000719390442308,-0.0016571031113072,2.100264139171e-05,327.33266000000003,325.243175,1.5963673587470266,329.0615
2023-11-03,329.0615,0.0031264872998223,0.0012924965580765,328.0343,326.5,323.6946,0.0012720172000691,-0.0001981426961576,-0.000239703411423,327.84496,325.51152,1.7645742983251687,328.9773
2023-11-06,328.9773,-0.000255911962819,0.0012924866158284,329.0615,327.13,323.6117,0.0031264872998223,0.0019276966941258,-0.0002561384014128,328.21441999999996,325.77979999999997,1.865526007942455,327.736
2023-11-07,327.736,-0.003780345177372,0.001646311400094,328.9773,327.3817,323.6026,-0.000255911962819,0.0007691230344937,-2.812051588046232e-05,328.28528,325.98647,1.840420822327614,327.1236
2023-11-08,327.1236,-0.001870325115553,0.0017389850400649,327.736,327.6173,323.8082,-0.003780345177372,0.000719390442308,0.0006351454344344,328.18654,326.15224,1.782287676110377,328.41
2023-11-09,328.41,0.0039247466530148,0.0018952893495394,327.1236,328.0343,323.848,-0.001870325115553,0.0012720172000691,0.0001229047141063,328.26168,326.38034000000005,1.763695341394596,328.461
2023-11-10,328.461,0.0001552816309517,0.0018891792921842,328.41,329.0615,323.7977,0.0039247466530148,0.0031264872998223,-0.0001553318430157,328.14158000000003,326.61350500000003,1.7117796557873552,327.193
2023-11-13,327.193,-0.0038678985588145,0.0021486369131681,328.461,328.9773,323.86,0.0001552816309517,-0.000255911962819,0.0001923855771101,327.78472,326.780155,1.5873211864379553,326.894
2023-11-14,326.894,-0.0009142515317587,0.0021712613633397,327.193,327.736,323.9143,-0.0038678985588145,-0.003780345177372,0.0001676509862376,327.61632,326.92914,1.4368841953828702,327.3643
2023-11-15,327.3643,0.0014376587381583,0.0021819100188941,326.894,327.1236,324.1357,-0.0009142515317587,-0.001870325115553,0.0006832806376474,327.6644600000001,327.09057,1.2792463225599415,328.6449
2023-11-16,328.6449,0.0039042184977693,0.002311412530648,327.3643,328.41,324.38,0.0014376587381583,0.0039247466530148,0.0007534127903333,327.71144000000004,327.30381500000004,1.1528508221699023,328.0732
2023-11-17,328.0732,-0.0017410823439141,0.0023532156864793,328.6449,328.461,324.9747,0.0039042184977693,0.0001552816309517,0.0018316650861786,327.63388,327.45874,1.0244222204139175,327.9164
2023-11-20,327.9164,-0.0004780563685345,0.002361415780818,328.0732,327.193,325.0,-0.0017410823439141,-0.0038678985588145,7.784918401528335e-05,327.77856,327.60456000000005,0.8484709984150509,328.0918
2023-11-21,328.0918,0.0005347494259362,0.0022976703363293,327.9164,326.894,325.9017,-0.0004780563685345,-0.0009142515317587,0.0027706198241991,328.01812,327.714065,0.7530989103059704,328.3919
2023-11-22,328.3919,0.0009142649570858,0.0021643568403621,328.0918,327.3643,327.1063,0.0005347494259362,0.0014376587381583,0.0036893923700139,328.22364,327.778345,0.7533589704704095,328.4842
2023-11-23,328.4842,0.0002810271240114,0.0021199466624589,328.3919,328.6449,326.5647,0.0009142649570858,0.0039042184977693,-0.0016571031113072,328.1915,327.87432,0.7117257792405582,328.7214
2023-11-24,328.7214,0.0007218441544004,0.0021187087793521,328.4842,328.0732,326.5,0.0002810271240114,-0.0017410823439141,-0.0001981426961576,328.32114,327.98539,0.6572100632648636,328.7498
2023-11-27,328.7498,8.639161690321949e-05,0.0020857923070788,328.7214,327.9164,327.13,0.0007218441544004,-0.0004780563685345,0.0019276966941258,328.48782,328.06638,0.645959884361216,329.0036
2023-11-28,329.0036,0.0007717178279759,0.0020858265759044,328.7498,328.0918,327.3817,8.639161690321949e-05,0.0005347494259362,0.0007691230344937,328.67018,328.147475,0.6571904281174541,329.509
2023-11-29,329.509,0.0015349747270836,0.002103444392214,329.0036,328.3919,327.6173,0.0007717178279759,0.0009142649570858,0.000719390442308,328.8936,328.24206,0.7108121473606797,329.0423
2023-11-30,329.0423,-0.0014173537524841,0.0021230901473171,329.509,328.4842,328.0343,0.0015349747270836,0.0002810271240114,0.0012720172000691,329.00522,328.29246,0.730761711751381,327.5552
2023-12-01,327.5552,-0.0045297234386094,0.0022455142200797,329.0423,328.7214,329.0615,-0.0014173537524841,0.0007218441544004,0.0031264872998223,328.77198,328.21714499999996,0.7249291692940704,327.9839
2023-12-04,327.9839,0.0013079313228277,0.0022716185275536,327.5552,328.7498,328.9773,-0.0045297234386094,8.639161690321949e-05,-0.000255911962819,328.6188,328.167475,0.7038297168975793,328.0314
2023-12-05,328.0314,0.0001448136959092,0.0021050245637573,327.9839,329.0036,327.736,0.0013079313228277,0.0007717178279759,-0.003780345177372,328.42436,328.18224499999997,0.6973684297479915,328.0175
2023-12-06,328.0175,-4.237489004890837e-05,0.0020566114692514,328.0314,329.509,327.1236,0.0001448136959092,0.0015349747270836,-0.001870325115553,328.12606,328.22693999999996,0.6531942013099735,327.1342
2023-12-07,327.1342,-0.0026964763586966,0.001944567800633,328.0175,329.0423,328.41,-4.237489004890837e-05,-0.0014173537524841,0.0039247466530148,327.74444000000005,328.16315,0.6953142829675312,326.59
2023-12-08,326.59,-0.0016649226866889,0.0019697614953802,327.1342,327.5552,328.461,-0.0026964763586966,-0.0045297234386094,0.0001552816309517,327.55139999999994,328.0696,0.774489011164421,326.9314
2023-12-11,326.9314,0.001044801382346,0.0017983894783524,326.59,327.9839,327.193,-0.0016649226866889,0.0013079313228277,-0.0038678985588145,327.3409,328.05652,0.7920819100345083,327.1808
2023-12-12,327.1808,0.0007625603438842,0.0017945688026045,326.9314,328.0314,326.894,0.001044801382346,0.0001448136959092,-0.0009142515317587,327.17078000000004,328.07086,0.7722762441358341,327.0966
2023-12-13,327.0966,-0.0002573831847616,0.0017650621090761,327.1808,328.0175,327.3643,0.0007625603438842,-4.237489004890837e-05,0.0014376587381583,326.9866,328.05747499999995,0.7873397480180829,326.7793
2023-12-14,326.7793,-0.0009705206290848,0.0015097138663447,327.0966,327.1342,328.6449,-0.0002573831847616,-0.0026964763586966,0.0039042184977693,326.91562,327.96419499999996,0.8237530841528177,326.7231
2023-12-15,326.7231,-0.0001719963083182,0.0014702998018009,326.7793,326.59,328.0732,-0.0009705206290848,-0.0016649226866889,-0.0017410823439141,326.94223999999997,327.89669,0.8684562812943994,326.9856
2023-12-18,326.9856,0.0008031100522574,0.0014856603299637,326.7231,326.9314,327.9164,-0.0001719963083182,0.001044801382346,-0.0004780563685345,326.95307999999994,327.85015,0.8919666919045044,326.9249
2023-12-19,326.9249,-0.0001856523183962,0.0014770940132345,326.9856,327.1808,328.0918,0.0008031100522574,0.0007625603438842,0.0005347494259362,326.90189999999996,327.79180499999995,0.9132388016912312,326.9605
2023-12-20,326.9605,0.0001088875819377,0.0014565806925266,326.9249,327.0966,328.3919,-0.0001856523183962,-0.0002573831847616,0.0009142649570858,326.87468,327.720235,0.9197999143227397,326.9669
2023-12-21,326.9669,1.957403834176008e-05,0.0014530312468257,326.9605,326.7793,328.4842,0.0001088875819377,-0.0009705206290848,0.0002810271240114,326.9122,327.64437000000004,0.916037430339424,326.3519
2023-12-22,326.3519,-0.001882695497689,0.0014795651806826,326.9669,326.7231,328.7214,1.957403834176008e-05,-0.0001719963083182,0.0007218441544004,326.83796,327.525895,0.9226142910052159,325.7409
2023-12-27,325.7409,-0.0018739669531903,0.0015128762837209,326.3519,326.9856,328.7498,-0.001882695497689,0.0008031100522574,8.639161690321949e-05,326.58902,327.37545,0.9572085294964391,324.2268
2023-12-28,324.2268,-0.0046590091747628,0.001749133451262,325.7409,326.9249,329.0036,-0.0018739669531903,-0.0001856523183962,0.0007717178279759,326.0494,327.13661,1.1128661123866728,323.9233
2023-12-29,323.9233,-0.0009365115339245,0.001665923641933,324.2268,326.9605,329.509,-0.0046590091747628,0.0001088875819377,0.0015349747270836,325.44196,326.857325,1.1847290011549423,323.9902
2024-01-01,323.9902,0.0002065090486239,0.0016766027867095,323.9233,326.9669,329.0423,-0.0009365115339245,1.957403834176008e-05,-0.0014173537524841,324.84662000000003,326.60472,1.2319897814826117,323.1861
2024-01-02,323.1861,-0.0024849501249501,0.0014871441376222,323.9902,326.3519,327.5552,0.0002065090486239,-0.001882695497689,-0.0045297234386094,324.21346,326.386265,1.4265762537106945,321.12
2024-01-03,321.12,-0.0064134332483239,0.0018930950105624,323.1861,325.7409,327.9839,-0.0024849501249501,-0.0018739669531903,0.0013079313228277,323.28928,326.04307,1.7990162464067532,322.2375
2024-01-04,322.2375,0.003473966259423,0.0021352518664745,321.12,324.2268,328.0314,-0.0064134332483239,-0.0046590091747628,0.0001448136959092,322.89142000000004,325.753375,1.924128956961991,322.4275
2024-01-05,322.4275,0.0005894534541237,0.0021530682907177,322.2375,323.9233,328.0175,0.003473966259423,-0.0009365115339245,-4.237489004890837e-05,322.59226,325.473875,1.983032633929698,322.4406
2024-01-08,322.4406,4.0628463407726185e-05,0.0021168391566507,322.4275,323.9902,327.1342,0.0005894534541237,0.0002065090486239,-0.0026964763586966,322.28234000000003,325.239195,2.052707252045099,322.4136
2024-01-09,322.4136,-8.373985938476979e-05,0.0021093057547668,322.4406,323.1861,326.59,4.0628463407726185e-05,-0.0024849501249501,-0.0016649226866889,322.12784,325.030375,2.1194057173175977,322.6356
2024-01-10,322.6356,0.0006883196158216,0.002095750831636,322.4136,321.12,326.9314,-8.373985938476979e-05,-0.0064134332483239,0.001044801382346,322.43096,324.815585,2.1342333476890367,322.83
2024-01-11,322.83,0.0006023558989909,0.0020903211850882,322.6356,322.2375,327.1808,0.0006883196158216,0.003473966259423,0.0007625603438842,322.54946,324.598045,2.1019529819641334,322.6884
2024-01-12,322.6884,-0.0004387171683135,0.0020888329685363,322.83,322.4275,327.0966,0.0006023558989909,0.0005894534541237,-0.0002573831847616,322.60164,324.377635,2.056802270328862,322.2038
2024-01-16,322.2038,-0.0015028871219487,0.0020961304375008,322.6884,322.4406,326.7793,-0.0004387171683135,4.0628463407726185e-05,-0.0009705206290848,322.55427999999995,324.14886,2.029896028292403,321.7534
2024-01-17,321.7534,-0.0013988509591775,0.0020976613343137,322.2038,322.4136,326.7231,-0.0015028871219487,-8.373985938476979e-05,-0.0001719963083182,322.42224,323.900375,2.00217908864799,321.2243
2024-01-18,321.2243,-0.0016457806217117,0.0020725482561928,321.7534,322.6356,326.9856,-0.0013988509591775,0.0006883196158216,0.0008031100522574,322.13998000000004,323.61231000000004,1.9486680495292248,320.8826
2024-01-19,320.8826,-0.0010643088627615,0.0020661610740067,321.2243,322.83,326.9249,-0.0016457806217117,0.0006023558989909,-0.0001856523183962,321.7505,323.310195,1.875063941216582,320.5246
2024-01-22,320.5246,-0.0011162956610895,0.0020517645466522,320.8826,322.6884,326.9605,-0.0010643088627615,-0.0004387171683135,0.0001088875819377,321.31774,322.9884,1.7646410602645484,320.0536
2024-01-23,320.0536,-0.0014705467181944,0.0020400426740592,320.5246,322.2038,326.9669,-0.0011162956610895,-0.0015028871219487,1.957403834176008e-05,320.88770000000005,322.642735,1.6150624284065347,319.9412
2024-01-24,319.9412,-0.0003512528575409,0.0020366127970636,320.0536,321.7534,326.3519,-0.0014705467181944,-0.0013988509591775,-0.001882695497689,320.52526,322.3222,1.4697948109543078,319.1591
2024-01-26,319.1591,-0.0024475043758116,0.0020536524376038,319.9412,321.2243,325.7409,-0.0003512528575409,-0.0016457806217117,-0.0018739669531903,320.11222000000004,321.99311,1.3991976328155011,317.5185
2024-01-29,317.5185,-0.0051536401820765,0.0021021795419833,319.1591,320.8826,324.2268,-0.0024475043758116,-0.0010643088627615,-0.0046590091747628,319.43940000000003,321.657695,1.621890149589134,317.9432
2024-01-30,317.9432,0.0013366661223908,0.0021687717634634,317.5185,320.5246,323.9233,-0.0051536401820765,-0.0011162956610895,-0.0009365115339245,318.92312000000004,321.35869,1.7298684583067814,317.4089
2024-01-31,317.4089,-0.0016819024473267,0.0021576891338973,317.9432,320.0536,323.9902,0.0013366661223908,-0.0014705467181944,0.0002065090486239,318.39417999999995,321.029625,1.8262237923815134,316.1275
2024-02-01,316.1275,-0.0040452348038532,0.002239853928996,317.4089,319.9412,323.1861,-0.0016819024473267,-0.0003512528575409,-0.0024849501249501,317.63144,320.676695,2.0552375563723317,314.0218
2024-02-02,314.0218,-0.0066832029730747,0.002274060586588,316.1275,319.1591,321.12,-0.0040452348038532,-0.0024475043758116,-0.0064134332483239,316.60398,320.32178500000003,2.532191819720612,311.4132
2024-02-05,311.4132,-0.0083417625384001,0.0025379290125776,314.0218,317.5185,322.2375,-0.0066832029730747,-0.0051536401820765,0.003473966259423,315.38292,319.78057,3.176083006686012,312.2364
2024-02-06,312.2364,0.0026399455017521,0.0026734403594588,311.4132,317.9432,322.4275,-0.0083417625384001,0.0013366661223908,0.0005894534541237,314.24156000000005,319.271015,3.527171959795075,314.0343
2024-02-07,314.0343,0.0057416223979897,0.0031241687915683,312.2364,317.4089,322.4406,0.0026399455017521,-0.0016819024473267,4.0628463407726185e-05,313.56664,318.8507,3.62898796665076,313.2212
2024-02-08,313.2212,-0.0025925654073354,0.0031222491999696,314.0343,316.1275,322.4136,0.0057416223979897,-0.0040452348038532,-8.373985938476979e-05,312.98537999999996,318.39108,3.734571930178176,313.5869
2024-02-09,313.5869,0.0011668644406283,0.003141244445303,313.2212,314.0218,322.6356,-0.0025925654073354,-0.0066832029730747,0.0006883196158216,312.89840000000004,317.938645,3.741402561306852,313.0338
2024-02-12,313.0338,-0.0017653427141545,0.0031053335037438,313.5869,311.4132,322.83,0.0011668644406283,-0.0083417625384001,0.0006023558989909,313.22252000000003,317.44883500000003,3.7084373457897337,313.2487
2024-02-13,313.2487,0.0006862717972615,0.0031363795994237,313.0338,312.2364,322.6884,-0.0017653427141545,0.0026399455017521,-0.0004387171683135,313.42498,316.97685,3.605772705200494,313.4241
2024-02-14,313.4241,0.0005597817699452,0.0031694812985026,313.2487,314.0343,322.2038,0.0006862717972615,0.0057416223979897,-0.0015028871219487,313.30294000000004,316.537865,3.467724939657322,313.1705
2024-02-15,313.1705,-0.0008094548336257,0.0031720490890358,313.4241,313.2212,321.7534,0.0005597817699452,-0.0025925654073354,-0.0013988509591775,313.29280000000006,316.10872000000006,3.3160791842793356,312.8934
2024-02-16,312.8934,-0.0008852132125641,0.0031728991680828,313.1705,313.5869,321.2243,-0.0008094548336257,0.0011668644406283,-0.0016457806217117,313.1541,315.692175,3.1591985259197806,312.4391
2024-02-19,312.4391,-0.0014529872665355,0.0031724805619537,312.8934,313.0338,320.8826,-0.0008852132125641,-0.0017653427141545,-0.0010643088627615,313.03516,315.27,2.9886409678524806,312.2604
2024-02-20,312.2604,-0.0005721150885322,0.0031767702646766,312.4391,313.2487,320.5246,-0.0014529872665355,0.0006862717972615,-0.0011162956610895,312.8375,314.85679,2.7885059457275068,312.0305
2024-02-21,312.0305,-0.000736515654457,0.0031790095212272,312.2604,313.4241,320.0536,-0.0005721150885322,0.0005597817699452,-0.0014705467181944,312.55877999999996,314.455635,2.5700923297493565,311.6802
2024-02-22,311.6802,-0.0011232773041496,0.0031719537487364,312.0305,313.1705,319.9412,-0.000736515654457,-0.0008094548336257,-0.0003512528575409,312.26072,314.042585,2.2907310612586786,311.1185
2024-02-26,311.1185,-0.0018037935926936,0.0031630358176952,311.6802,312.8934,319.1591,-0.0011232773041496,-0.0008852132125641,-0.0024475043758116,311.90574000000004,313.640555,2.0370323102789594,310.7593
2024-02-27,310.7593,-0.0011552110075207,0.0030285360711316,311.1185,312.4391,317.5185,-0.0018037935926936,-0.0014529872665355,-0.0051536401820765,311.56978,313.302595,1.9169513316349889,310.7494
2024-02-28,310.7494,-3.185796112219705e-05,0.0029863246903377,310.7593,312.2604,317.9432,-0.0011552110075207,-0.0005721150885322,0.0013366661223908,311.26758,312.942905,1.6577632008107492,310.1532
2024-02-29,310.1532,-0.0019204306222417,0.0029890597597908,310.7494,312.0305,317.4089,-3.185796112219705e-05,-0.000736515654457,-0.0016819024473267,310.89212,312.58011999999997,1.4033884050243863,309.8946
2024-03-01,309.8946,-0.000834129288077,0.002910931195318,310.1532,311.6802,316.1275,-0.0019204306222417,-0.0011232773041496,-0.0040452348038532,310.53499999999997,312.26847499999997,1.258782661255643,309.1297
2024-03-04,309.1297,-0.0024713097346712,0.0026151316359162,309.8946,311.1185,314.0218,-0.000834129288077,-0.0018037935926936,-0.0066832029730747,310.13724,312.02387,1.3705025932074328,308.1077
2024-03-05,308.1077,-0.0033115327553343,0.0020255427829147,309.1297,310.7593,311.4132,-0.0024713097346712,-0.0011552110075207,-0.0083417625384001,309.60692,311.858595,1.6239072910612637,307.9685
2024-03-06,307.9685,-0.0004518921599919,0.0018836022540574,308.1077,310.7494,312.2364,-0.0033115327553343,-3.185796112219705e-05,0.0026399455017521,309.05074,311.6452,1.8379590637411345,307.8186
2024-03-07,307.8186,-0.0004868565871577,0.0011278760913087,307.9685,310.1532,314.0343,-0.0004518921599919,-0.0019204306222417,0.0057416223979897,308.58382,311.334415,1.9356367007059176,307.5613
2024-03-11,307.5613,-0.0008362314563532,0.001063876330789,307.8186,309.8946,313.2212,-0.0004868565871577,-0.000834129288077,-0.0025925654073354,308.11716,311.05142,2.055311668922517,307.0298
2024-03-12,307.0298,-0.0017296056923053,0.000957890487131,307.5613,309.1297,313.5869,-0.0008362314563532,-0.0024713097346712,0.0011668644406283,307.69718,310.723565,2.1503586683115516,306.5707
2024-03-13,306.5707,-0.0014964136622123,0.0009492663434364,307.0298,308.1077,313.0338,-0.0017296056923053,-0.0033115327553343,-0.0017653427141545,307.38978000000003,310.40041,2.2673578933914764,306.2613
2024-03-14,306.2613,-0.0010097384806535,0.000858010475195,306.5707,307.9685,313.2487,-0.0014964136622123,-0.0004518921599919,0.0006862717972615,307.04834,310.05104,2.3424639776791687,305.6448
2024-03-15,305.6448,-0.0020150157306728,0.0007811759345534,306.2613,307.8186,313.4241,-0.0010097384806535,-0.0004868565871577,0.0005597817699452,306.61358,309.662075,2.3981040098296877,305.2394
2024-03-18,305.2394,-0.001327256653595,0.0007741224804314,305.6448,307.5613,313.1705,-0.0020150157306728,-0.0008362314563532,-0.0008094548336257,306.1492,309.26552,2.4427448410576456,304.637
2024-03-19,304.637,-0.0019754828877035,0.0007830053400647,305.2394,307.0298,312.8934,-0.001327256653595,-0.0017296056923053,-0.0008852132125641,305.67064,308.8527,2.4944815077724907,303.9755
2024-03-20,303.9755,-0.0021737978121956,0.0008049037156202,304.637,306.5707,312.4391,-0.0019754828877035,-0.0014964136622123,-0.0014529872665355,305.15160000000003,308.42952,2.5707822943278105,304.3412
2024-03-21,304.3412,0.0012023343894879,0.0009771996540447,303.9755,306.2613,312.2604,-0.0021737978121956,-0.0010097384806535,-0.0005721150885322,304.76758,308.03355999999997,2.5595285637846046,303.9446
2024-03-22,303.9446,-0.0013039924857629,0.0009686552912912,304.3412,305.6448,312.0305,0.0012023343894879,-0.0020150157306728,-0.000736515654457,304.42753999999996,307.62926500000003,2.53343451594715,303.5486
2024-03-25,303.5486,-0.0013037184814232,0.0009676371993051,303.9446,305.2394,311.6802,-0.0013039924857629,-0.001327256653595,-0.0011232773041496,304.08938,307.222685,2.5014009235379464,302.751
2024-03-26,302.751,-0.0026310439924695,0.0010062359160923,303.5486,304.637,311.1185,-0.0013037184814232,-0.0019754828877035,-0.0018037935926936,303.71218,306.80431,2.5152269379432504,302.0263
2024-03-27,302.0263,-0.0023965858072614,0.0010307223145996,302.751,303.9755,310.7593,-0.0026310439924695,-0.0021737978121956,-0.0011552110075207,303.32234,306.36766,2.5502851610189055,301.1837
2024-03-28,301.1837,-0.002793722080313,0.0010191658924153,302.0263,304.3412,310.7494,-0.0023965858072614,0.0012023343894879,-3.185796112219705e-05,302.69084,305.889375,2.5820615863384773,300.4081
2024-04-01,300.4081,-0.0025784940211059,0.0010416757674983,301.1837,303.9446,310.1532,-0.002793722080313,-0.0013039924857629,-0.0019204306222417,301.98354,305.40212,2.65359361077478,300.1378
2024-04-02,300.1378,-0.00090018104612,0.0010392342563968,300.4081,303.5486,309.8946,-0.0025784940211059,-0.0013037184814232,-0.000834129288077,301.30138,304.91428,2.680932213868006,299.9632
2024-04-03,299.9632,-0.0005819020629087,0.0010416891828972,300.1378,302.751,309.1297,-0.00090018104612,-0.0026310439924695,-0.0024713097346712,300.74382,304.455955,2.7057710687115124,299.8867
2024-04-04,299.8867,-0.0002550638098453,0.0009853996170924,299.9632,302.0263,308.1077,-0.0005819020629087,-0.0023965858072614,-0.0033115327553343,300.3159,304.044905,2.745966919236163,299.8185
2024-04-05,299.8185,-0.0002274450856655,0.0009973979597781,299.8867,301.1837,307.9685,-0.0002550638098453,-0.002793722080313,-0.0004518921599919,300.04286,303.63740500000006,2.7377778985044308,299.3771
2024-04-08,299.3771,-0.0014733088154963,0.0009771203748175,299.8185,300.4081,307.8186,-0.0002274450856655,-0.0025784940211059,-0.0004868565871577,299.83666,303.21533,2.7098066503345293,298.9576
2024-04-09,298.9576,-0.0014022254391607,0.0009683848582378,299.3771,300.1378,307.5613,-0.0014733088154963,-0.00090018104612,-0.0008362314563532,299.60062,302.78514499999994,2.666138705963002,298.6751
2024-04-10,298.6751,-0.0009453967998772,0.0009710036782181,298.9576,299.9632,307.0298,-0.0014022254391607,-0.0005819020629087,-0.0017296056923053,299.34299999999996,302.36741,2.620194243680849,298.4963
2024-04-15,298.4963,-0.0005988230693664,0.000985940103958,298.6751,299.8867,306.5707,-0.0009453967998772,-0.0002550638098453,-0.0014964136622123,299.06492,301.96369,2.5598210120173586,298.9094
2024-04-16,298.9094,0.001382979994474,0.0011576441160502,298.4963,299.8185,306.2613,-0.0005988230693664,-0.0002274450856655,-0.0010097384806535,298.8831,301.596095,2.435026236422412,299.8253
2024-04-17,299.8253,0.0030594542605323,0.0014833308334938,298.9094,299.3771,305.6448,0.001382979994474,-0.0014733088154963,-0.0020150157306728,298.97274,301.30512,2.26771478309336,300.9111
2024-04-18,300.9111,0.0036149005866507,0.0017975191649406,299.8253,298.9576,305.2394,0.0030594542605323,-0.0014022254391607,-0.001327256653595,299.36343999999997,301.088705,2.0704443968593864,301.2744
2024-04-19,301.2744,0.0012066050878915,0.0018206709342835,300.9111,298.6751,304.637,0.0036149005866507,-0.0009453967998772,-0.0019754828877035,299.8833,300.920575,1.8963509459963162,302.0
2024-04-22,302.0,0.0024055399993692,0.0018928886547979,301.2744,298.4963,303.9755,0.0012066050878915,-0.0005988230693664,-0.0021737978121956,300.58404,300.82180000000005,1.7765171849457035,301.4613
2024-04-24,301.4613,-0.0017853676552046,0.0018837969078001,302.0,298.9094,304.3412,0.0024055399993692,0.001382979994474,0.0012023343894879,301.09442,300.67780500000003,1.5823424599265212,298.7161
2024-04-25,298.7161,-0.0091480257158174,0.0027035718829367,301.4613,299.8253,303.9446,-0.0017853676552046,0.0030594542605323,-0.0013039924857629,300.87258,300.41638,1.439697005252706,297.1631
2024-04-26,297.1631,-0.0052124776841995,0.0028727451500534,298.7161,300.9111,303.5486,-0.0091480257158174,0.0036149005866507,-0.0013037184814232,300.12298,300.09710499999994,1.4163726834350008,296.2033
2024-04-29,296.2033,-0.003235103427147,0.0028932009314557,297.1631,301.2744,302.751,-0.0052124776841995,0.0012066050878915,-0.0026310439924695,299.10875999999996,299.76972,1.5233456934229417,296.8561
2024-04-30,296.8561,0.0022014667119251,0.002965954415165,296.2033,302.0,302.0263,-0.003235103427147,0.0024055399993692,-0.0023965858072614,298.07998000000003,299.51121,1.5585340571348052,297.602
2024-05-02,297.602,0.002509513762036,0.0030208422225556,296.8561,301.4613,301.1837,0.0022014667119251,-0.0017853676552046,-0.002793722080313,297.30812,299.332125,1.5620157526200658,296.7992
2024-05-03,296.7992,-0.0027012074946592,0.0030251976711851,297.602,298.7161,300.4081,0.002509513762036,-0.0091480257158174,-0.0025784940211059,296.92474000000004,299.15168,1.637789747956716,297.1335
2024-05-06,297.1335,0.0011257168877995,0.003048595979495,296.7992,297.1631,300.1378,-0.0027012074946592,-0.0052124776841995,-0.00090018104612,296.91882,299.001465,1.67981948975774,297.7495
2024-05-07,297.7495,0.0020709962132719,0.0031022249572541,297.1335,296.2033,299.9632,0.0011257168877995,-0.003235103427147,-0.0005819020629087,297.22806,298.89078,1.6860345194026374,299.6247
2024-05-08,299.6247,0.0062781625296082,0.0034405296947262,297.7495,296.8561,299.8867,0.0020709962132719,0.0022014667119251,-0.0002550638098453,297.78177999999997,298.87768,1.6788919486834524,298.7068
2024-05-09,298.7068,-0.0030682012231736,0.0035065201284969,299.6247,297.602,299.8185,0.0062781625296082,0.002509513762036,-0.0002274450856655,298.00274,298.822095,1.66444473417331,298.6317
2024-05-10,298.6317,-0.0002514487192627,0.0034935265100621,298.7068,296.7992,299.3771,-0.0030682012231736,-0.0027012074946592,-0.0014733088154963,298.36924000000005,298.784825,1.6597017461489518,298.7882
2024-05-13,298.7882,0.0005239196202865,0.0034829868650258,298.6317,297.1335,298.9576,-0.0002514487192627,0.0011257168877995,-0.0014022254391607,298.70018,298.776355,1.6592057898637063,299.8957
2024-05-14,299.8957,0.0036997863591343,0.0035723484637885,298.7882,297.7495,298.6751,0.0005239196202865,0.0020709962132719,-0.0009453967998772,299.12942000000004,298.837385,1.6776314858694137,300.834
2024-05-15,300.834,0.0031238700634853,0.0036249180894425,299.8957,299.6247,298.4963,0.0036997863591343,0.0062781625296082,-0.0005988230693664,299.37128,298.95427,1.7331351431153597,302.2475
2024-05-16,302.2475,0.0046876005591479,0.0037458578557909,300.834,298.7068,298.9094,0.0031238700634853,-0.0030682012231736,0.001382979994474,300.07942,299.121175,1.8828533218052605,301.3081
2024-05-17,301.3081,-0.0031128888823876,0.0037827678242942,302.2475,298.6317,299.8253,0.0046876005591479,-0.0002514487192627,0.0030594542605323,300.61469999999997,299.19531500000005,1.9403541476158312,299.8755
2024-05-20,299.8755,-0.004765940759844,0.0038535468593459,301.3081,298.7882,300.9111,-0.0031128888823876,0.0005239196202865,0.0036149005866507,300.83216000000004,299.143535,1.9056649653795965,299.8265
2024-05-21,299.8265,-0.0001634144962299,0.0038398964712946,299.8755,299.8957,301.2744,-0.004765940759844,0.0036997863591343,0.0012066050878915,300.81831999999997,299.07113999999996,1.8470553388075062,299.7458
2024-05-22,299.7458,-0.0002691918905772,0.0037891178834691,299.8265,300.834,302.0,-0.0001634144962299,0.0031238700634853,0.0024055399993692,300.60068,298.95843,1.7235753751359972,299.9863
2024-05-27,299.9863,0.0008020248137185,0.0037825804601582,299.7458,302.2475,301.4613,-0.0002691918905772,0.0046876005591479,-0.0017853676552046,300.14844000000005,298.88468,1.6403931918217638,300.4217
2024-05-28,300.4217,0.0014503473515417,0.0031610256207635,299.9863,301.3081,298.7161,0.0008020248137185,-0.0031128888823876,-0.0091480257158174,299.97116,298.96996,1.675134941111641,301.2717
2024-05-29,301.2717,0.0028253611072972,0.0029276864210286,300.4217,299.8755,297.1631,0.0014503473515417,-0.004765940759844,-0.0052124776841995,300.2504,299.17539,1.6937143644373915,301.51
2024-05-30,301.51,0.0007906677074454,0.0027784565240531,301.2717,299.8265,296.2033,0.0028253611072972,-0.0001634144962299,-0.003235103427147,300.5871,299.44072500000004,1.6175636367084885,301.8883
2024-05-31,301.8883,0.0012538982942627,0.0027629133550661,301.51,299.7458,296.8561,0.0007906677074454,-0.0002691918905772,0.0022014667119251,301.0156,299.692335,1.5854256510515277,301.8946
2024-06-03,301.8946,2.08684280400496e-05,0.0027397323013422,301.8883,299.9863,297.602,0.0012538982942627,0.0008020248137185,0.002509513762036,301.39726,299.906965,1.578091208511282,301.9524
2024-06-04,301.9524,0.0001914392227717,0.0026237352570081,301.8946,300.4217,296.7992,2.08684280400496e-05,0.0014503473515417,-0.0027012074946592,301.7034,300.164625,1.460261204414283,302.1706
2024-06-05,302.1706,0.0007223694826661,0.0026231409154897,301.9524,301.2717,297.1335,0.0001914392227717,0.0028253611072972,0.0011257168877995,301.88318,300.41648,1.339333908127303,302.2895
2024-06-06,302.2895,0.0003934089331405,0.0026085042033766,302.1706,301.51,297.7495,0.0007223694826661,0.0007906677074454,0.0020709962132719,302.03908,300.64348,1.2449335774234644,302.7081
2024-06-07,302.7081,0.001383807363199,0.0022709828916604,302.2895,301.8883,299.6247,0.0003934089331405,0.0012538982942627,0.0062781625296082,302.20304,300.79765,1.3017540375187542,302.6971
2024-06-10,302.6971,-3.633929804781075e-05,0.0021152783680195,302.7081,301.8946,298.7068,0.001383807363199,2.08684280400496e-05,-0.0030682012231736,302.36353999999994,300.997165,1.2698288277772942,303.031
2024-06-11,303.031,0.0011024749679598,0.0021061006828412,302.6971,301.9524,298.6317,-3.633929804781075e-05,0.0001914392227717,-0.0002514487192627,302.57926,301.21713,1.2185022709464428,303.4547
2024-06-12,303.4547,0.0013972302032207,0.0021106251646183,303.031,302.1706,298.7882,0.0011024749679598,0.0007223694826661,0.0005239196202865,302.83608,301.45045500000003,1.1749225136652373,303.738
2024-06-13,303.738,0.0009331469912509,0.0019964076776206,303.4547,302.2895,299.8957,0.0013972302032207,0.0003934089331405,0.0036997863591343,303.12577999999996,301.64257,1.2205661089866926,303.8309
2024-06-14,303.8309,0.0003058089402665,0.0019091567522936,303.738,302.7081,300.834,0.0009331469912509,0.001383807363199,0.0031238700634853,303.35033999999996,301.792415,1.29760474002216,303.95
2024-06-18,303.95,0.0003919175529356,0.0016346291873523,303.8309,302.6971,302.2475,0.0003058089402665,-3.633929804781075e-05,0.0046876005591479,303.60092,301.87754,1.3821213391726512,304.4205
2024-06-19,304.4205,0.0015467551230839,0.0014467327788999,303.95,303.031,301.3081,0.0003919175529356,0.0011024749679598,-0.0031128888823876,303.87882,302.03316,1.4859510597546266,305.2787
2024-06-20,305.2787,0.0028151605472951,0.0008679721297972,304.4205,303.4547,299.8755,0.0015467551230839,0.0013972302032207,-0.004765940759844,304.24362,302.30332000000004,1.562239707864335,305.4303
2024-06-24,305.4303,0.0004964721434067,0.0008377204666283,305.2787,303.738,299.8265,0.0028151605472951,0.0009331469912509,-0.0001634144962299,304.58208,302.58351000000005,1.5967813526910233,305.3208
2024-06-25,305.3208,-0.0003585748799248,0.0008446414475374,305.4303,303.8309,299.7458,0.0004964721434067,0.0003058089402665,-0.0002691918905772,304.88006,302.86226,1.5615550671607767,305.4034
2024-06-26,305.4034,0.0002704985343746,0.0008568692591666,305.3208,303.95,299.9863,-0.0003585748799248,0.0003919175529356,0.0008020248137185,305.17074,303.133115,1.5052474579779989,305.3403
2024-06-27,305.3403,-0.0002066333233546,0.0008801206845121,305.4034,304.4205,300.4217,0.0002704985343746,0.0015467551230839,0.0014503473515417,305.3547,303.379045,1.439296087259984,305.7065
2024-06-28,305.7065,0.0011985990069547,0.0007497758068289,305.3403,305.2787,301.2717,-0.0002066333233546,0.0028151605472951,0.0028253611072972,305.44025999999997,303.600785,1.4391639127090607,306.0182
2024-07-01,306.0182,0.0010190859613022,0.0007524729906954,305.7065,305.4303,301.51,0.0011985990069547,0.0004964721434067,0.0007906677074454,305.55784,303.826195,1.4474838893610766,305.8234
2024-07-02,305.8234,-0.0006367661387591,0.0008019248432449,306.0182,305.3208,301.8883,0.0010190859613022,-0.0003585748799248,0.0012538982942627,305.65836,304.02295,1.4376172312790447,303.5236
2024-07-03,303.5236,-0.0075484442198514,0.0020017787858148,305.8234,305.4034,301.8946,-0.0006367661387591,0.0002704985343746,2.08684280400496e-05,305.28239999999994,304.1044,1.3544258332891361,304.0552
2024-07-04,304.0552,0.0017498969208694,0.0020287489985658,303.5236,305.3403,301.9524,-0.0075484442198514,-0.0002066333233546,0.0001914392227717,305.02538,304.20953999999995,1.2566694844066526,304.5391
2024-07-05,304.5391,0.0015902222612801,0.0020464047969818,304.0552,305.7065,302.1706,0.0017498969208694,0.0011985990069547,0.0007223694826661,304.7919,304.327965,1.162483492248133,304.8833
2024-07-08,304.8833,0.0011295943063446,0.0020530721530523,304.5391,306.0182,302.2895,0.0015902222612801,0.0010190859613022,0.0003934089331405,304.56492000000003,304.45765500000005,1.0635753260444099,304.4737
2024-07-09,304.4737,-0.001344368118164,0.0020766646484365,304.8833,305.8234,302.7081,0.0011295943063446,-0.0006367661387591,0.001383807363199,304.29498,304.545935,0.9807651305630577,304.2056
2024-07-10,304.2056,-0.0008809237223534,0.0020921961921959,304.4737,303.5236,302.6971,-0.001344368118164,-0.0075484442198514,-3.633929804781075e-05,304.43138000000005,304.62136,0.8843660538766862,303.7568
2024-07-11,303.7568,-0.0014764073617833,0.0021161311650169,304.2056,304.0552,303.031,-0.0008809237223534,0.0017498969208694,0.0011024749679598,304.37170000000003,304.65765,0.8288178902807453,303.3297
2024-07-12,303.3297,-0.0014070484863815,0.0021199230954235,303.7568,304.5391,303.4547,-0.0014764073617833,0.0015902222612801,0.0013972302032207,304.12982,304.6514,0.8387780604683889,302.1929
2024-07-15,302.1929,-0.0037547775610151,0.0022632419440754,303.3297,304.8833,303.738,-0.0014070484863815,0.0011295943063446,0.0009331469912509,303.59173999999996,304.57414500000004,0.9856331133695156,301.4954
2024-07-16,301.4954,-0.0023107961852983,0.0023043722250314,302.1929,304.4737,303.8309,-0.0037547775610151,-0.001344368118164,0.0003058089402665,302.99608,304.45736999999997,1.1945382213210258,303.3236
2024-07-17,303.3236,0.0060454634131125,0.0027149777074995,301.4954,304.2056,303.95,-0.0023107961852983,-0.0008809237223534,0.0003919175529356,302.81967999999995,304.42605,1.2165503630247905,303.8416
2024-07-18,303.8416,0.0017062905636773,0.0027203094891794,303.3236,303.7568,304.4205,0.0060454634131125,-0.0014764073617833,0.0015467551230839,302.83664000000005,304.39710499999995,1.2235559839048777,303.9906
2024-07-19,303.9906,0.000490266895977,0.0026378224019821,303.8416,303.3297,305.2787,0.0017062905636773,-0.0014070484863815,0.0028151605472951,302.96882,304.3327,1.2085174074860503,303.6956
2024-07-22,303.6956,-0.0009708959103338,0.0026375035517398,303.9906,302.1929,305.4303,0.000490266895977,-0.0037547775610151,0.0004964721434067,303.26936,304.24596499999996,1.1876665225124492,303.7287
2024-07-23,303.7287,0.0001089847740128,0.0026388868731267,303.6956,301.4954,305.3208,-0.0009708959103338,-0.0023107961852983,-0.0003585748799248,303.71602,304.16636000000005,1.1649720414024773,303.8705
2024-07-24,303.8705,0.0004667550667425,0.0026413326548859,303.7287,303.3236,305.4034,0.0001089847740128,0.0060454634131125,0.0002704985343746,303.8254,304.089715,1.1291779344479798,303.5644
2024-07-25,303.5644,-0.0010078447119522,0.00264668532143,303.8705,303.8416,305.3403,0.0004667550667425,0.0017062905636773,-0.0002066333233546,303.76995999999997,304.00092,1.0949673225535126,303.62
2024-07-26,303.62,0.0001831404105752,0.0026262534365453,303.5644,303.9906,305.7065,-0.0010078447119522,0.000490266895977,0.0011985990069547,303.69584,303.89659500000005,1.020797884764152,303.1957
2024-07-29,303.1957,-0.0013984478949663,0.0026159044580367,303.62,303.6956,306.0182,0.0001831404105752,-0.0009708959103338,0.0010190859613022,303.59586,303.75546999999995,0.9000075678553374,302.8885
2024-07-30,302.8885,-0.0010137206226701,0.0026185766541549,303.1957,303.7287,305.8234,-0.0013984478949663,0.0001089847740128,-0.0006367661387591,303.42782,303.608725,0.7757807414483576,302.3706
2024-07-31,302.3706,-0.0017113336301632,0.002053966005745,302.8885,303.8705,303.5236,-0.0010137206226701,0.0004667550667425,-0.0075484442198514,303.12784,303.55107499999997,0.8237946926536216,302.445
2024-08-01,302.445,0.0002460254013793,0.0020061706461734,302.3706,303.5644,304.0552,-0.0017113336301632,-0.0010078447119522,0.0017498969208694,302.90396,303.47056499999997,0.8501931330196474,302.4975
2024-08-02,302.4975,0.0001735702157867,0.0019617185041971,302.445,303.62,304.5391,0.0002460254013793,0.0001831404105752,0.0015902222612801,302.67946,303.368485,0.8376163179316383,302.0889
2024-08-05,302.0889,-0.0013516680567394,0.0019424973877818,302.4975,303.1957,304.8833,0.0001735702157867,-0.0013984478949663,0.0011295943063446,302.4581,303.22876499999995,0.8040247621626063,302.2113
2024-08-06,302.2113,0.0004050966776903,0.0019399841720877,302.0889,302.8885,304.4737,-0.0013516680567394,-0.0010137206226701,-0.001344368118164,302.32266,303.115645,0.778396115140222,302.3394
2024-08-07,302.3394,0.0004237858029679,0.0019439349040389,302.2113,302.3706,304.2056,0.0004050966776903,-0.0017113336301632,-0.0008809237223534,302.31642,303.022335,0.7522782591722981,301.8515
2024-08-08,301.8515,-0.0016150528121262,0.0019485637726459,302.3394,302.445,303.7568,0.0004237858029679,0.0002460254013793,-0.0014764073617833,302.19772,302.92707,0.7746794366481116,301.2378
2024-08-09,301.2378,-0.0020351885262376,0.0019720194691915,301.8515,302.4975,303.3297,-0.0016150528121262,0.0001735702157867,-0.0014070484863815,301.94578,302.822475,0.854559175285984,300.4007
2024-08-12,300.4007,-0.0027827359458609,0.0018940219391617,301.2378,302.0889,302.1929,-0.0020351885262376,-0.0013516680567394,-0.0037547775610151,301.60814,302.732865,1.0048091393850902,299.6647
2024-08-13,299.6647,-0.0024530671792629,0.0019022311472136,300.4007,302.2113,301.4954,-0.0027827359458609,0.0004050966776903,-0.0023107961852983,301.09882000000005,302.64133,1.1898237472691138,299.228
2024-08-14,299.228,-0.0014583583249489,0.0011908585534476,299.6647,302.3394,303.3236,-0.0024530671792629,0.0004237858029679,0.0060454634131125,300.47654,302.43655,1.4000857644735027,299.2783
2024-08-15,299.2783,0.0001680851149549,0.0010724335688497,299.228,301.8515,303.8416,-0.0014583583249489,-0.0016150528121262,0.0017062905636773,299.9619,302.208385,1.5252912582131373,298.9042
2024-08-16,298.9042,-0.0012507890109538,0.0010359343187097,299.2783,301.2378,303.9906,0.0001680851149549,-0.0020351885262376,0.000490266895977,299.49518,301.954065,1.6327492150430196,298.6809
2024-08-20,298.6809,-0.0007473412921209,0.0010356954970341,298.9042,300.4007,303.6956,-0.0012507890109538,-0.0027827359458609,-0.0009708959103338,299.15122,301.70333,1.7331874217866514,299.2525
2024-08-21,299.2525,0.0019119192007688,0.0011890635740612,298.6809,299.6647,303.7287,-0.0007473412921209,-0.0024530671792629,0.0001089847740128,299.06877999999995,301.47952,1.7468386463574572,299.9863
2024-08-22,299.9863,0.0024491083247137,0.0013647939917273,299.2525,299.228,303.8705,0.0019119192007688,-0.0014583583249489,0.0004667550667425,299.22043999999994,301.28531,1.6817289035825163,301.1343
2024-08-23,301.1343,0.003819537695657,0.0016859928422027,299.9863,299.2783,303.5644,0.0024491083247137,0.0001680851149549,-0.0010078447119522,299.59164,301.163805,1.5938915219188834,300.5002
2024-08-26,300.5002,-0.0021079251099924,0.0017216087231824,301.1343,298.9042,303.62,0.003819537695657,-0.0012507890109538,0.0001831404105752,299.91084,301.007815,1.4901454115773187,300.6037
2024-08-27,300.6037,0.0003443664265788,0.0017187192710212,300.5002,298.6809,303.1957,-0.0021079251099924,-0.0007473412921209,-0.0013984478949663,300.2954,300.878215,1.3998247740954166,300.7178
2024-08-28,300.7178,0.0003794974946658,0.0017220158323488,300.6037,299.2525,302.8885,0.0003443664265788,0.0019119192007688,-0.0010137206226701,300.58846,300.76968,1.317485021022507,300.6837
2024-08-29,300.6837,-0.0001134017791328,0.0016928217981568,300.7178,299.9863,302.3706,0.0003794974946658,0.0024491083247137,-0.0017113336301632,300.72794000000005,300.685335,1.262448226458064,300.3276
2024-08-30,300.3276,-0.0011850028166543,0.001699659167265,300.6837,301.1343,302.445,-0.0001134017791328,0.003819537695657,0.0002460254013793,300.5666,300.579465,1.194044856013102,299.6011
2024-09-02,299.6011,-0.0024219556594958,0.0017556433217609,300.3276,300.5002,302.4975,-0.0011850028166543,-0.0021079251099924,0.0001735702157867,300.38678,300.434645,1.1226848085881223,299.0072
2024-09-03,299.0072,-0.0019842698300869,0.0017777138648316,299.6011,300.6037,302.0889,-0.0024219556594958,0.0003443664265788,-0.0013516680567394,300.06748,300.28056000000004,1.0948251071039146,299.1715
2024-09-04,299.1715,0.0005493341843556,0.0017819207010872,299.0072,300.7178,302.2113,-0.0019842698300869,0.0003794974946658,0.0004050966776903,299.75822,300.12857,1.0212076499434521,298.9385
2024-09-05,298.9385,-0.0007791209369062,0.0017691597629532,299.1715,300.6837,302.3394,0.0005493341843556,-0.0001134017791328,0.0004237858029679,299.40918,299.95852499999995,0.9108881581718976,298.8696
2024-09-06,298.8696,-0.0002305087545821,0.0017529484312165,298.9385,300.3276,301.8515,-0.0007791209369062,-0.0011850028166543,-0.0016150528121262,299.11758,299.80942999999996,0.824699129244576,298.6949
2024-09-09,298.6949,-0.0005847067721633,0.0017155395400404,298.8696,299.6011,301.2378,-0.0002305087545821,-0.0024219556594958,-0.0020351885262376,298.93634000000003,299.682285,0.7881044435612501,300.0746
2024-09-10,300.0746,0.0046084593214126,0.0019594171497165,298.6949,299.0072,300.4007,-0.0005847067721633,-0.0019842698300869,-0.0027827359458609,299.14982,299.66598,0.7757352217755076,300.7295
2024-09-11,300.7295,0.0021800791951353,0.0019346171201913,300.0746,299.1715,299.6647,0.0046084593214126,0.0005493341843556,-0.0024530671792629,299.46142,299.71922000000006,0.8113640480780613,300.7654
2024-09-12,300.7654,0.0001193692583017,0.0018961940052618,300.7295,298.9385,299.228,0.0021800791951353,-0.0007791209369062,-0.0014583583249489,299.8268,299.79609,0.8348632512592066,301.7977
2024-09-13,301.7977,0.0034263664998145,0.0020238917004765,300.7654,298.8696,299.2783,0.0001193692583017,-0.0002305087545821,0.0001680851149549,300.41242,299.92206,0.9365081731106799,301.1969
2024-09-18,301.1969,-0.0019927216555892,0.0020625421364818,301.7977,298.6949,298.9042,0.0034263664998145,-0.0005847067721633,-0.0012507890109538,300.91282,300.036695,0.9456342340978623,303.9177
2024-09-19,303.9177,0.0089927373616401,0.0027999285322942,301.1969,300.0746,298.6809,-0.0019927216555892,0.0046084593214126,-0.0007473412921209,301.68144,300.298535,1.2320943659446784,304.5504
2024-09-20,304.5504,0.0020796496251243,0.0028034655417281,303.9177,300.7295,299.2525,0.0089927373616401,0.0021800791951353,0.0019119192007688,302.44562,300.56343,1.529083893980147,304.8847
2024-09-23,304.8847,0.0010970816532554,0.0027797735292541,304.5504,300.7654,299.9863,0.0020796496251243,0.0001193692583017,0.0024491083247137,303.26948000000004,300.80835,1.8000648057012363,304.4214
2024-09-24,304.4214,-0.0015207465977719,0.0027315229353913,304.8847,301.7977,301.1343,0.0010970816532554,0.0034263664998145,0.003819537695657,303.79422,300.972705,1.9731362741272738,303.9075
2024-09-25,303.9075,-0.0016895469613457,0.0027116841378496,304.4214,301.1969,300.5002,-0.0015207465977719,-0.0019927216555892,-0.0021079251099924,304.33634,301.14306999999997,2.0746761880726865,301.7592
2024-09-26,301.7592,-0.0070940304608907,0.0032080354795369,303.9075,303.9177,300.6037,-0.0016895469613457,0.0089927373616401,0.0003443664265788,303.90464000000003,301.200845,2.0749544267571203,300.2152
2024-09-27,300.2152,-0.0051297974991595,0.0034205663117939,301.7592,304.5504,300.7178,-0.0070940304608907,0.0020796496251243,0.0003794974946658,303.0376,301.17571499999997,2.084135752287042,299.3565
2024-09-30,299.3565,-0.0028643799802847,0.0034766776149705,300.2152,304.8847,300.6837,-0.0051297974991595,0.0010970816532554,-0.0001134017791328,301.93196,301.109355,2.121422143519224,297.1955
2024-10-01,297.1955,-0.0072449994386706,0.0038129094948474,299.3565,304.4214,300.3276,-0.0028643799802847,-0.0015207465977719,-0.0011850028166543,300.48678,300.95275000000004,2.290998677545162,295.6217
2024-10-02,295.6217,-0.0053095750168006,0.0039410712023015,297.1955,303.9075,299.6011,-0.0072449994386706,-0.0016895469613457,-0.0024219556594958,298.82962,300.75378,2.570338693960689,294.9272
2024-10-03,294.9272,-0.0023520501695034,0.0039483846212015,295.6217,301.7592,299.0072,-0.0053095750168006,-0.0070940304608907,-0.0019842698300869,297.46322,300.54978,2.8616553162531457,295.4684
2024-10-04,295.4684,0.0018333475100031,0.0039798582454444,294.9272,300.2152,299.1715,-0.0023520501695034,-0.0051297974991595,0.0005493341843556,296.51385999999997,300.364625,3.067893768294439,293.7819
2024-10-07,293.7819,-0.0057242384267363,0.0041404559752521,295.4684,299.3565,298.9385,0.0018333475100031,-0.0028643799802847,-0.0007791209369062,295.3989399999999,300.10679500000003,3.3934641594600308,293.5476
2024-10-08,293.5476,-0.0007978486094394,0.0041377866511182,293.7819,297.1955,298.8696,-0.0057242384267363,-0.0072449994386706,-0.0002305087545821,294.66936,299.840695,3.6911885434971974,293.361
2024-10-09,293.361,-0.0006358741592385,0.0041375983168516,293.5476,295.6217,298.6949,-0.0007978486094394,-0.0053095750168006,-0.0005847067721633,294.21722,299.57399999999996,3.961151221948599,292.9175
2024-10-10,292.9175,-0.001512933135349,0.0039297931450408,293.361,294.9272,300.0746,-0.0006358741592385,-0.0023520501695034,0.0046084593214126,293.81528,299.216145,4.2278577935630866,293.1156
2024-10-11,293.1156,0.0006760710531383,0.0038755830901893,292.9175,295.4684,300.7295,-0.001512933135349,0.0018333475100031,0.0021800791951353,293.34472,298.83545,4.422720532181102,292.8558
2024-10-14,292.8558,-0.0008867327552958,0.0038629421252346,293.1156,293.7819,300.7654,0.0006760710531383,-0.0057242384267363,0.0001193692583017,293.1595,298.43997,4.591480094592525,292.8871
2024-10-15,292.8871,0.0001068728277534,0.0037162380089396,292.8558,293.5476,301.7977,-0.0008867327552958,-0.0007978486094394,0.0034263664998145,293.0274,297.99444000000005,4.679980738757858,293.6853
2024-10-16,293.6853,0.002721575350927,0.0038309782350894,292.8871,293.361,301.1969,0.0001068728277534,-0.0006358741592385,-0.0019927216555892,293.09226,297.61886,4.710759830027112,292.9995
2024-10-18,292.9995,-0.0023378833484849,0.0029772184077325,293.6853,292.9175,303.9177,0.002721575350927,-0.001512933135349,0.0089927373616401,293.10866,297.07295000000005,4.573013818212811,292.8693
2024-10-21,292.8693,-0.0004444681203144,0.002853733135971,292.9995,293.1156,304.5504,-0.0023378833484849,0.0006760710531383,0.0020796496251243,293.0594,296.488895,4.305887415163701,293.0992
2024-10-22,293.0992,0.0007846838585908,0.0028369510296048,292.8693,292.8558,304.8847,-0.0004444681203144,-0.0008867327552958,0.0010970816532554,293.10808,295.89962,3.881997941183697,293.2637
2024-10-23,293.2637,0.0005610859906572,0.0028920043445694,293.0992,292.8871,304.4214,0.0007846838585908,0.0001068728277534,-0.0015207465977719,293.1834,295.34173499999997,3.3594397927821196,293.2756
2024-10-24,293.2756,4.057699118087244e-05,0.0029232994357471,293.2637,293.6853,303.9075,0.0005610859906572,0.002721575350927,-0.0016895469613457,293.10146,294.81014,2.7113368000978064,293.6754
2024-10-25,293.6754,0.001362294507823,0.0027187119365804,293.2756,292.9995,301.7592,4.057699118087244e-05,-0.0023378833484849,-0.0070940304608907,293.23663999999997,294.40594999999996,2.169239576802073,293.6867
2024-10-28,293.6867,3.847711659077617e-05,0.0025835682793965,293.6754,292.8693,300.2152,0.001362294507823,-0.0004444681203144,-0.0051297974991595,293.40011999999996,294.079525,1.6865610585046464,293.5354
2024-10-29,293.5354,-0.00051530759264,0.0025523086380349,293.6867,293.0992,299.3565,3.847711659077617e-05,0.0007846838585908,-0.0028643799802847,293.48735999999997,293.78847,1.142495479242931,293.7185
2024-10-30,293.7185,0.0006235803829765,0.0021029539140257,293.5354,293.2637,297.1955,-0.00051530759264,0.0005610859906572,-0.0072449994386706,293.57831999999996,293.61461999999995,0.8141249229021852,293.4102
2024-11-01,293.4102,-0.0010501957350599,0.0017924209086233,293.7185,293.2756,295.6217,0.0006235803829765,4.057699118087244e-05,-0.0053095750168006,293.60524,293.504045,0.6634070437886251,292.9776
2024-11-04,292.9776,-0.001475474348142,0.00175180154935,293.4102,293.6754,294.9272,-0.0010501957350599,0.001362294507823,-0.0023520501695034,293.46567999999996,293.406565,0.581458981004201,293.0869
2024-11-05,293.0869,0.0003729964919125,0.0016860126566772,292.9776,293.6867,295.4684,-0.001475474348142,3.847711659077617e-05,0.0018333475100031,293.34572,293.28749,0.32373164794301074,293.1073
2024-11-06,293.1073,6.960150751495804e-05,0.0011299382753475,293.0869,293.5354,293.7819,0.0003729964919125,-0.00051530759264,-0.0057242384267363,293.2601,293.25376,0.3040528302188653,292.9412
2024-11-07,292.9412,-0.0005668472982954,0.0011237540450788,293.1073,293.7185,293.5476,6.960150751495804e-05,0.0006235803829765,-0.0007978486094394,293.10463999999996,293.22344000000004,0.3034434056067189,292.6902
2024-11-08,292.6902,-0.0008571945266908,0.0011303439264641,292.9412,293.4102,293.361,-0.0005668472982954,-0.0010501957350599,-0.0006358741592385,292.96064,293.1899,0.3238261082837473,292.6497
2024-11-11,292.6497,-0.0001383811356943,0.0010815741149564,292.6902,292.9776,292.9175,-0.0008571945266908,-0.001475474348142,-0.001512933135349,292.89506,293.17651,0.34077559043712896,292.594
2024-11-12,292.594,-0.0001903480555815,0.0010684131448938,292.6497,293.0869,293.1156,-0.0001383811356943,0.0003729964919125,0.0006760710531383,292.79648,293.15043,0.3647952996088548,292.5977
2024-11-13,292.5977,1.2645428839879384e-05,0.0010518713736245,292.594,293.1073,292.8558,-0.0001903480555815,6.960150751495804e-05,-0.0008867327552958,292.69456,293.137525,0.3800145036856469,292.2986
2024-11-14,292.2986,-0.0010227454886334,0.0010734454968429,292.5977,292.9412,292.8871,1.2645428839879384e-05,-0.0005668472982954,0.0001068728277534,292.56604,293.10810000000004,0.42099976870335676,292.1947
2024-11-18,292.1947,-0.0003555216153696,0.0008435673393625,292.2986,292.6902,293.6853,-0.0010227454886334,-0.0008571945266908,0.002721575350927,292.46693999999997,293.03357,0.44471283470743495,291.5886
2024-11-19,291.5886,-0.0020764561705526,0.0008109802707664,292.1947,292.6497,292.9995,-0.0003555216153696,-0.0001383811356943,-0.0023378833484849,292.25472,292.96302499999996,0.5498739662876182,290.917
2024-11-20,290.917,-0.0023059016002075,0.0009331317109175,291.5886,292.594,292.8693,-0.0020764561705526,-0.0001903480555815,-0.0004444681203144,291.91931999999997,292.86541,0.7156787855528025,290.9755
2024-11-21,290.9755,0.0002010680673736,0.0009049944122159,290.917,292.5977,293.0992,-0.0023059016002075,1.2645428839879384e-05,0.0007846838585908,291.59488,292.75922499999996,0.8279118729231694,290.9942
2024-11-22,290.9942,6.426451413669874e-05,0.0008848717653074,290.9755,292.2986,293.2637,0.0002010680673736,-0.0010227454886334,0.0005610859906572,291.33399999999995,292.64575,0.9068920329668264,290.9399
2024-11-25,290.9399,-0.0001866190696079,0.0008805218676511,290.9942,292.1947,293.2756,6.426451413669874e-05,-0.0003555216153696,4.057699118087244e-05,291.08304000000004,292.528965,0.9697272678225849,291.0625
2024-11-26,291.0625,0.0004213041108194,0.0008031520832632,290.9399,291.5886,293.6754,-0.0001866190696079,-0.0020764561705526,0.001362294507823,290.97782,292.39832,0.9830642901210622,291.1471
2024-11-27,291.1471,0.0002906169894672,0.0008130886505695,291.0625,290.917,293.6867,0.0004213041108194,-0.0023059016002075,3.847711659077617e-05,291.02383999999995,292.27134,0.9718415137121523,291.0933
2024-11-28,291.0933,-0.0001848033910155,0.0008147114032625,291.1471,290.9755,293.5354,0.0002906169894672,0.0002010680673736,-0.00051530759264,291.04740000000004,292.149235,0.957979797754551,290.9179
2024-11-29,290.9179,-0.0006027375600681,0.0007775152604619,291.0933,290.9942,293.7185,-0.0001848033910155,6.426451413669874e-05,0.0006235803829765,291.03213999999997,292.009205,0.9204748714146269,290.6996
2024-12-02,290.6996,-0.0007506652060881,0.0007687701369775,290.9179,290.9399,293.4102,-0.0006027375600681,-0.0001866190696079,-0.0010501957350599,290.98408,291.873675,0.9027185968596351,290.6498
2024-12-03,290.6498,-0.000171325540619,0.0007329406167772,290.6996,291.0625,292.9776,-0.0007506652060881,0.0004213041108194,-0.001475474348142,290.90153999999995,291.757285,0.9029601438195813,290.5357
2024-12-04,290.5357,-0.0003926457265912,0.0007101450666729,290.6498,291.1471,293.0869,-0.000171325540619,0.0002906169894672,0.0003729964919125,290.77926,291.629725,0.8852702887047718,290.5201
2024-12-05,290.5201,-5.369535939151489e-05,0.0007060378088974,290.5357,291.0933,293.1073,-0.0003926457265912,-0.0001848033910155,6.960150751495804e-05,290.66462,291.500365,0.8461593033168503,290.4005
2024-12-06,290.4005,-0.0004117602360453,0.0007054608948816,290.5201,290.9179,292.9412,-5.369535939151489e-05,-0.0006027375600681,-0.0005668472982954,290.56114,291.37333,0.8083337462661897,290.3415
2024-12-09,290.3415,-0.0002031883356223,0.0007000241200332,290.4005,290.6996,292.6902,-0.0004117602360453,-0.0007506652060881,-0.0008571945266908,290.48951999999997,291.255895,0.7769499214777172,290.3607
2024-12-10,290.3607,6.612683749770871e-05,0.0007055622536878,290.3415,290.6498,292.6497,-0.0002031883356223,-0.000171325540619,-0.0001383811356943,290.4317,291.141445,0.7278692077853327,290.3096
2024-12-11,290.3096,-0.0001760034915921,0.0007057859466982,290.3607,290.5357,292.594,6.612683749770871e-05,-0.0003926457265912,-0.0001903480555815,290.38648,291.027225,0.6644033333195891,290.2963
2024-12-12,290.2963,-4.581420892323152e-05,0.0007041414889385,290.3096,290.5201,292.5977,-0.0001760034915921,-5.369535939151489e-05,1.2645428839879384e-05,290.34172,290.91215500000004,0.5707908423820028,290.2596
2024-12-13,290.2596,-0.0001264305471665,0.0006904640748067,290.2963,290.4005,292.2986,-4.581420892323152e-05,-0.0004117602360453,-0.0010227454886334,290.31354,290.810205,0.48590467817607585,290.323
2024-12-16,290.323,0.0002184013101735,0.0007020519954372,290.2596,290.3415,292.1947,-0.0001264305471665,-0.0002031883356223,-0.0003555216153696,290.30984,290.71662000000003,0.3721447816511366,290.7605
2024-12-17,290.7605,0.0015058079696557,0.0006875156421042,290.323,290.3607,291.5886,0.0002184013101735,6.612683749770871e-05,-0.0020764561705526,290.3898,290.675215,0.31107892763842443,290.9406
2024-12-18,290.9406,0.0006192183778049,0.0004840190584681,290.7605,290.3096,290.917,0.0015058079696557,-0.0001760034915921,-0.0023059016002075,290.51599999999996,290.676395,0.31208747501746975,291.2826
2024-12-19,291.2826,0.0011748073224663,0.0005494327733431,290.9406,290.2963,290.9755,0.0006192183778049,-4.581420892323152e-05,0.0002010680673736,290.71326,290.69175,0.33433976019462947,292.6811
2024-12-20,292.6811,0.004789690433145,0.0011933523632723,291.2826,290.2596,290.9942,0.0011748073224663,-0.0001264305471665,6.426451413669874e-05,291.19755999999995,290.776095,0.5547704252160945,293.1667
2024-12-23,293.1667,0.0016577688307794,0.0012254941251826,292.6811,290.323,290.9399,0.004789690433145,0.0002184013101735,-0.0001866190696079,291.7663,290.887435,0.7707775481256117,295.6109
2024-12-24,295.6109,0.0083026733380112,0.0021542697326905,293.1667,290.7605,291.0625,0.0016577688307794,0.0015058079696557,0.0004213041108194,292.73638,291.114855,1.3085536263813424,296.4816
2024-12-26,296.4816,0.0029410966280879,0.0022038384905932,295.6109,290.9406,291.1471,0.0083026733380112,0.0006192183778049,0.0002906169894672,293.84458000000006,291.38158,1.7757430899960183,294.3343
2024-12-27,294.3343,-0.0072689629878945,0.0028602351034194,296.4816,291.2826,291.0933,0.0029410966280879,0.0011748073224663,-0.0001848033910155,294.45492,291.54363,1.8921201266764174,292.7528
2024-12-30,292.7528,-0.0053876292817725,0.0031477180925765,294.3343,292.6811,290.9179,-0.0072689629878945,0.004789690433145,-0.0006027375600681,294.46926,291.63537499999995,1.904626832592657,292.5833
2024-12-31,292.5833,-0.0005791544541256,0.0031448961875312,292.7528,293.1667,290.6996,-0.0053876292817725,0.0016577688307794,-0.0007506652060881,294.35258000000005,291.72956,1.9024905384329092,293.0027
2025-01-01,293.0027,0.0014324115389047,0.0031520675721496,292.5833,295.6109,290.6498,-0.0005791544541256,0.0083026733380112,-0.000171325540619,293.83094,291.847205,1.904953813630049,293.4147
2025-01-02,293.4147,0.0014051427116201,0.0031538132033101,293.0027,296.4816,290.5357,0.0014324115389047,0.0029410966280879,-0.0003926457265912,293.21755999999993,291.99115500000005,1.9094046298479588,293.2654
2025-01-03,293.2654,-0.0005089656295583,0.0031596047014299,293.4147,294.3343,290.5201,0.0014051427116201,-0.0072689629878945,-5.369535939151489e-05,293.00377999999995,292.12841999999995,1.896722362277587,293.5577
2025-01-06,293.5577,0.0009962117175486,0.0031545996217019,293.2654,292.7528,290.4005,-0.0005089656295583,-0.0053876292817725,-0.0004117602360453,293.16476,292.28628,1.8766192568961493,294.9314
2025-01-07,294.9314,0.0046685741334839,0.0032797475354131,293.5577,292.5833,290.3415,0.0009962117175486,-0.0005791544541256,-0.0002031883356223,293.63437999999996,292.515775,1.9066839267942957,296.1507
2025-01-08,296.1507,0.0041256594624726,0.0033576579560266,294.9314,293.0027,290.3607,0.0046685741334839,0.0014324115389047,6.612683749770871e-05,294.26398,292.805275,1.9995467228089197,296.0915
2025-01-09,296.0915,-0.0001999182098038,0.0033580982394688,296.1507,293.4147,290.3096,0.0041256594624726,0.0014051427116201,-0.0001760034915921,294.79934000000003,293.09436999999997,2.0373475726222443,295.5931
2025-01-10,295.5931,-0.0016846817303608,0.0034042802344449,296.0915,293.2654,290.2963,-0.0001999182098038,-0.0005089656295583,-4.581420892323152e-05,295.26488,293.35920999999996,1.9983752463297788,294.5963
2025-01-15,294.5963,-0.0033779018999964,0.0035313498791117,295.5931,293.5577,290.2596,-0.0016846817303608,0.0009962117175486,-0.0001264305471665,295.47259999999994,293.576045,1.8758721487299146,295.221
2025-01-16,295.221,0.0021182838604168,0.0035420747998114,294.5963,294.9314,290.323,-0.0033779018999964,0.0046685741334839,0.0002184013101735,295.53051999999997,293.820945,1.7439079681963279,296.5135
2025-01-17,296.5135,0.0043685201910715,0.0036273593660955,295.221,296.1507,290.7605,0.0021182838604168,0.0041256594624726,0.0015058079696557,295.60308,294.10859500000004,1.6860380748843997,296.6599
2025-01-20,296.6599,0.0004936162106142,0.0036281248642789,296.5135,296.0915,290.9406,0.0043685201910715,-0.0001999182098038,0.0006192183778049,295.71675999999997,294.39456,1.6034372399669155,296.8545
2025-01-21,296.8545,0.000655754963901,0.0036284644710987,296.6599,295.5931,291.2826,0.0004936162106142,-0.0016846817303608,0.0011748073224663,295.96904,294.673155,1.515948807447792,297.4952
2025-01-22,297.4952,0.0021559706286574,0.0035280828783145,296.8545,294.5963,292.6811,0.000655754963901,-0.0033779018999964,0.004789690433145,296.54882000000003,294.91386,1.5644200517452356,298.6584
2025-01-23,298.6584,0.0039023549505921,0.0035914104556211,297.4952,295.221,293.1667,0.0021559706286574,0.0021182838604168,0.0016577688307794,297.23629999999997,295.18844499999994,1.716205501884167,298.8605
2025-01-24,298.8605,0.0006764639836727,0.0031442105729796,298.6584,296.5135,295.6109,0.0039023549505921,0.0043685201910715,0.0083026733380112,297.70570000000004,295.350925,1.9020679861839942,298.411
2025-01-27,298.411,-0.0015051784150563,0.0031231161176075,298.8605,296.6599,296.4816,0.0006764639836727,0.0004936162106142,0.0029410966280879,298.05591999999996,295.44739500000003,2.00838890249002,298.4691
2025-01-28,298.4691,0.0001946789654522,0.0025638854756884,298.411,296.8545,294.3343,-0.0015051784150563,0.000655754963901,-0.0072689629878945,298.37884,295.654135,2.098568255856209,297.899
2025-01-29,297.899,-0.0019119070039508,0.0022251288065594,298.4691,297.4952,292.7528,0.0001946789654522,0.0021559706286574,-0.0053876292817725,298.4596,295.911445,2.0387469207342566,296.5464
2025-01-30,296.5464,-0.0045508042768638,0.0025191836295821,297.899,298.6584,292.5833,-0.0019119070039508,0.0039023549505921,-0.0005791544541256,298.0372,296.1096,1.8850464430934888,297.5797
2025-01-31,297.5797,0.0034783896611889,0.0025921420730841,296.5464,298.8605,293.0027,-0.0045508042768638,0.0006764639836727,0.0014324115389047,297.78103999999996,296.33845,1.76181009953689,297.6367
2025-02-03,297.6367,0.0001915269813608,0.0025908194177892,297.5797,298.411,293.4147,0.0034783896611889,-0.0015051784150563,0.0014051427116201,297.62618000000003,296.54955,1.6419083330682085,299.1413
2025-02-05,299.1413,0.0050424217648687,0.002745614339603,297.6367,298.4691,293.2654,0.0001915269813608,0.0001946789654522,-0.0005089656295583,297.76061999999996,296.843345,1.5462452537353615,298.9288
2025-02-06,298.9288,-0.0007106190693777,0.0027718743334941,299.1413,297.899,293.5577,0.0050424217648687,-0.0019119070039508,0.0009962117175486,297.96658,297.1119,1.405587291374363,298.4908
2025-02-07,298.4908,-0.0014663063564603,0.002671273781784,298.9288,296.5464,294.9314,-0.0007106190693777,-0.0045508042768638,0.0046685741334839,298.35546000000005,297.28986999999995,1.3387180745968377,297.6589
2025-02-10,297.6589,-0.0027909115444838,0.0026382997454183,298.4908,297.5797,296.1507,-0.0014663063564603,0.0034783896611889,0.0041256594624726,298.3713,297.36528000000004,1.313410527712101,297.5176
2025-02-11,297.5176,-0.0004748171429976,0.0026415030891559,297.6589,297.6367,296.0915,-0.0027909115444838,0.0001915269813608,-0.0001999182098038,298.34748,297.43658500000004,1.2788748118910107,297.0173
2025-02-13,297.0173,-0.0016829966351537,0.002641438485351,297.5176,299.1413,295.5931,-0.0004748171429976,0.0050424217648687,-0.0016846817303608,297.92268,297.507795,1.2085406726012384,296.556
2025-02-14,296.556,-0.0015543155087032,0.0025394740047395,297.0173,298.9288,294.5963,-0.0016829966351537,-0.0007106190693777,-0.0033779018999964,297.44811999999996,297.60578,1.0256687156705355,295.5232
2025-02-17,295.5232,-0.0034887259931954,0.0026393710281438,296.556,298.4908,295.221,-0.0015543155087032,-0.0014663063564603,0.0021182838604168,296.8546,297.62089000000003,0.9903037157144772,295.3468
2025-02-18,295.3468,-0.0005970856710975,0.0024377192627631,295.5232,297.6589,296.5135,-0.0034887259931954,-0.0027909115444838,0.0043685201910715,296.39218,297.56255500000003,1.088466831187191,295.8921
2025-02-19,295.8921,0.00184460174937,0.0024762800417907,295.3468,297.5176,296.6599,-0.0005970856710975,-0.0004748171429976,0.0004936162106142,296.06708,297.52416500000004,1.1345437020484463,296.6271
2025-02-20,296.6271,0.0024809335359785,0.0025395683699727,295.8921,297.0173,296.8545,0.00184460174937,-0.0016829966351537,0.000655754963901,295.98904,297.512795,1.1427180821297096,296.4754
2025-02-21,296.4754,-0.000511547340664,0.0024877807977705,296.6271,296.556,297.4952,0.0024809335359785,-0.0015543155087032,0.0021559706286574,295.97292,297.461805,1.1660587438776464,295.8829
2025-02-24,295.8829,-0.0020004790938004,0.0023237497131936,296.4754,295.5232,298.6584,-0.000511547340664,-0.0034887259931954,0.0039023549505921,296.04485999999997,297.32303,1.1812147690495254,295.749
2025-02-25,295.749,-0.0004526463237908,0.0023081750442218,295.8829,295.3468,298.8605,-0.0020004790938004,-0.0005970856710975,0.0006764639836727,296.12530000000004,297.16745499999996,1.1729356582454555,295.7164
2025-02-27,295.7164,-0.0001102346816331,0.0022979966490594,295.749,295.8921,298.411,-0.0004526463237908,0.00184460174937,-0.0015051784150563,296.09015999999997,297.03272499999997,1.177327394820178,295.4981
2025-02-28,295.4981,-0.0007384798915482,0.002293611756715,295.7164,296.6271,298.4691,-0.0001102346816331,0.0024809335359785,0.0001946789654522,295.86436,296.884175,1.1739823094982922,295.368
2025-03-03,295.368,-0.0004403705073027,0.0022694172131383,295.4981,296.4754,297.899,-0.0007384798915482,-0.000511547340664,-0.0019119070039508,295.64288,296.757625,1.195057223850791,295.347
2025-03-04,295.347,-7.110027681318309e-05,0.0020515587899834,295.368,295.8829,296.5464,-0.0004403705073027,-0.0020004790938004,-0.0045508042768638,295.5357,296.697655,1.2356202889169285,295.2061
2025-03-05,295.2061,-0.0004771797918716,0.0018597121600606,295.347,295.749,297.5797,-7.110027681318309e-05,-0.0004526463237908,0.0034783896611889,295.42712,296.578975,1.260188510486409,295.2296
2025-03-06,295.2296,7.960223276605261e-05,0.0018580047528176,295.2061,295.7164,297.6367,-0.0004771797918716,-0.0001102346816331,0.0001915269813608,295.32975999999996,296.45862,1.2687696226488596,295.5809
2025-03-07,295.5809,0.0011892139405157,0.0014087769980999,295.2296,295.4981,299.1413,7.960223276605261e-05,-0.0007384798915482,0.0050424217648687,295.34632,296.2806,1.1127384134781972,295.468
2025-03-10,295.468,-0.0003820326926353,0.0014093186627571,295.5809,295.368,298.9288,0.0011892139405157,-0.0004403705073027,-0.0007106190693777,295.36632,296.10756,0.9339798106621311,295.4696
2025-03-11,295.4696,5.415123356409633e-06,0.0013991140291526,295.468,295.347,298.4908,-0.0003820326926353,-7.110027681318309e-05,-0.0014663063564603,295.39083999999997,295.9565,0.7555000100930388,295.5014
2025-03-12,295.5014,0.0001076194941229,0.0012966337561408,295.4696,295.2061,297.6589,5.415123356409633e-06,-0.0004771797918716,-0.0027909115444838,295.44989999999996,295.84862499999997,0.6456752881676885,295.4196
2025-03-14,295.4196,-0.0002768559605175,0.0012964967102061,295.5014,295.2296,297.5176,0.0001076194941229,7.960223276605261e-05,-0.0004748171429976,295.48789999999997,295.743725,0.5180702897471552,295.8118
2025-03-17,295.8118,0.0013267226927695,0.0013087125636274,295.4196,295.5809,297.0173,-0.0002768559605175,0.0011892139405157,-0.0016829966351537,295.53408,295.68345,0.4236134713921883,296.2915
2025-03-18,296.2915,0.0016203257267862,0.0013286042030732,295.8118,295.468,296.556,0.0013267226927695,-0.0003820326926353,-0.0015543155087032,295.69878000000006,295.67022499999996,0.39831238581991685,296.04
2025-03-19,296.04,-0.0008491866973591,0.0010754600269656,296.2915,295.4696,295.5232,0.0016203257267862,5.415123356409633e-06,-0.0034887259931954,295.81286,295.696065,0.4049798867815376,296.2133
2025-03-20,296.2133,0.000585222589544,0.0010683281468471,296.04,295.5014,295.3468,-0.0008491866973591,0.0001076194941229,-0.0005970856710975,295.95523999999995,295.73939,0.4119383166494155,296.6034
2025-03-21,296.6034,0.0013160899694879,0.0010299610712813,296.2133,295.4196,295.8921,0.000585222589544,-0.0002768559605175,0.00184460174937,296.192,295.774955,0.454339654377411,296.5901
2025-03-24,296.5901,-4.48420287890444e-05,0.0008672408047098,296.6034,295.8118,296.6271,0.0013160899694879,0.0013267226927695,0.0024809335359785,296.34766,295.773105,0.45074836773245114,296.7237
2025-03-25,296.7237,0.000450351912455,0.0008644103063876,296.5901,296.2915,296.4754,-4.48420287890444e-05,0.0016203257267862,-0.000511547340664,296.4341,295.78552,0.47393302168112217,296.6087
2025-03-26,296.6087,-0.0003876410640648,0.0007283783495424,296.7237,296.04,295.8829,0.000450351912455,-0.0008491866973591,-0.0020004790938004,296.54784,295.82181,0.5083223613415375,296.4517
2025-03-27,296.4517,-0.0005294570457496,0.0007317651706681,296.6087,296.2133,295.749,-0.0003876410640648,0.000585222589544,-0.0004526463237908,296.59552,295.856945,0.5269680700033261,296.3472
2025-03-28,296.3472,-0.0003525647604355,0.0007377365251533,296.4517,296.6034,295.7164,-0.0005294570457496,0.0013160899694879,-0.0001102346816331,296.54427999999996,295.888485,0.5368971882987102,296.3198
2025-04-01,296.3198,-9.2463390131421e-05,0.0007125019621365,296.3472,296.5901,295.4981,-0.0003525647604355,-4.48420287890444e-05,-0.0007384798915482,296.49022,295.92957,0.5368909455941631,296.1931
2025-04-02,296.1931,-0.0004276700201164,0.0007119640186317,296.3198,296.7237,295.368,-9.2463390131421e-05,0.000450351912455,-0.0004403705073027,296.38410000000005,295.970825,0.5229890588198208,296.0638
2025-04-03,296.0638,-0.00043663485239,0.0007222714502199,296.1931,296.6087,295.347,-0.0004276700201164,-0.0003876410640648,-7.110027681318309e-05,296.27512,296.006665,0.5021338763223752,296.8985
2025-04-04,296.8985,0.0028153579117456,0.000925379623711,296.0638,296.4517,295.2061,-0.00043663485239,-0.0005294570457496,-0.0004771797918716,296.36448,296.09128499999997,0.5027233530985086,296.7552
2025-04-07,296.7552,-0.0004827730469236,0.0009403982205701,296.8985,296.3472,295.2296,0.0028153579117456,-0.0003525647604355,7.960223276605261e-05,296.44608000000005,296.167565,0.48033946029771457,297.5237
2025-04-08,297.5237,0.0025863291743354,0.001057798082363,296.7552,296.3198,295.5809,-0.0004827730469236,-9.2463390131421e-05,0.0011892139405157,296.68686,296.264705,0.5472417280404172,298.6051
2025-04-09,298.6051,0.0036280789862912,0.0012741479620561,297.5237,296.1931,295.468,0.0025863291743354,-0.0004276700201164,-0.0003820326926353,297.16926,296.42156000000006,0.7269488053996402,301.2049
2025-04-10,301.2049,0.0086687993891791,0.002213489524958,298.6051,296.0638,295.4696,0.0036280789862912,-0.00043663485239,5.415123356409633e-06,298.19748,296.708325,1.2642881741220504,298.8721
2025-04-11,298.8721,-0.007775041375406,0.0029520583000118,301.2049,296.8985,295.5014,0.0086687993891791,0.0028153579117456,0.0001076194941229,298.5922,296.87685999999997,1.3184368840605665,298.138
2025-04-16,298.138,-0.0024592561163797,0.0030243465967503,298.8721,296.7552,295.4196,-0.007775041375406,-0.0004827730469236,-0.0002768559605175,298.86875999999995,297.01277999999996,1.3002959782857881,298.6186
2025-04-17,298.6186,0.0016107072930735,0.0030293025442712,298.138,297.5237,295.8118,-0.0024592561163797,0.0025863291743354,0.0013267226927695,299.08774,297.15312000000006,1.3152350518719602,299.0786
2025-04-21,299.0786,0.0015392412439667,0.0030277389307119,298.6186,298.6051,296.2915,0.0016107072930735,0.0036280789862912,0.0016203257267862,299.18244,297.292475,1.3658178478630196,299.2328
2025-04-22,299.2328,0.0005154506613583,0.0030118245498814,299.0786,301.2049,296.04,0.0015392412439667,0.0086687993891791,-0.0008491866973591,298.78802,297.452115,1.397934159380315,299.7194
2025-04-23,299.7194,0.0016248378653789,0.0030216673934769,299.2328,298.8721,296.2133,0.0005154506613583,-0.007775041375406,0.000585222589544,298.95748,297.62742,1.4531537422155651,299.8285
2025-04-24,299.8285,0.000363940900149,0.003017095309569,299.7194,298.138,296.6034,0.0016248378653789,-0.0024592561163797,0.0013160899694879,299.29558000000003,297.78867499999996,1.5113175304190916,300.0608
2025-04-25,300.0608,0.0007744762629083,0.0030142868948155,299.8285,298.6186,296.5901,0.000363940900149,0.0016107072930735,-4.48420287890444e-05,299.58402,297.96221,1.5647635593679494,299.6968
2025-04-28,299.6968,-0.0012138238671494,0.0030409553158286,300.0608,299.0786,296.7237,0.0007744762629083,0.0015392412439667,0.000450351912455,299.70766,298.110865,1.5820397261179735,299.6612
2025-04-29,299.6612,-0.0001187937761466,0.0030374242026293,299.6968,299.2328,296.6087,-0.0012138238671494,0.0005154506613583,-0.0003876410640648,299.79334,298.26349,1.5767270450591038,299.6218
2025-04-30,299.6218,-0.0001314904646278,0.0030315407613271,299.6612,299.7194,296.4517,-0.0001187937761466,0.0016248378653789,-0.0005294570457496,299.77382,298.42199500000004,1.544007800452373,299.5698
2025-05-02,299.5698,-0.0001735671866246,0.0030290555721362,299.6218,299.8285,296.3472,-0.0001314904646278,0.000363940900149,-0.0003525647604355,299.72208,298.583125,1.4830385975972296,299.478
2025-05-05,299.478,-0.0003064863963062,0.0030317873019881,299.5698,300.0608,296.3198,-0.0001735671866246,0.0007744762629083,-9.2463390131421e-05,299.60551999999996,298.741035,1.3948800364434704,299.5246
2025-05-06,299.5246,0.0001555919793805,0.003024887055543,299.478,299.6968,296.1931,-0.0003064863963062,-0.0012138238671494,-0.0004276700201164,299.57108000000005,298.90761,1.2677201404968348,299.4952
2025-05-07,299.4952,-9.816036138906462e-05,0.0030199648625322,299.5246,299.6612,296.0638,0.0001555919793805,-0.0001187937761466,-0.00043663485239,299.53788000000003,299.07918,1.0810436996816861,299.4917
2025-05-08,299.4917,-1.1686399151819591e-05,0.0029754749882284,299.4952,299.6218,296.8985,-9.816036138906462e-05,-0.0001314904646278,0.0028153579117456,299.51185999999996,299.20884,0.9537468302440231,299.2985
2025-05-09,299.2985,-0.0006453011645956,0.0029783335172255,299.4917,299.5698,296.7552,-1.1686399151819591e-05,-0.0001735671866246,-0.0004827730469236,299.4576,299.336005,0.7590609929487979,298.9213
2025-05-14,298.9213,-0.0012610751098134,0.0029556666530983,299.2985,299.478,297.5237,-0.0006453011645956,-0.0003064863963062,0.0025863291743354,299.34626,299.405885,0.6381372878733649,298.6897
2025-05-15,298.6897,-0.0007750861734291,0.0028517332510603,298.9213,299.5246,298.6051,-0.0012610751098134,0.0001555919793805,0.0036280789862912,299.17927999999995,299.410115,0.6328079132062735,298.5101
2025-05-16,298.5101,-0.0006014737627657,0.0019959783710589,298.6897,299.4952,301.2049,-0.0007750861734291,-9.816036138906462e-05,0.0086687993891791,298.98225999999994,299.275375,0.5044093835112934,298.8165
2025-05-19,298.8165,0.0010259045114458,0.0010344703514136,298.5101,299.4917,298.8721,-0.0006014737627657,-1.1686399151819591e-05,-0.007775041375406,298.84722,299.272595,0.5068960585507034,299.547
2025-05-20,299.547,0.0024416608396698,0.0010035843263121,298.8165,299.2985,298.138,0.0010259045114458,-0.0006453011645956,-0.0024592561163797,298.89692,299.343045,0.4335081441177479,300.565
2025-05-21,300.565,0.0033927032836149,0.0011932605312028,299.547,298.9213,298.6186,0.0024416608396698,-0.0012610751098134,0.0016107072930735,299.22566,299.440365,0.47846171959915174,299.8469
2025-05-22,299.8469,-0.0023920256823731,0.0013015661356858,300.565,298.6897,299.0786,0.0033927032836149,-0.0007750861734291,0.0015392412439667,299.4571,299.47878000000003,0.4787301883664683,299.4119
2025-05-23,299.4119,-0.0014517937038364,0.0013443966007055,299.8469,298.5101,299.2328,-0.0023920256823731,-0.0006014737627657,0.0005154506613583,299.63746000000003,299.48773500000004,0.47555132576580383,299.336
2025-05-26,299.336,-0.0002535290742783,0.0012916900465307,299.4119,298.8165,299.7194,-0.0014517937038364,0.0010259045114458,0.0016248378653789,299.74136,299.468565,0.4734441147098399,299.569
2025-05-27,299.569,0.000778086714104,0.0013021884770937,299.336,299.547,299.8285,-0.0002535290742783,0.0024416608396698,0.000363940900149,299.74576,299.45559,0.46656664429549716,299.6855
2025-05-28,299.6855,0.0003888164426554,0.001292259073102,299.569,300.565,300.0608,0.000778086714104,0.0033927032836149,0.0007744762629083,299.56985999999995,299.436825,0.4481271669441124,299.6736
2025-05-29,299.6736,-3.970908259015791e-05,0.0012635572549499,299.6855,299.8469,299.6968,0.0003888164426554,-0.0023920256823731,-0.0012138238671494,299.5352,299.435665,0.4474483025306567,299.4393
2025-05-30,299.4393,-0.0007821564581393,0.0012753839599792,299.6736,299.4119,299.6612,-3.970908259015791e-05,-0.0014517937038364,-0.0001187937761466,299.54067999999995,299.42457,0.44430163306934,299.4211
2025-06-02,299.4211,-6.0782112176951466e-05,0.0012752063468787,299.4393,299.336,299.6218,-0.0007821564581393,-0.0002535290742783,-0.0001314904646278,299.5577,299.414535,0.4418724050955377,299.5516
2025-06-03,299.5516,0.0004357460767907,0.0012789569649235,299.4211,299.569,299.5698,-6.0782112176951466e-05,0.000778086714104,-0.0001735671866246,299.55422,299.413625,0.4415544466227049,299.5189
2025-06-04,299.5189,-0.000109169121272,0.0012772528814148,299.5516,299.6855,299.478,0.0004357460767907,0.0003888164426554,-0.0003064863963062,299.5209,299.41567,0.441962805163596,299.3602
2025-06-05,299.3602,-0.0005299901222624,0.0012822403396738,299.5189,299.6736,299.5246,-0.000109169121272,-3.970908259015791e-05,0.0001555919793805,299.45822000000004,299.40745000000004,0.44135861477065963,299.2745
2025-06-06,299.2745,-0.0002863181856498,0.0012834761128746,299.3602,299.4393,299.4952,-0.0005299901222624,-0.0007821564581393,-9.816036138906462e-05,299.42526000000004,299.396415,0.4418079676506883,299.1426
2025-06-09,299.1426,-0.0004408296558904,0.0012866164975167,299.2745,299.4211,299.4917,-0.0002863181856498,-6.0782112176951466e-05,-1.1686399151819591e-05,299.36956,299.37896,0.44473177059842794,299.1087
2025-06-11,299.1087,-0.0001133303012841,0.0012793210297047,299.1426,299.5516,299.2985,-0.0004408296558904,0.0004357460767907,-0.0006453011645956,299.28098,299.36947000000004,0.44854771862630866,298.9831
2025-06-12,298.9831,-0.0004200024205192,0.0012502769921331,299.1087,299.5189,298.9213,-0.0001133303012841,-0.000109169121272,-0.0012610751098134,299.17382,299.37256,0.44550034129660876,299.0231
2025-06-13,299.0231,0.0001337778774189,0.001236670117582,298.9831,299.3602,298.6897,-0.0004200024205192,-0.0005299901222624,-0.0007750861734291,299.1064,299.38923,0.42433894482525863,299.4377
2025-06-16,299.4377,0.0013855546305714,0.0012606726139502,299.0231,299.2745,298.5101,0.0001337778774189,-0.0002863181856498,-0.0006014737627657,299.13903999999997,299.43561,0.37046663020501575,300.7861
2025-06-17,300.7861,0.0044929983394492,0.0015837069246365,299.4377,299.1426,298.8165,0.0013855546305714,-0.0004408296558904,0.0010259045114458,299.46774,299.53409,0.4503930913403684,300.8465
2025-06-18,300.8465,0.0002007869926029,0.0015035772356518,300.7861,299.1087,299.547,0.0044929983394492,-0.0001133303012841,0.0024416608396698,299.81530000000004,299.599065,0.5376382625264474,300.7094
2025-06-19,300.7094,-0.0004558179958795,0.0013094170134114,300.8465,298.9831,300.565,0.0002007869926029,-0.0004200024205192,0.0033927032836149,300.16056000000003,299.606285,0.552068547675436,300.6511
2025-06-20,300.6511,-0.0001938936800227,0.0011820037601684,300.7094,299.0231,299.8469,-0.0004558179958795,0.0001337778774189,-0.0023920256823731,300.48616000000004,299.646495,0.5979007077097904,300.4493
2025-06-23,300.4493,-0.000671435279635,0.0011390019310621,300.6511,299.4377,299.4119,-0.0001938936800227,0.0013855546305714,-0.0014517937038364,300.68847999999997,299.69836499999997,0.6210293232045614,301.1214
2025-06-24,301.1214,0.0022344847568049,0.0012227613693347,300.4493,300.7861,299.336,-0.000671435279635,0.0044929983394492,-0.0002535290742783,300.75554,299.787635,0.6906217086730789,300.4861
2025-06-25,300.4861,-0.0021120090296434,0.0013291069353567,301.1214,300.8465,299.569,0.0022344847568049,0.0002007869926029,0.000778086714104,300.68345999999997,299.83349,0.7056242856626189,300.2152
2025-06-26,300.2152,-0.0009019458368574,0.0013482455358397,300.4861,300.7094,299.6855,-0.0021120090296434,-0.0004558179958795,0.0003888164426554,300.58462,299.859975,0.7097063661647673,299.9734
2025-06-27,299.9734,-0.0008057467705381,0.001362875133839,300.2152,300.6511,299.6736,-0.0009019458368574,-0.0001938936800227,-3.970908259015791e-05,300.44908,299.87496500000003,0.7087281041014494,299.9674
2025-06-30,299.9674,-2.000197352884645e-05,0.0013489668927744,299.9734,300.4493,299.4393,-0.0008057467705381,-0.000671435279635,-0.0007821564581393,300.3527,299.90137,0.7014425265056509,299.9523
2025-07-01,299.9523,-5.034007052346315e-05,0.0013489082547839,299.9674,301.1214,299.4211,-2.000197352884645e-05,0.0022344847568049,-6.0782112176951466e-05,300.11888000000005,299.92792999999995,0.6922973449177275,300.0253
2025-07-02,300.0253,0.0002433424193178,0.0013469870852139,299.9523,300.4861,299.5516,-5.034007052346315e-05,-0.0021120090296434,0.0004357460767907,300.02672,299.951615,0.6868261760224591,299.9991
2025-07-03,299.9991,-8.73297819777196e-05,0.0013468353516972,300.0253,300.2152,299.5189,0.0002433424193178,-0.0009019458368574,-0.000109169121272,299.9835,299.975625,0.6792548811332476,300.0015
2025-07-04,300.0015,7.999992000121879e-06,0.0013393608666716,299.9991,299.9734,299.3602,-8.73297819777196e-05,-0.0008057467705381,-0.0005299901222624,299.98912,300.00769,0.6636309602967816,300.2223
2025-07-07,300.2223,0.0007357256075476,0.0013430569379255,300.0015,299.9674,299.2745,7.999992000121879e-06,-2.000197352884645e-05,-0.0002863181856498,300.04010000000005,300.05508,0.642007075376041,300.5654
2025-07-08,300.5654,0.0011421673156728,0.0013525145497484,300.2223,299.9523,299.1426,0.0007357256075476,-5.034007052346315e-05,-0.0004408296558904,300.16272,300.12622,0.6137836654643614,300.9139
2025-07-09,300.9139,0.0011588097512194,0.0013650152743487,300.5654,300.0253,299.1087,0.0011421673156728,0.0002433424193178,-0.0001133303012841,300.34044,300.21648,0.5884874837388406,300.7097
2025-07-11,300.7097,-0.0006788297794217,0.0013734103767082,300.9139,299.9991,298.9831,0.0011588097512194,-8.73297819777196e-05,-0.0004200024205192,300.48256000000003,300.30281,0.5207795380525213,300.7031
2025-07-14,300.7031,-2.194831902561731e-05,0.0013747709789458,300.7097,300.0015,299.0231,-0.0006788297794217,7.999992000121879e-06,0.0001337778774189,300.62288,300.38680999999997,0.4313058273753866,300.9579
2025-07-15,300.9579,0.0008469886372311,0.0013571403863005,300.7031,300.2223,299.4377,-2.194831902561731e-05,0.0007357256075476,0.0013855546305714,300.77,300.46282,0.38690766012691774,300.955
2025-07-16,300.955,-9.635945665987514e-06,0.0009197905916807,300.9579,300.5654,300.7861,0.0008469886372311,0.0011421673156728,0.0044929983394492,300.84792000000004,300.471265,0.39607003934930335,301.3045
2025-07-17,301.3045,0.0011606293939179,0.0009536930282468,300.955,300.9139,300.8465,-9.635945665987514e-06,0.0011588097512194,0.0002007869926029,300.92604,300.494165,0.430639005330788,301.5145
2025-07-18,301.5145,0.0006967265746268,0.0009546834898414,301.3045,300.7097,300.7094,0.0011606293939179,-0.0006788297794217,-0.0004558179958795,301.087,300.53442,0.4859010735267387,301.5995
2025-07-21,301.5995,0.0002818704276894,0.000952015080217,301.5145,300.7031,300.6511,0.0006967265746268,-2.194831902561731e-05,-0.0001938936800227,301.26628,300.58183999999994,0.5410372721782346,301.8496
2025-07-22,301.8496,0.0008289017725601,0.0009423232579736,301.5995,300.9579,300.4493,0.0002818704276894,0.0008469886372311,-0.000671435279635,301.44462000000004,300.651855,0.6092839554642334,301.7347
2025-07-23,301.7347,-0.000380725613267,0.0008239056190409,301.8496,300.955,301.1214,0.0008289017725601,-9.635945665987514e-06,0.0022344847568049,301.60056,300.68252,0.6483414374929172,301.7688
2025-07-24,301.7688,0.0001130068012408,0.0006386470058463,301.7347,301.3045,300.4861,-0.000380725613267,0.0011606293939179,-0.0021120090296434,301.69341999999995,300.74665500000003,0.68999402092522,301.8293
2025-07-25,301.8293,0.0002004645150558,0.0005824564328911,301.7688,301.5145,300.2152,0.0001130068012408,0.0006967265746268,-0.0009019458368574,301.75638,300.82736,0.7183736407894239,301.8716
2025-07-28,301.8716,0.0001401356203683,0.0005263749243806,301.8293,301.5995,299.9734,0.0002004645150558,0.0002818704276894,-0.0008057467705381,301.8108,300.92226999999997,0.7249749324828539,301.9502
2025-07-29,301.9502,0.0002603417115578,0.0005206751263763,301.8716,301.8496,299.9674,0.0001401356203683,0.0008289017725601,-2.000197352884645e-05,301.83092,301.02141,0.7230954285804073,302.042
2025-07-30,302.042,0.0003039774378107,0.000513045870113,301.9502,301.7347,299.9523,0.0002603417115578,-0.000380725613267,-5.034007052346315e-05,301.89237999999995,301.125895,0.7113640873015814,302.2079
2025-07-31,302.2079,0.0005491105721938,0.0005143444599727,302.042,301.7688,300.0253,0.0003039774378107,0.0001130068012408,0.0002433424193178,301.9802,301.235025,0.7009758895676504,302.1856
2025-08-01,302.1856,-7.379298423987999e-05,0.0005137300132411,302.2079,301.8293,299.9991,0.0005491105721938,0.0002004645150558,-8.73297819777196e-05,302.05146,301.34435,0.6677936913468425,301.6126
2025-08-04,301.6126,-0.0018979856912863,0.0007188884269309,302.1856,301.8716,300.0015,-7.379298423987999e-05,0.0001401356203683,7.999992000121879e-06,301.99966,301.42490499999997,0.5899130020315583,301.0039
2025-08-05,301.0039,-0.0020201909739192,0.0008722441778255,301.6126,301.9502,300.2223,-0.0018979856912863,0.0002603417115578,0.0007357256075476,301.8104,301.463985,0.5287717219802214,300.9112
2025-08-06,300.9112,-0.0003080168639493,0.0008434770042609,301.0039,302.042,300.5654,-0.0020201909739192,0.0003039774378107,0.0011421673156728,301.58424,301.481275,0.5028617324533118,300.766
2025-08-07,300.766,-0.0004826508394159,0.0008098651299936,300.9112,302.2079,300.9139,-0.0003080168639493,0.0005491105721938,0.0011588097512194,301.29586,301.47387999999995,0.5126370795803533,300.8113
2025-08-11,300.8113,0.0001506040872408,0.0007957121822745,300.766,302.1856,300.7097,-0.0004826508394159,-7.379298423987999e-05,-0.0006788297794217,301.021,301.47896000000003,0.5051140458952594,300.6705
2025-08-12,300.6705,-0.0004681771005268,0.0008030804441137,300.8113,301.6126,300.7031,0.0001506040872408,-0.0018979856912863,-2.194831902561731e-05,300.83258,301.47733,0.507795000175054,301.017
2025-08-13,301.017,0.0011517608004294,0.0008227568859363,300.6705,301.0039,300.9579,-0.0004681771005268,-0.0020201909739192,0.0008469886372311,300.83520000000004,301.480285,0.5047761893496606,300.9333
2025-08-14,300.9333,-0.0002780960505857,0.0008252770286974,301.017,300.9112,300.955,0.0011517608004294,-0.0003080168639493,-9.635945665987514e-06,300.83961999999997,301.4792,0.5059865683599517,301.0335
2025-08-15,301.0335,0.0003329087282734,0.0007835178588697,300.9333,300.766,301.3045,-0.0002780960505857,-0.0004826508394159,0.0011606293939179,300.89312,301.46565,0.5144686625335771,301.1502
2025-08-18,301.1502,0.0003875893733454,0.0007710657961589,301.0335,300.8113,301.5145,0.0003329087282734,0.0001506040872408,0.0006967265746268,300.9609,301.447435,0.5190765456863774,301.1936
2025-08-19,301.1936,0.0001441037496363,0.0007684576914958,301.1502,300.6705,301.5995,0.0003875893733454,-0.0004681771005268,0.0002818704276894,301.06552,301.42714,0.5207504426989537,301.5355
2025-08-20,301.5355,0.0011345064861536,0.0007899543986784,301.1936,301.017,301.8496,0.0001441037496363,0.0011517608004294,0.0008289017725601,301.16922,301.411435,0.5120020531081206,301.8375
2025-08-21,301.8375,0.0010010392417923,0.0008195651644583,301.5355,300.9333,301.7347,0.0011345064861536,-0.0002780960505857,-0.000380725613267,301.35006000000004,301.416575,0.5159191428565943,301.8311
2025-08-22,301.8311,-2.12036869243309e-05,0.0008192873758751,301.8375,301.0335,301.7688,0.0010010392417923,0.0003329087282734,0.0001130068012408,301.50958,301.41969,0.5183401209047672,301.9848
2025-08-25,301.9848,0.0005090955813507,0.0008259368811113,301.8311,301.1502,301.8293,-2.12036869243309e-05,0.0003875893733454,0.0002004645150558,301.6765,301.427465,0.5259183989811966,302.2301
2025-08-26,302.2301,0.000811962808189,0.0008442916010337,301.9848,301.1936,301.8716,0.0005090955813507,0.0001441037496363,0.0001401356203683,301.88379999999995,301.44539,0.547518517728288,302.302
2025-08-27,302.302,0.0002378699173759,0.0008440249445162,302.2301,301.5355,301.9502,0.000811962808189,0.0011345064861536,0.0002603417115578,302.0371,301.46298,0.569788206813568,302.3261
2025-08-28,302.3261,7.971842530215885e-05,0.0008420756066324,302.302,301.8375,302.042,0.0002378699173759,0.0010010392417923,0.0003039774378107,302.13482,301.47718499999996,0.5882261355954184,302.4465
2025-08-29,302.4465,0.0003981661920221,0.0008380051822549,302.3261,301.8311,302.2079,7.971842530215885e-05,-2.12036869243309e-05,0.0005491105721938,302.2579,301.48911499999997,0.6059776965390681,302.2931
2025-09-01,302.2931,-0.0005073258086296,0.0008466513747325,302.4465,301.9848,302.1856,0.0003981661920221,0.0005090955813507,-7.379298423987999e-05,302.31956,301.49449000000004,0.6129176607297079,301.9727
2025-09-02,301.9727,-0.0010604605788585,0.0007635415419198,302.2931,302.2301,301.6126,-0.0005073258086296,0.000811962808189,-0.0018979856912863,302.26808,301.512495,0.6217947008185052,302.136
2025-09-03,302.136,0.0005406311942785,0.000591811663337,301.9727,302.302,301.0039,-0.0010604605788585,0.0002378699173759,-0.0020201909739192,302.23488,301.56910000000005,0.6245820261268916,302.136
2025-09-04,302.136,0.0,0.0005821616443765,302.136,302.3261,300.9112,0.0005406311942785,7.971842530215885e-05,-0.0003080168639493,302.19686,301.63034,0.61667563289216,302.0218
2025-09-08,302.0218,-0.0003780469319776,0.0005761150023451,302.136,302.4465,300.766,0.0,0.0003981661920221,-0.0004826508394159,302.11192,301.69313,0.5872681402211474,302.0123
2025-09-09,302.0123,-3.145517778144686e-05,0.0005785085014868,302.0218,302.2931,300.8113,-0.0003780469319776,-0.0005073258086296,0.0001506040872408,302.05576,301.75318,0.5527404831173183,301.9019
2025-09-10,301.9019,-0.000365614854659,0.0005727064689748,302.0123,301.9727,300.6705,-3.145517778144686e-05,-0.0010604605788585,-0.0004681771005268,302.0416,301.81475,0.49091874929939006,302.0173
2025-09-11,302.0173,0.000382170334722,0.0005299598874237,301.9019,302.136,301.017,-0.000365614854659,0.0005406311942785,0.0011517608004294,302.01786000000004,301.864765,0.45500807311292835,301.9126
2025-09-12,301.9126,-0.0003467289864234,0.0005331983731256,302.0173,302.136,300.9333,0.000382170334722,0.0,-0.0002780960505857,301.97318,301.91373000000004,0.3987034448560624,301.8134
2025-09-15,301.8134,-0.0003286259027862,0.0005425050406237,301.9126,302.0218,301.0335,-0.0003467289864234,-0.0003780469319776,0.0003329087282734,301.93149999999997,301.952725,0.3422197937431499,302.1169
2025-09-16,302.1169,0.0010050829559286,0.0005745961609615,301.8134,302.0123,301.1502,-0.0003286259027862,-3.145517778144686e-05,0.0003875893733454,301.95241999999996,302.00106,0.2866645727256272,302.1078
2025-09-17,302.1078,-3.0121244631984288e-05,0.0005761722605759,302.1169,301.9019,301.1936,0.0010050829559286,-0.000365614854659,0.0001441037496363,301.99359999999996,302.04677000000004,0.21508488677535928,301.9777
2025-09-18,301.9777,-0.0004307337355769,0.0005408479612712,302.1078,302.0173,301.5355,-3.0121244631984288e-05,0.000382170334722,0.0011345064861536,301.98568,302.06888,0.17955577814863083,302.0652
2025-09-19,302.0652,0.0002897145239585,0.0004983450799019,301.9777,301.9126,301.8375,-0.0004307337355769,-0.0003467289864234,0.0010010392417923,302.0162,302.08026499999994,0.17113394959333317,302.3706
2025-09-22,302.3706,0.0010105292439289,0.0005432989969687,302.0652,301.8134,301.8311,0.0002897145239585,-0.0003286259027862,-2.12036869243309e-05,302.12764000000004,302.10724,0.17230755059752229,302.4124
2025-09-23,302.4124,0.00013823139892,0.0005344739056758,302.3706,302.1169,301.9848,0.0010105292439289,0.0010050829559286,0.0005090955813507,302.18674,302.12862,0.18254010833467582,302.5314
2025-09-24,302.5314,0.0003934249810808,0.0005116303798257,302.4124,302.1078,302.2301,0.00013823139892,-3.0121244631984288e-05,0.000811962808189,302.27146000000005,302.143685,0.20267830166705403,302.5733
2025-09-25,302.5733,0.0001384884304053,0.0005101884589173,302.5314,301.9777,302.302,0.0003934249810808,-0.0004307337355769,0.0002378699173759,302.39058,302.15725,0.22199058892646456,302.5248
2025-09-26,302.5248,-0.0001603045856659,0.0005121444142759,302.5733,302.0652,302.3261,0.0001384884304053,0.0002897145239585,7.971842530215885e-05,302.48249999999996,302.167185,0.2340631050049576,302.5988
2025-09-29,302.5988,0.0002445781336865,0.0005075088730198,302.5248,302.3706,302.4465,-0.0001603045856659,0.0010105292439289,0.0003981661920221,302.52814,302.1748,0.2458112326527239,302.6097
2025-09-30,302.6097,3.602064412908159e-05,0.0004918034874632,302.5988,302.4124,302.2931,0.0002445781336865,0.00013823139892,-0.0005073258086296,302.5676,302.19062999999994,0.26339598185272384,302.6158
2025-10-01,302.6158,2.015777590395769e-05,0.0004167460844626,302.6097,302.5314,301.9727,3.602064412908159e-05,0.0003934249810808,-0.0010604605788585,302.58448,302.22278500000004,0.2744150319428404,302.5171
2025-10-02,302.5171,-0.0003262093364124,0.0004142742541438,302.6158,302.5733,302.136,2.015777590395769e-05,0.0001384884304053,0.0005406311942785,302.57324,302.24184,0.2812188142118791,302.5219
2025-10-03,302.5219,1.5866745780411443e-05,0.0004141623802084,302.5171,302.5248,302.136,-0.0003262093364124,-0.0001603045856659,0.0,302.57266,302.261135,0.28675883553297465,302.4794
2025-10-07,302.4794,-0.0001404955661084,0.0004041075559605,302.5219,302.5988,302.0218,1.5866745780411443e-05,0.0002445781336865,-0.0003780469319776,302.54878,302.284015,0.28490722824038056,302.4906
2025-10-08,302.4906,3.702662942384413e-05,0.0004034414125827,302.4794,302.6097,302.0123,-0.0001404955661084,3.602064412908159e-05,-3.145517778144686e-05,302.52495999999996,302.30793,0.2809457919120882,302.618
2025-10-09,302.618,0.000421081445157,0.0003960817266628,302.4906,302.6158,301.9019,3.702662942384413e-05,2.015777590395769e-05,-0.000365614854659,302.5254,302.343735,0.27196393969263766,302.7339
2025-10-10,302.7339,0.0003829177753177,0.0003961079530904,302.618,302.5171,302.0173,0.000421081445157,-0.0003262093364124,0.000382170334722,302.56876,302.379565,0.2738916848308577,302.6837
2025-10-13,302.6837,-0.0001658359456846,0.000386883859226,302.7339,302.5219,301.9126,0.0003829177753177,1.5866745780411443e-05,-0.0003467289864234,302.60112,302.41812,0.25854129995549174,302.602
2025-10-14,302.602,-0.0002699551649615,0.0003834501467385,302.6837,302.4794,301.8134,-0.0001658359456846,-0.0001404955661084,-0.0003286259027862,302.62564,302.45754999999997,0.2184947969838759,302.7268
2025-10-15,302.7268,0.0004123378955974,0.0003317088527805,302.602,302.4906,302.1169,-0.0002699551649615,3.702662942384413e-05,0.0010050829559286,302.67287999999996,302.48804499999994,0.21087708934128882,302.9654
2025-10-16,302.9654,0.0007878589565524,0.0003636062543654,302.7268,302.618,302.1078,0.0004123378955974,0.000421081445157,-3.0121244631984288e-05,302.74236,302.53092499999997,0.2166031342258568,302.9869
2025-10-17,302.9869,7.096268141584241e-05,0.0003384705496688,302.9654,302.7339,301.9777,0.0007878589565524,0.0003829177753177,-0.0004307337355769,302.79296,302.581385,0.19766432276301035,303.0311
2025-10-21,303.0311,0.0001458702549375,0.0003372477745994,302.9869,302.6837,302.0652,7.096268141584241e-05,-0.0001658359456846,0.0002897145239585,302.86244,302.62968,0.18230988538528783,303.1106
2025-10-22,303.1106,0.0002623149024588,0.0002733327485159,303.0311,302.602,302.3706,0.0001458702549375,-0.0002699551649615,0.0010105292439289,302.96416,302.66668,0.20108686155037422,303.2568
2025-10-23,303.2568,0.0004822159068347,0.0002849682889735,303.1106,302.7268,302.4124,0.0002623149024588,0.0004123378955974,0.00013823139892,303.07016000000004,302.70889999999997,0.23126827892209265,303.6082
2025-10-24,303.6082,0.0011580830638561,0.000361783471029,303.2568,302.9654,302.5314,0.0004822159068347,0.0007878589565524,0.0003934249810808,303.19872,302.76274,0.30222635712474966,303.774
2025-10-27,303.774,0.0005459494997325,0.0003708219017721,303.6082,302.9869,302.5733,0.0011580830638561,7.096268141584241e-05,0.0001384884304053,303.35614,302.822775,0.37347231965194866,304.0209
2025-10-28,304.0209,0.0008124451639225,0.000384876903487,303.774,303.0311,302.5248,0.0005459494997325,0.0001458702549375,-0.0001603045856659,303.5541,302.89758,0.4521846706984735,304.2329
2025-10-29,304.2329,0.0006970774653098,0.0003978302037245,304.0209,303.1106,302.5988,0.0008124451639225,0.0002623149024588,0.0002445781336865,303.77856,302.979285,0.5353427050610827,304.3424
2025-10-30,304.3424,0.0003598568695827,0.0003944120444848,304.2329,303.2568,302.6097,0.0006970774653098,0.0004822159068347,3.602064412908159e-05,303.99568,303.06592,0.607697180123957,304.4223
2025-10-31,304.4223,0.0002624987961976,0.0003895242657883,304.3424,303.6082,302.6158,0.0003598568695827,0.0011580830638561,2.015777590395769e-05,304.1585,303.156245,0.6684864274252219,304.4913
2025-11-03,304.4913,0.0002266331390705,0.0003615374830615,304.4223,303.774,302.5171,0.0002624987961976,0.0005459494997325,-0.0003262093364124,304.30196,303.254955,0.7133907252058418,304.5367
2025-11-04,304.5367,0.0001490900256935,0.000356732868845,304.4913,304.0209,302.5219,0.0002266331390705,0.0008124451639225,1.5866745780411443e-05,304.40512,303.355695,0.7459409412697703,304.6238
2025-11-06,304.6238,0.0002859673291148,0.0003393313849419,304.5367,304.2329,302.4794,0.0001490900256935,0.0006970774653098,-0.0001404955661084,304.4833,303.46291499999995,0.7671685694603119,304.9541
2025-11-07,304.9541,0.0010837008110876,0.0003675393254625,304.6238,304.3424,302.4906,0.0002859673291148,0.0003598568695827,3.702662942384413e-05,304.60564,303.58608999999996,0.7999078663357259,304.9548
2025-11-10,304.9548,2.2954247756588547e-06,0.0003783777608048,304.9541,304.4223,302.618,0.0010837008110876,0.0002624987961976,0.000421081445157,304.71214,303.70293000000004,0.8214344450216139,304.391
2025-11-11,304.391,-0.0018505097134961,0.0006268799587522,304.9548,304.4913,302.7339,2.2954247756588547e-06,0.0002266331390705,0.0003829177753177,304.69208,303.785785,0.8018878568856508,304.2775
2025-11-12,304.2775,-0.0003729452117715,0.0006361517124128,304.391,304.5367,302.6837,-0.0018505097134961,0.0001490900256935,-0.0001658359456846,304.64024,303.86547499999995,0.76494378663071,304.5194
2025-11-13,304.5194,0.0007946821435208,0.0006337831945154,304.2775,304.6238,302.602,-0.0003729452117715,0.0002859673291148,-0.0002699551649615,304.61936000000003,303.961345,0.7169037456273122,305.2173
2025-11-14,305.2173,0.002289185823229,0.0007725785061683,304.5194,304.9541,302.7268,0.0007946821435208,0.0010837008110876,0.0004123378955974,304.67199999999997,304.08587,0.7074141466189896,306.3737
2025-11-17,306.3737,0.0037816167278563,0.0010789759248328,305.2173,304.9548,302.9654,0.002289185823229,2.2954247756588547e-06,0.0007878589565524,304.95578,304.25628500000005,0.8241789651525634,307.8955
2025-11-18,307.8955,0.004954841015649,0.0014511121314457,306.3737,304.391,302.9869,0.0037816167278563,-0.0018505097134961,7.096268141584241e-05,305.65668000000005,304.501715,1.1081985905395433,307.7857
2025-11-19,307.7857,-0.0003566781027715,0.0014673598604647,307.8955,304.2775,303.0311,0.004954841015649,-0.0003729452117715,0.0001458702549375,306.35832,304.73944500000005,1.2737329338644179,308.4745
2025-11-20,308.4745,0.0022354203202922,0.0014968668686339,307.7857,304.5194,303.1106,-0.0003566781027715,0.0007946821435208,0.0002623149024588,307.14934000000005,305.00764,1.4633135579353334,308.2526
2025-11-21,308.2526,-0.0007196051854234,0.0015371341140403,308.4745,305.2173,303.2568,0.0022354203202922,0.002289185823229,0.0004822159068347,307.75640000000004,305.25743,1.5711355032505623,307.9781
2025-11-24,307.9781,-0.0008909001714973,0.0015808630600674,308.2526,306.3737,303.6082,-0.0007196051854234,0.0037816167278563,0.0011580830638561,308.07728,305.47592499999996,1.6323723932946068,307.8585
2025-11-25,307.8585,-0.0003884147239824,0.0015998001553563,307.9781,307.8955,303.774,-0.0008909001714973,0.004954841015649,0.0005459494997325,308.06987999999996,305.68015,1.663447765302694,307.9064
2025-11-26,307.9064,0.0001555788584138,0.0016034131646582,307.8585,307.7857,304.0209,-0.0003884147239824,-0.0003566781027715,0.0008124451639225,308.09402,305.874425,1.6862030513525583,308.075
2025-11-27,308.075,0.0005474191402867,0.0016034572773486,307.9064,308.4745,304.2329,0.0001555788584138,0.0022354203202922,0.0006970774653098,308.01412,306.06652999999994,1.7080640512753709,308.0262
2025-11-28,308.0262,-0.0001584155333637,0.0016121743377386,308.075,308.2526,304.3424,0.0005474191402867,-0.0007196051854234,0.0003598568695827,307.96884,306.25072,1.7109759663624424,308.071
2025-12-01,308.071,0.000145431597738,0.0016136820310185,308.0262,307.9781,304.4223,-0.0001584155333637,-0.0008909001714973,0.0002624987961976,307.98742000000004,306.433155,1.7002474338418578,308.5126
2025-12-02,308.5126,0.0014324094105199,0.001621671558726,308.071,307.8585,304.4913,0.000145431597738,-0.0003884147239824,0.0002266331390705,308.11824,306.63422,1.6962921386292675,308.8268
2025-12-03,308.8268,0.0010179166504841,0.0016190124089941,308.5126,307.9064,304.5367,0.0014324094105199,0.0001555788584138,0.0001490900256935,308.30232,306.84872499999994,1.6883237151783153,308.8479
2025-12-05,308.8479,6.8320752033998e-05,0.0016226652873749,308.8268,308.075,304.6238,0.0010179166504841,0.0005474191402867,0.0002859673291148,308.4569,307.05993,1.6593048760493136,308.6553
2025-12-08,308.6553,-0.000623802455584,0.0016455396853379,308.8479,308.0262,304.9541,6.8320752033998e-05,-0.0001584155333637,0.0010837008110876,308.58272,307.24499000000003,1.6179633418842203,308.6083
2025-12-09,308.6083,-0.0001522850208269,0.0016488702743042,308.6553,308.071,304.9548,-0.000623802455584,0.000145431597738,2.2954247756588547e-06,308.69018,307.427665,1.5506287849474412,308.6494
2025-12-10,308.6494,0.0001331696633699,0.0015507362023223,308.6083,308.5126,304.391,-0.0001522850208269,0.0014324094105199,-0.0018505097134961,308.71754,307.640585,1.3964079200699326,308.748
2025-12-11,308.748,0.0003194052998545,0.0015332792165383,308.6494,308.8268,304.2775,0.0001331696633699,0.0010179166504841,-0.0003729452117715,308.70178,307.86411000000004,1.1690280546349787,309.0255
2025-12-12,309.0255,0.000898387576237,0.0015336873918606,308.748,308.8479,304.5194,0.0003194052998545,6.8320752033998e-05,0.0007946821435208,308.7373,308.08941500000003,0.8918461085521362,309.1486
2025-12-15,309.1486,0.0003982696836607,0.0014904746532281,309.0255,308.6553,305.2173,0.000898387576237,-0.000623802455584,0.002289185823229,308.83596,308.28598,0.6161199666142791,309.2557
2025-12-16,309.2557,0.0003463753439967,0.0012944118167611,309.1486,308.6083,306.3737,0.0003982696836607,-0.0001522850208269,0.0037816167278563,308.96544,308.43008,0.463437858887637,309.5379
2025-12-17,309.5379,0.0009120974087774,0.0007637848379752,309.2557,308.6494,307.8955,0.0003463753439967,0.0001331696633699,0.004954841015649,309.14314,308.5122,0.5071765923100793,309.6458
2025-12-18,309.6458,0.0003485233900448,0.0007496731863573,309.5379,308.748,307.7857,0.0009120974087774,0.0003194052998545,-0.0003566781027715,309.32270000000005,308.60520499999996,0.5366358134595055,309.7162
2025-12-19,309.7162,0.0002273307058012,0.000595645449337,309.6458,309.0255,308.4745,0.0003485233900448,0.000898387576237,0.0022354203202922,309.46084,308.66729,0.5899026270210596,309.5238
2025-12-22,309.5238,-0.0006214069058563,0.0005880145435506,309.7162,309.1486,308.2526,0.0002273307058012,0.0003982696836607,-0.0007196051854234,309.53588,308.73085,0.6109768360654164,309.5453
2025-12-23,309.5453,6.945912825762346e-05,0.0005301062768257,309.5238,309.2557,307.9781,-0.0006214069058563,0.0003463753439967,-0.0008909001714973,309.5938,308.80921,0.6098512173155047,309.658
2025-12-24,309.658,0.0003640161518663,0.00050838537886,309.5453,309.5379,307.8585,6.945912825762346e-05,0.0009120974087774,-0.0003884147239824,309.61782,308.899185,0.5947638445752282,309.7074
2025-12-26,309.7074,0.0001595181135553,0.0005083307444755,309.658,309.6458,307.9064,0.0003640161518663,0.0003485233900448,0.0001555788584138,309.63014,308.989235,0.5724621782710335,309.7101
2025-12-29,309.7101,8.717867997046592e-06,0.0005083347028382,309.7074,309.7162,308.075,0.0001595181135553,0.0002273307058012,0.0005474191402867,309.62892,309.07099000000005,0.5513948378987613,309.8309
2025-12-30,309.8309,0.0003899661250211,0.0004990168613877,309.7101,309.5238,308.0262,8.717867997046592e-06,-0.0006214069058563,-0.0001584155333637,309.69034,309.161225,0.5180794004106768,309.9944
2025-12-31,309.9944,0.0005275680221256,0.0005004197053087,309.8309,309.5453,308.071,0.0003899661250211,6.945912825762346e-05,0.000145431597738,309.78015999999997,309.257395,0.482337274958266,309.9809
2026-01-01,309.9809,-4.355012208425792e-05,0.0004302866650231,309.9944,309.658,308.5126,0.0005275680221256,0.0003640161518663,0.0014324094105199,309.84474,309.33081000000004,0.47468994523129604,309.5365
2026-01-02,309.5365,-0.0014346653579848,0.0005332928206819,309.9809,309.7074,308.8268,-4.355012208425792e-05,0.0001595181135553,0.0010179166504841,309.81056,309.36629500000004,0.46136975293088167,309.7548
2026-01-05,309.7548,0.0007049994373946,0.0005491413253696,309.5365,309.7101,308.8479,-0.0014346653579848,8.717867997046592e-06,6.8320752033998e-05,309.8195,309.41164,0.4522143359986373,309.8535
2026-01-06,309.8535,0.0003185883753811,0.00051917008061,309.7548,309.8309,308.6553,0.0007049994373946,0.0003899661250211,-0.000623802455584,309.82401999999996,309.47155000000004,0.4253088172122937,310.026
2026-01-07,310.026,0.0005565597973566,0.0005185007769149,309.8535,309.9944,308.6083,0.0003185883753811,0.0005275680221256,-0.0001522850208269,309.83034000000004,309.542435,0.3905855782952769,310.1421
2026-01-08,310.1421,0.0003744146187342,0.0005189559220516,310.026,309.9809,308.6494,0.0005565597973566,-4.355012208425792e-05,0.0001331696633699,309.86258000000004,309.61707,0.3516325625582148,309.7183
2026-01-09,309.7183,-0.0013674048738554,0.0006306351772547,310.1421,309.5365,308.748,0.0003744146187342,-0.0014346653579848,0.0003194052998545,309.89894000000004,309.66558499999996,0.2862787071768825,309.3752
2026-01-12,309.3752,-0.0011083948874474,0.0006651503621161,309.7183,309.7548,309.0255,-0.0013674048738554,0.0007049994373946,0.000898387576237,309.82302,309.68307,0.25398452107567193,309.0476
2026-01-13,309.0476,-0.0010594694459634,0.0007044426446598,309.3752,309.8535,309.1486,-0.0011083948874474,0.0003185883753811,0.0003982696836607,309.66184000000004,309.67802,0.26589555646162255,309.1127
2026-01-14,309.1127,0.0002106249794452,0.0007014113294305,309.0476,310.026,309.2557,-0.0010594694459634,0.0005565597973566,0.0003463753439967,309.47918,309.67087000000004,0.279427851715702,309.3336
2026-01-16,309.3336,0.0007143708658107,0.0006888160501983,309.1127,310.1421,309.5379,0.0002106249794452,0.0003744146187342,0.0009120974087774,309.31748,309.660655,0.2881430263888962,309.6601
2026-01-19,309.6601,0.0010549381367855,0.0007264911417914,309.3336,309.7183,309.6458,0.0007143708658107,-0.0013674048738554,0.0003485233900448,309.30584,309.66137,0.2881219663134729,309.7416
2026-01-20,309.7416,0.0002631571739965,0.000727119081875,309.6601,309.3752,309.7162,0.0010549381367855,-0.0011083948874474,0.0002273307058012,309.37912,309.66264,0.28843218193815623,309.8507
2026-01-21,309.8507,0.0003521670657546,0.0007155358611544,309.7416,309.0476,309.5238,0.0002631571739965,-0.0010594694459634,-0.0006214069058563,309.53974,309.678985,0.28941103400514845,309.6825
2026-01-22,309.6825,-0.0005429894770212,0.0007277849256469,309.8507,309.1127,309.5453,0.0003521670657546,0.0002106249794452,6.945912825762346e-05,309.6537,309.685845,0.2876964472527023,309.7973
2026-01-23,309.7973,0.0003706335583959,0.0007279500094689,309.6825,309.3336,309.658,-0.0005429894770212,0.0007143708658107,0.0003640161518663,309.74644,309.69281,0.2886713955871818,309.8033
2026-01-26,309.8033,1.9367315009609837e-05,0.0007272356941924,309.7973,309.6601,309.7074,0.0003706335583959,0.0010549381367855,0.0001595181135553,309.77508,309.697605,0.2897210681686429,309.5593
2026-01-27,309.5593,-0.0007879068339703,0.0007491123663267,309.8033,309.7416,309.7101,1.9367315009609837e-05,0.0002631571739965,8.717867997046592e-06,309.73861999999997,309.690065,0.2913365539312998,309.6089
2026-01-28,309.6089,0.0001602149467821,0.0007441697567983,309.5593,309.8507,309.8309,-0.0007879068339703,0.0003521670657546,0.0003899661250211,309.69025999999997,309.678965,0.289913945986758,309.6525
2026-01-29,309.6525,0.0001408129105803,0.0007337102356578,309.6089,309.6825,309.9944,0.0001602149467821,-0.0005429894770212,0.0005275680221256,309.68426,309.66187,0.2802544146771402,309.4993
2026-01-30,309.4993,-0.000494870573344,0.0007402451444678,309.6525,309.7973,309.9809,0.0001408129105803,0.0003706335583959,-4.355012208425792e-05,309.62466,309.63779,0.27196750366776834,309.2494
2026-02-02,309.2494,-0.0008077593167883,0.0006914260282197,309.4993,309.8033,309.5365,-0.000494870573344,1.9367315009609837e-05,-0.0014346653579848,309.51388000000003,309.623435,0.28486616852887836,309.4545
2026-02-03,309.4545,0.0006629989160015,0.0006890835572533,309.2494,309.5593,309.7548,-0.0008077593167883,-0.0007879068339703,0.0007049994373946,309.49292,309.60841999999997,0.28549119370453724,309.5079
2026-02-05,309.5079,0.0001725468304133,0.0006857546371703,309.4545,309.6089,309.8535,0.0006629989160015,0.0001602149467821,0.0003185883753811,309.47272000000004,309.59114,0.28028813257392654,309.4614
2026-02-06,309.4614,-0.0001502497784218,0.0006705805459472,309.5079,309.6525,310.026,0.0001725468304133,0.0001408129105803,0.0005565597973566,309.43449999999996,309.56291,0.2620222869160325,309.3805
2026-02-09,309.3805,-0.0002614561181487,0.0006623696350912,309.4614,309.4993,310.1421,-0.0001502497784218,-0.000494870573344,0.0003744146187342,309.41074,309.52483,0.22632865274023323,309.449
2026-02-10,309.449,0.0002213856976106,0.0005973437188414,309.3805,309.2494,309.7183,-0.0002614561181487,-0.0008077593167883,-0.0013674048738554,309.45066,309.511365,0.22218554899628382,309.4591
2026-02-11,309.4591,3.263812511376685e-05,0.0005422300448721,309.449,309.4545,309.3752,0.0002213856976106,0.0006629989160015,-0.0011083948874474,309.45158000000004,309.51556,0.22026308527625357,309.3864
2026-02-12,309.3864,-0.0002349536365197,0.0004846395427445,309.4591,309.5079,309.0476,3.263812511376685e-05,0.0001725468304133,-0.0010594694459634,309.42728,309.53249999999997,0.19381993542203912,309.3532
2026-02-13,309.3532,-0.000107314935174,0.0004844730894152,309.3864,309.4614,309.1127,-0.0002349536365197,-0.0001502497784218,0.0002106249794452,309.40564,309.544525,0.17271540593114287,309.2053
2026-02-16,309.2053,-0.0004782086183231,0.0004701380177374,309.3532,309.3805,309.3336,-0.000107314935174,-0.0002614561181487,0.0007143708658107,309.3706,309.53810999999996,0.18303620837837795,309.2197
2026-02-17,309.2197,4.656991551954758e-05,0.0003971057995175,309.2053,309.449,309.6601,-0.0004782086183231,0.0002213856976106,0.0010549381367855,309.32473999999996,309.51609,0.19376444978006335,309.3161
2026-02-18,309.3161,0.0003117038683307,0.0003993986476852,309.2197,309.4591,309.7416,4.656991551954758e-05,3.263812511376685e-05,0.0002631571739965,309.29614000000004,309.494815,0.1910410958093301,309.378
2026-02-19,309.378,0.0002000988863689,0.0003923494443216,309.3161,309.3864,309.8507,0.0003117038683307,-0.0002349536365197,0.0003521670657546,309.29445999999996,309.47118,0.1730921038626316,309.3069
2026-02-20,309.3069,-0.0002298423650326,0.0003787597417293,309.378,309.3532,309.6825,0.0002000988863689,-0.000107314935174,-0.0005429894770212,309.2852,309.4524,0.16929181594482084,309.3762
2026-02-23,309.3762,0.0002240242227073,0.0003713184489429,309.3069,309.2053,309.7973,-0.0002298423650326,-0.0004782086183231,0.0003706335583959,309.31938,309.431345,0.14912354988428472,309.3789
2026-02-24,309.3789,8.72720079411064e-06,0.0003711942718487,309.3762,309.2197,309.8033,0.0002240242227073,4.656991551954758e-05,1.9367315009609837e-05,309.35122,309.410125,0.1209421387257168,309.3711
2026-02-25,309.3711,-2.5212121213402774e-05,0.0003303287966801,309.3789,309.3161,309.5593,8.72720079411064e-06,0.0003117038683307,-0.0007879068339703,309.36222,309.400715,0.1159427775085007,309.3486
2026-02-26,309.3486,-7.273083436641624e-05,0.0003273471052893,309.3711,309.378,309.6089,-2.5212121213402774e-05,0.0002000988863689,0.0001602149467821,309.35633999999993,309.3877,0.10548110331417719,309.3091
2026-02-27,309.3091,-0.0001276958164543,0.0003249498318853,309.3486,309.3069,309.6525,-7.273083436641624e-05,-0.0002298423650326,0.0001408129105803,309.35677999999996,309.37053000000003,0.08631696240293266,309.2363
2026-03-03,309.2363,-0.0002353909683464,0.0003113800251023,309.3091,309.3762,309.4993,-0.0001276958164543,0.0002240242227073,-0.000494870573344,309.32879999999994,309.35738000000003,0.08569814589000779,310.1116
2026-03-04,310.1116,0.0028265231310152,0.0006816199071366,309.2363,309.3789,309.2494,-0.0002353909683464,8.72720079411064e-06,-0.0008077593167883,309.47534,309.40049,0.18631579840510848,310.295
2026-03-05,310.295,0.0005912251911642,0.0006789005552259,310.1116,309.3711,309.4545,0.0028265231310152,-2.5212121213402774e-05,0.0006629989160015,309.66012,309.442515,0.2735215766983984,310.9029
2026-03-06,310.9029,0.0019571868934225,0.0007918901713466,310.295,309.3486,309.5079,0.0005912251911642,-7.273083436641624e-05,0.0001725468304133,309.97098,309.51226499999996,0.4262822703001646,311.3373
2026-03-09,311.3373,0.0013962455995996,0.000828015761177,310.9029,309.3091,309.4614,0.0019571868934225,-0.0001276958164543,-0.0001502497784218,310.37662,309.60605999999996,0.5895953281243211,311.7288
2026-03-10,311.7288,0.0012566886611982,0.0008430760247884,311.3373,309.2363,309.3805,0.0013962455995996,-0.0002353909683464,-0.0002614561181487,310.87512,309.723475,0.7533871765313662,311.1244
2026-03-11,311.1244,-0.0019407468395633,0.000990041072075,311.7288,310.1116,309.449,0.0012566886611982,0.0028265231310152,0.0002213856976106,311.07768,309.807245,0.8121173945951863,310.9475
2026-03-12,310.9475,-0.0005687445607765,0.0010066224388819,311.1244,310.295,309.4591,-0.0019407468395633,0.0005912251911642,3.263812511376685e-05,311.20817999999997,309.881665,0.8460237767430969,311.0653
2026-03-13,311.0653,0.0003787703449458,0.0010007219160713,310.9475,310.9029,309.3864,-0.0005687445607765,0.0019571868934225,-0.0002349536365197,311.24066000000005,309.96561,0.877020599829468,311.133
2026-03-16,311.133,0.0002176155102551,0.00099689400224,311.0653,311.3373,309.3532,0.0003787703449458,0.0013962455995996,-0.000107314935174,311.1998,310.0546,0.9015631606440977,311.3783
2026-03-17,311.3783,0.0007880981845513,0.0009858989536941,311.133,311.7288,309.2053,0.0002176155102551,0.0012566886611982,-0.0004782086183231,311.1297,310.16325,0.924470866296322,311.3138
2026-03-18,311.3138,-0.0002071649864538,0.0009916270824585,311.3783,311.1244,309.2197,0.0007880981845513,-0.0019407468395633,4.656991551954758e-05,311.16758,310.267955,0.9305487127576751,311.3
2026-03-19,311.3,-4.432924552031723e-05,0.0009953028947484,311.3138,310.9475,309.3161,-0.0002071649864538,-0.0005687445607765,0.0003117038683307,311.23807999999997,310.36715,0.9294818366897214,311.408
2026-03-20,311.408,0.0003468720526568,0.0009949159067138,311.3,311.0653,309.378,-4.432924552031723e-05,0.0003787703449458,0.0002000988863689,311.30662,310.46865,0.9266152102647958,311.7473
2026-03-23,311.7473,0.0010889742365355,0.0009997591103529,311.408,311.133,309.3069,0.0003468720526568,0.0002176155102551,-0.0002298423650326,311.42948,310.59067,0.9262602897216392,312.964
2026-03-24,312.964,0.0038952442141129,0.0012681214219895,311.7473,311.3783,309.3762,0.0010889742365355,0.0007880981845513,0.0002240242227073,311.74662,310.77006,1.0212311153440903,314.2167
2026-03-25,314.2167,0.0039947073175212,0.0014711581223153,312.964,311.3138,309.3789,0.0038952442141129,-0.0002071649864538,8.72720079411064e-06,312.32720000000006,311.01195,1.226658544905322,313.5091
2026-03-26,313.5091,-0.0022544885034547,0.0016126864289267,314.2167,311.3,309.3711,0.0039947073175212,-4.432924552031723e-05,-2.5212121213402774e-05,312.76902,311.21885,1.2830135112304661,314.386
2026-03-27,314.386,0.0027931435365736,0.001670049558898,313.5091,311.408,309.3486,-0.0022544885034547,0.0003468720526568,-7.273083436641624e-05,313.36462,311.47072,1.386790764242969,314.8755
2026-03-30,314.8755,0.0015557923017242,0.0016628356936603,314.386,311.7473,309.3091,0.0027931435365736,0.0010889742365355,-0.0001276958164543,313.99026000000003,311.74904000000004,1.485212535349141,315.1909
2026-03-31,315.1909,0.0010011644053533,0.001641570950295,314.8755,312.964,309.2363,0.0015557923017242,0.0038952442141129,-0.0002353909683464,314.43564000000003,312.04677,1.5503979815384386,315.21
2026-04-02,315.21,6.059636020777792e-05,0.0015912203269432,315.1909,314.2167,310.1116,0.0010011644053533,0.0039947073175212,0.0028265231310152,314.6343,312.30169,1.632440876627685,315.3833
2026-04-06,315.3833,0.000549641121664,0.0015915557209364,315.21,313.5091,310.295,6.059636020777792e-05,-0.0022544885034547,0.0005912251911642,315.00914,312.556105,1.698410660921712,315.45
2026-04-07,315.45,0.0002114663263606,0.001573282926083,315.3833,314.386,310.9029,0.000549641121664,0.0027931435365736,0.0019571868934225,315.22194,312.78346,1.768363981764249,315.4524
2026-04-08,315.4524,7.608149850261104e-06,0.0015727873864054,315.45,314.8755,311.3373,0.0002114663263606,0.0015557923017242,0.0013962455995996,315.33732,312.989215,1.829585398037434,315.2174
2026-04-09,315.2174,-0.0007452394608913,0.0015961134747865,315.4524,315.1909,311.7288,7.608149850261104e-06,0.0010011644053533,0.0012566886611982,315.34262,313.163645,1.8689698509230406,315.55
2026-04-10,315.55,0.0010545885244712,0.0014862092427519,315.2174,315.21,311.1244,-0.0007452394608913,6.059636020777792e-05,-0.0019407468395633,315.41062,313.38492499999995,1.8767944538428396,315.5893
2026-04-15,315.5893,0.0001245366911893,0.0014628079537719,315.55,315.3833,310.9475,0.0010545885244712,0.000549641121664,-0.0005687445607765,315.45182,313.61701500000004,1.8462722637439282,315.545
2026-04-16,315.545,-0.0001403821661181,0.0014741341538591,315.5893,315.45,311.0653,0.0001245366911893,0.0002114663263606,0.0003787703449458,315.47082,313.841,1.791326989457742,315.7222
2026-04-17,315.7222,0.0005614104602747,0.0014700286554757,315.545,315.4524,311.133,-0.0001403821661181,7.608149850261104e-06,0.0002176155102551,315.52477999999996,314.07046,1.71864093932321,316.44
2026-04-20,316.44,0.0022709371376011,0.0015098554926457,315.7222,315.2174,311.3783,0.0005614104602747,-0.0007452394608913,0.0007880981845513,315.76930000000004,314.323545,1.6734263761192576,316.4443
2026-04-21,316.4443,1.3588581673060786e-05,0.0015028476901306,316.44,315.55,311.3138,0.0022709371376011,0.0010545885244712,-0.0002071649864538,315.94816000000003,314.58007000000003,1.578301821946685,316.4625
2026-04-22,316.4625,5.751241732591672e-05,0.0014999443455155,316.4443,315.5893,311.3,1.3588581673060786e-05,0.0001245366911893,-4.432924552031723e-05,316.1228,314.838195,1.4286874611177665,316.7792
2026-04-23,316.7792,0.001000250066933,0.0014961530977949,316.4625,315.545,311.408,5.751241732591672e-05,-0.0001403821661181,0.0003468720526568,316.36964,315.10675499999996,1.2426750129744701,317.1708
2026-04-24,317.1708,0.0012354288187009,0.0014977158405452,316.7792,315.7222,311.7473,0.001000250066933,0.0005614104602747,0.0010889742365355,316.65936,315.37793,1.0474080495267306,317.75
2026-04-27,317.75,0.0018244800317348,0.0013403230277066,317.1708,316.44,312.964,0.0012354288187009,0.0022709371376011,0.0038952442141129,316.92136,315.61722999999995,1.0130354870403306,317.9173
2026-04-28,317.9173,0.0005263759953135,0.0011029760360784,317.75,316.4443,314.2167,0.0018244800317348,1.3588581673060786e-05,0.0039947073175212,317.21596,315.80226,1.0795391991629955,318.6939
2026-04-29,318.6939,0.0024397949179414,0.0009565940871875,317.9173,316.4625,313.5091,0.0005263759953135,5.751241732591672e-05,-0.0022544885034547,317.66224,316.0615,1.1215962384515088,319.3492
2026-04-30,319.3492,0.002054093933181,0.0008881961176702,318.6939,316.7792,314.386,0.0024397949179414,0.001000250066933,0.0027931435365736,318.17624,316.30966,1.2705487345002868,319.9322
2026-05-04,319.9322,0.0018239234290939,0.0009023821028269,319.3492,317.1708,314.8755,0.002054093933181,0.0012354288187009,0.0015557923017242,318.72852,316.562495,1.459254641202826,319.5189
2026-05-05,319.5189,-0.0012926713475105,0.0010138942209423,319.9322,317.75,315.1909,0.0018239234290939,0.0018244800317348,0.0010011644053533,319.0823,316.77889500000003,1.5624127180602114,319.7857
2026-05-06,319.7857,0.000834656955351,0.0010036515164638,319.5189,317.9173,315.21,-0.0012926713475105,0.0005263759953135,6.059636020777792e-05,319.45598,317.00768000000005,1.652973871734021,320.4515
2026-05-07,320.4515,0.0020798549038061,0.0010473093374679,319.7857,318.6939,315.3833,0.000834656955351,0.0024397949179414,0.000549641121664,319.8075,317.26108999999997,1.7748399933526138,321.6318
2026-05-08,321.6318,0.0036764741567219,0.0012180165198947,320.4515,319.3492,315.45,0.0020798549038061,0.002054093933181,0.0002114663263606,320.26401999999996,317.57018,1.9703514165869325,321.8718
2026-05-11,321.8718,0.0007459166075461,0.0011983310261339,321.6318,319.9322,315.4524,0.0036764741567219,0.0018239234290939,7.608149850261104e-06,320.65194,317.89115000000004,2.1240715255832625,322.028
2026-05-12,322.028,0.0004851686646399,0.0011334515713192,321.8718,319.5189,315.2174,0.0007459166075461,-0.0012926713475105,-0.0007452394608913,321.15376000000003,318.23168,2.216769725619982,322.2773
2026-05-13,322.2773,0.0007738567801357,0.0011353734402724,322.028,319.7857,315.55,0.0004851686646399,0.000834656955351,0.0010545885244712,321.65207999999996,318.56804500000004,2.2973680319418914,323.9586
2026-05-14,323.9586,0.0052033747844918,0.0014427375287856,322.2773,320.4515,315.5893,0.0007738567801357,0.0020798549038061,0.0001245366911893,322.3535,318.98651,2.481118168106812,324.7184
2026-05-15,324.7184,0.0023426153462266,0.001418101153388,323.9586,321.6318,315.545,0.0052033747844918,0.0036764741567219,-0.0001403821661181,322.97082,319.44518,2.6533594240637086,325.6208
2026-05-18,325.6208,0.0027751689553927,0.001432821549779,324.7184,321.8718,315.7222,0.0023426153462266,0.0007459166075461,0.0005614104602747,323.72062,319.94011,2.839056520804127,326.9212
2026-05-19,326.9212,0.0039856491120793,0.0015268535335197,325.6208,322.028,316.44,0.0027751689553927,0.0004851686646399,0.0022709371376011,324.69926,320.46416999999997,3.11310191002725,328.1968
2026-05-20,328.1968,0.0038942651921368,0.001557006285288,326.9212,322.2773,316.4443,0.0039856491120793,0.0007738567801357,1.3588581673060786e-05,325.88316,321.05179499999997,3.409466817627789,329.6367
2026-05-21,329.6367,0.0043777104679572,0.0015982691691593,328.1968,323.9586,316.4625,0.0038942651921368,0.0052033747844918,5.751241732591672e-05,327.01878,321.710505,3.7333899059673397,333.9925
2026-05-22,333.9925,0.0131273987106923,0.0029294087214708,329.6367,324.7184,316.7792,0.0043777104679572,0.0023426153462266,0.001000250066933,328.8736,322.57117,4.4517326664788435,336.8818
2026-05-25,336.8818,0.0086135893535327,0.0031950009605341,333.9925,325.6208,317.1708,0.0131273987106923,0.0027751689553927,0.0012354288187009,331.12579999999997,323.55672,5.295203935996714,325.1144
2026-05-26,325.1144,-0.0355550065960218,0.0092060858739153,336.8818,326.9212,317.75,0.0086135893535327,0.0039856491120793,0.0018244800317348,330.76444000000004,323.92494,5.123429978812552,323.0195
2026-05-27,323.0195,-0.006464427474874,0.00936222529051,325.1144,328.1968,317.9173,-0.0355550065960218,0.0038942651921368,0.0005263759953135,329.72898,324.18005000000005,4.9319987471191356,327.8205
2026-05-29,327.8205,0.014753509569912,0.0098672794904019,323.0195,329.6367,318.6939,-0.006464427474874,0.0043777104679572,0.0024397949179414,329.36574,324.63638000000003,4.818592905512824,329.2241
2026-06-01,329.2241,0.0042724714124743,0.0098873282024529,327.8205,333.9925,319.3492,0.014753509569912,0.0131273987106923,0.002054093933181,328.41206,325.130125,4.753808080938983,331.5775
2026-06-02,331.5775,0.0071228942245075,0.0099665062013987,329.2241,336.8818,319.9322,0.0042724714124743,0.0086135893535327,0.0018239234290939,327.3512,325.71239,4.79662547838592,332.1604
2026-06-03,332.1604,0.0017564166513735,0.0099401937450506,331.5775,325.1144,319.5189,0.0071228942245075,-0.0355550065960218,-0.0012926713475105,328.7604,326.344465,4.77036819767075,334.6149
2026-06-04,334.6149,0.0073623335686171,0.0100089169591583,332.1604,323.0195,319.7857,0.0017564166513735,-0.006464427474874,0.000834656955351,331.07948,327.085925,4.849087164327266,336.163
2026-06-05,336.163,0.0046158430343381,0.010022483051619,334.6149,327.8205,320.4515,0.0073623335686171,0.014753509569912,0.0020798549038061,332.74798,327.87149999999997,4.988378146304985,336.3944
2026-06-08,336.3944,0.000688119732623,0.0100246210645311,336.163,329.2241,321.6318,0.0046158430343381,0.0042724714124743,0.0036764741567219,334.18204000000003,328.60963000000004,5.107289241147784,336.8227
2026-06-09,336.8227,0.0012723980355955,0.0100211712324773,336.3944,331.5775,321.8718,0.000688119732623,0.0071228942245075,0.0007459166075461,335.23107999999996,329.357175,5.163043572186542,337.6325
2026-06-10,337.6325,0.0024013467140302,0.0100123633701459,336.8227,332.1604,322.028,0.0012723980355955,0.0017564166513735,0.0004851686646399,336.32550000000003,330.1374,5.176223660567423,330.9995
2026-06-11,330.9995,-0.0198411610589653,0.0111781604389927,337.6325,334.6149,322.2773,0.0024013467140302,0.0073623335686171,0.0007738567801357,335.60242,330.57351,4.83534542421545,333.3901
2026-06-12,333.3901,0.0071964110127246,0.0112232523016587,330.9995,336.163,323.9586,-0.0198411610589653,0.0046158430343381,0.0052033747844918,335.04784,331.045085,4.610966489426374,336.1886
2026-06-15,336.1886,0.0083590361971199,0.0113289953435927,333.3901,336.3944,324.7184,0.0071964110127246,0.000688119732623,0.0023426153462266,335.00668,331.618595,4.494498136199118,331.589
2026-06-16,331.589,-0.0137760617978123,0.0118419717772121,336.1886,336.8227,325.6208,0.0083590361971199,0.0012723980355955,0.0027751689553927,333.95994,331.917005,4.267725370176107,334.5835
2026-06-17,334.5835,0.0089902245108064,0.0119626840563974,331.589,337.6325,326.9212,-0.0137760617978123,0.0024013467140302,0.0039856491120793,333.35014,332.30012,4.137585761821634,333.9788
2026-06-18,333.9788,-0.0018089568164341,0.0119620098320163,334.5835,330.9995,328.1968,0.0089902245108064,-0.0198411610589653,0.0038942651921368,333.946,332.58921999999995,4.036555710739401,334.2827
2026-06-19,334.2827,0.0009095242534538,0.0119336372147189,333.9788,333.3901,329.6367,-0.0018089568164341,0.0071964110127246,0.0043777104679572,334.12451999999996,332.82151999999996,3.991128929277213,333.7646
2026-06-22,333.7646,-0.0015510880857497,0.0115750877977219,334.2827,336.1886,333.9925,0.0009095242534538,0.0083590361971199,0.0131273987106923,333.63972,332.810125,3.9879337828904244,334.5438
2026-06-23,334.5438,0.0023318586241895,0.0114121642128659,333.7646,331.589,336.8818,-0.0015510880857497,-0.0137760617978123,0.0086135893535327,334.23068,332.69322500000004,3.8954932177261288,334.7745
2026-06-24,334.7745,0.0006893581398746,0.0078485267976415,334.5438,334.5835,325.1144,0.0023318586241895,0.0089902245108064,-0.0355550065960218,334.26887999999997,333.17623,3.4834172681899704,336.5667
2026-06-25,336.5667,0.0053391755414024,0.0076625500649867,334.7745,333.9788,323.0195,0.0006893581398746,-0.0018089568164341,-0.006464427474874,334.78646,333.85359000000005,2.612817722388908,337.0431
2026-06-26,337.0431,0.0014144689683215,0.0070554891891138,336.5667,334.2827,327.8205,0.0053391755414024,0.0009095242534538,0.014753509569912,335.33854,334.31471999999997,2.285324969545842,336.6623
2026-06-30,336.6623,-0.0011304645637502,0.0070426266603179,337.0431,333.7646,329.2241,0.0014144689683215,-0.0015510880857497,0.0042724714124743,335.91808000000003,334.68663000000004,2.0008139530828153,336.1698
2026-07-01,336.1698,-0.0014639613299061,0.0069178584559274,336.6623,334.5438,331.5775,-0.0011304645637502,0.0023318586241895,0.0071228942245075,336.24328,334.916245,1.8854081779155802,336.2879
2026-07-02,336.2879,0.0003512488628331,0.0069135678251296,336.1698,334.7745,332.1604,-0.0014639613299061,0.0006893581398746,0.0017564166513735,336.54596000000004,335.12262,1.7914336938853905,336.0313
2026-07-03,336.0313,-0.0007633279325041,0.0067327295123034,336.2879,336.5667,334.6149,0.0003512488628331,0.0053391755414024,0.0073623335686171,336.43888,335.19343999999995,1.7982896729388187,335.2555
2026-07-06,335.2555,-0.0023113826918448,0.0066721199262012,336.0313,337.0431,336.163,-0.0007633279325041,0.0014144689683215,0.0046158430343381,336.08136,335.148065,1.7839296694549216,334.9494
2026-07-07,334.9494,-0.0009134520540925,0.006671329836191,335.2555,336.6623,336.3944,-0.0023113826918448,-0.0011304645637502,0.000688119732623,335.73878,335.07581500000003,1.7598955089446728,334.7128
2026-07-08,334.7128,-0.0007066249516395,0.0066627746648062,334.9494,336.1698,336.8227,-0.0009134520540925,-0.0014639613299061,0.0012723980355955,335.44738,334.97032,1.7122622867233799,335.4585
2026-07-09,335.4585,0.0022254020957068,0.0066591156299461,334.7128,336.2879,337.6325,-0.0007066249516395,0.0003512488628331,0.0024013467140302,335.2815,334.86162,1.5996677976210154,336.4034
2026-07-10,336.4034,0.0028127822785718,0.0048435879825699,335.4585,336.0313,330.9995,0.0022254020957068,-0.0007633279325041,-0.0198411610589653,335.35592,335.131815,1.3498696253940783,335.759
2026-07-13,335.759,-0.001917394360121,0.0046353367855617,336.4034,335.2555,333.3901,0.0028127822785718,-0.0023113826918448,0.0071964110127246,335.45662000000004,335.25026,1.2916740999300131,336.2222
2026-07-14,336.2222,0.001378610215172,0.0042474373334808,335.759,334.9494,336.1886,-0.001917394360121,-0.0009134520540925,0.0083590361971199,335.71117999999996,335.25194,1.2929799645976972,336.2814
2026-07-15,336.2814,0.0001760585375392,0.0027448741992939,336.2222,334.7128,331.589,0.001378610215172,-0.0007066249516395,-0.0137760617978123,336.0249,335.48656,0.9815635794130182,336.3953
2026-07-16,336.3953,0.0003386470828811,0.0019311525925257,336.2814,335.4585,334.5835,0.0001760585375392,0.0022254020957068,0.0089902245108064,336.21226,335.57714999999996,0.977430417773063,336.3055
2026-07-17,336.3055,-0.0002669834807195,0.0018737099113776,336.3953,336.4034,333.9788,0.0003386470828811,0.0028127822785718,-0.0018089568164341,336.19268,335.693485,0.9135566287772182,336.2321
2026-07-20,336.2321,-0.000218277759612,0.0018728640218284,336.3055,335.759,334.2827,-0.0002669834807195,-0.001917394360121,0.0009095242534538,336.2873,335.790955,0.8573801082266997,336.2674
2026-07-21,336.2674,0.000104981490789,0.001823095181375,336.2321,336.2222,333.7646,-0.000218277759612,0.001378610215172,-0.0015510880857497,336.29634000000004,335.916095,0.717253431305639,336.3526
2026-07-22,336.3526,0.000253337695744,0.0017638661633209,336.2674,336.2814,334.5438,0.000104981490789,0.0001760585375392,0.0023318586241895,336.31058,336.006535,0.6455659445167058,336.4163
2026-07-23,336.4163,0.0001893666612422,0.0017611450223893,336.3526,336.3953,334.7745,0.000253337695744,0.0003386470828811,0.0006893581398746,336.31478,336.088625,0.5819013362597055,336.2576
2026-07-24,336.2576,-0.0004718482549847,0.0012937364185725,336.4163,336.3055,336.5667,0.0001893666612422,-0.0002669834807195,0.0053391755414024,336.3052,336.07317,0.572565502673144,336.2533
2026-07-27,336.2533,-1.2787896820896296e-05,0.0012474769097723,336.2576,336.2321,337.0431,-0.0004718482549847,-0.000218277759612,0.0014144689683215,336.30944,336.03368,0.5276206398428523,336.2512
2026-07-28,336.2512,-6.245311369795487e-06,0.001224538996857,336.2533,336.2674,336.6623,-1.2787896820896296e-05,0.000104981490789,-0.0011304645637502,336.3062,336.013125,0.5095399853983508,336.1785
2026-07-30,336.1785,-0.0002162307830343,0.0011802899919388,336.2512,336.3526,336.1698,-6.245311369795487e-06,0.000253337695744,-0.0014639613299061,336.27138,336.01356,0.509684473508406,336.0466
2026-07-31,336.0466,-0.0003924280771208,0.0011803991451026,336.1785,336.4163,336.2879,-0.0002162307830343,0.0001893666612422,0.0003512488628331,336.19744000000003,336.00149500000003,0.5056889469184954,335.7776
2026-08-03,335.7776,-0.0008008047771293,0.0011816437959077,336.0466,336.2576,336.0313,-0.0003924280771208,-0.0004718482549847,-0.0007633279325041,336.10144,335.98881,0.5080782864550599,335.7173
2026-08-04,335.7173,-0.0001795992796432,0.0010551355165182,335.7776,336.2533,335.2555,-0.0008008047771293,-1.2787896820896296e-05,-0.0023113826918448,335.99424000000005,336.0119,0.4828663605123962,335.7284
2026-08-05,335.7284,3.306298633231902e-05,0.001029678629529,335.7173,336.2512,334.9494,-0.0001795992796432,-6.245311369795487e-06,-0.0009134520540925,335.88968,336.05084999999997,0.41997258495585915,335.5988
2026-08-06,335.5988,-0.0003861008510009,0.0010186338441512,335.7284,336.1785,334.7128,3.306298633231902e-05,-0.0002162307830343,-0.0007066249516395,335.77374,336.09515,0.30139011877212446,335.4267
2026-08-07,335.4267,-0.0005129462405631,0.0008995422994964,335.5988,336.0466,335.4585,-0.0003861008510009,-0.0003924280771208,0.0022254020957068,335.64976,336.09355999999997,0.3049879797610708,335.4542
2026-08-10,335.4542,8.198176461847796e-05,0.0006100291576777,335.4267,335.7776,336.4034,-0.0005129462405631,-0.0008008047771293,0.0028127822785718,335.58508,336.04609999999997,0.32727479522290304,335.2033
2026-08-11,335.2033,-0.0007482209971712,0.0004710583158602,335.4542,335.7173,335.759,8.198176461847796e-05,-0.0001795992796432,-0.001917394360121,335.48228,336.018315,0.37328642492802877,334.787
2026-08-12,334.787,-0.0012427047184859,0.0004027540283421,335.2033,335.7284,336.2222,-0.0007482209971712,3.306298633231902e-05,0.001378610215172,335.294,335.94655500000005,0.4599250470786029,334.3344
2026-08-13,334.3344,-0.0013528189922664,0.0004651112055831,334.787,335.5988,336.2814,-0.0012427047184859,-0.0003861008510009,0.0001760585375392,335.04112,335.849205,0.5765812148789242,333.5952
2026-08-14,333.5952,-0.0022134078255826,0.000610745969242,334.3344,335.4267,336.3953,-0.0013528189922664,-0.0005129462405631,0.0003386470828811,334.67482,335.7092,0.7506755848522706,333.0854
2026-08-17,333.0854,-0.0015293683343031,0.0006577482425115,333.5952,335.4542,336.3055,-0.0022134078255826,8.198176461847796e-05,-0.0002669834807195,334.20106,335.54819499999996,0.9380007684227407,332.2862
2026-08-18,332.2862,-0.002402267798449,0.0007814812931547,333.0854,335.2033,336.2321,-0.0015293683343031,-0.0007482209971712,-0.000218277759612,333.61764,335.3509,1.1722996379175263,331.8318
2026-08-19,331.8318,-0.0013684317272212,0.0007819413280433,332.2862,334.787,336.2674,-0.002402267798449,-0.0012427047184859,0.000104981490789,333.0266,335.12912,1.3892786384945495,331.2303
2026-08-20,331.2303,-0.001814310198087,0.0007909180917858,331.8318,334.3344,336.3526,-0.0013684317272212,-0.0013528189922664,0.000253337695744,332.40578,334.87300500000003,1.6069553393339895,330.1657
2026-08-21,330.1657,-0.0032192541818324,0.0009291017965899,331.2303,333.5952,336.4163,-0.001814310198087,-0.0022134078255826,0.0001893666612422,331.71988,334.560475,1.8762681981678428,329.4456
2026-08-24,329.4456,-0.0021834079739868,0.0009621671343776,330.1657,333.0854,336.2576,-0.0032192541818324,-0.0015293683343031,-0.0004718482549847,330.99192000000005,334.219875,2.1502608223393396,329.0037
2026-08-25,329.0037,-0.0013422447752461,0.0009341961323126,329.4456,332.2862,336.2533,-0.0021834079739868,-0.002402267798449,-1.2787896820896296e-05,330.33542,333.857395,2.3874081946489185,328.6088
2026-08-28,328.6088,-0.0012010113781836,0.0008987904113091,329.0037,331.8318,336.2512,-0.0013422447752461,-0.0013684317272212,-6.245311369795487e-06,329.69082,333.475275,2.5873352790453135,328.0149
2026-08-31,328.0149,-0.001808951342913,0.000882151218626,328.6088,331.2303,336.1785,-0.0012010113781836,-0.001814310198087,-0.0002162307830343,329.04774,333.067095,2.775530528420174,327.8963
2026-09-01,327.8963,-0.0003616343227332,0.0008837139886817,328.0149,330.1657,336.0466,-0.001808951342913,-0.0032192541818324,-0.0003924280771208,328.59386,332.65957999999995,2.910110559955747,328.0538
2026-09-02,328.0538,0.0004802194649464,0.0009594558863101,327.8963,329.4456,335.7776,-0.0003616343227332,-0.0021834079739868,-0.0008008047771293,328.3155,332.27339,2.9860591202078335,328.589
2026-09-03,328.589,0.0016301103690279,0.0011277191363434,328.0538,329.0037,335.7173,0.0004802194649464,-0.0013422447752461,-0.0001795992796432,328.23256000000003,331.916975,2.9787670785573943,328.3642
2026-09-04,328.3642,-0.0006843714553001,0.0011017941658673,328.589,328.6088,335.7284,0.0016301103690279,-0.0012010113781836,3.306298633231902e-05,328.18364,331.548765,2.9377013072849345,328.3421
2026-09-07,328.3421,-6.730558244474153e-05,0.001115028734242,328.3642,328.0149,335.5988,-0.0006843714553001,-0.001808951342913,-0.0003861008510009,328.24908,331.18593,2.8582164352335817,328.21
2026-09-08,328.21,-0.0004024052372465,0.0011183245012022,328.3421,327.8963,335.4267,-6.730558244474153e-05,-0.0003616343227332,-0.0005129462405631,328.31182,330.82509500000003,2.7480769721240095,328.7701
2026-09-09,328.7701,0.0017050748894749,0.0012578464856933,328.21,328.0538,335.4542,-0.0004024052372465,0.0004802194649464,8.198176461847796e-05,328.45508,330.49089,2.5551510982012866,328.751
2026-09-10,328.751,-5.809699492653743e-05,0.0012746536703011,328.7701,328.589,335.2033,0.0017050748894749,0.0016301103690279,-0.0007482209971712,328.48748,330.168275,2.3258948023190937,328.5966
2026-09-11,328.5966,-0.0004697666891591,0.0012777224696922,328.751,328.3642,334.787,-5.809699492653743e-05,-0.0006843714553001,-0.0012427047184859,328.53396,329.858755,2.0775420075510276,328.6751
2026-09-14,328.6751,0.0002388662112584,0.0012995920372399,328.5966,328.3421,334.3344,-0.0004697666891591,-6.730558244474153e-05,-0.0013528189922664,328.60056,329.57579,1.803150637928001,329.0351
2026-09-15,329.0351,0.0010947071702751,0.0013276310610433,328.6751,328.21,333.5952,0.0002388662112584,-0.0004024052372465,-0.0022134078255826,328.76558,329.34778500000004,1.5367884415173045,330.1761
2026-09-16,330.1761,0.0034617164860946,0.0016019412864389,329.0351,328.7701,333.0854,0.0010947071702751,0.0017050748894749,-0.0015293683343031,329.04678,329.20232,1.2807439057899177,331.892
2026-09-17,331.892,0.0051834662988429,0.0019686109494307,330.1761,328.751,332.2862,0.0034617164860946,-5.809699492653743e-05,-0.002402267798449,329.67498,329.18260999999995,1.2329273478860672,332.1338
2026-09-18,332.1338,0.0007282849873831,0.0019509784546989,331.892,328.5966,331.8318,0.0051834662988429,-0.0004697666891591,-0.0013684317272212,330.38242,329.19771000000003,1.2684188586404963,330.349
2026-09-21,330.349,-0.0053882283983028,0.0022681754218306,332.1338,328.6751,331.2303,0.0007282849873831,0.0002388662112584,-0.001814310198087,330.7172,329.153645,1.2079572511092769,330.8125
2026-09-22,330.8125,0.001402078239371,0.00217053711224,330.349,329.0351,330.1657,-0.0053882283983028,0.0010947071702751,-0.0032192541818324,331.07268,329.185985,1.2445815353731111,329.8867
2026-09-23,329.8867,-0.0028024874433964,0.0022088584610434,330.8125,330.1761,329.4456,0.001402078239371,0.0034617164860946,-0.0021834079739868,331.01480000000004,329.20804000000004,1.2533020358477494,329.0158
2026-09-24,329.0158,-0.002643488246459,0.0022708439737016,329.8867,331.892,329.0037,-0.0028024874433964,0.0051834662988429,-0.0013422447752461,330.43956000000003,329.208645,1.2532011207019143,330.3522
