date,USD_LKR,log_return,rolling_volatility_20
2010-05-07,113.6975,,
2010-05-11,113.6292,-0.0006008973169903749,
2010-05-12,113.6854,0.0004944689091248442,
2010-05-13,113.7009,0.00013633187244792706,
2010-05-14,113.6573,-0.0003835357645729137,
2010-06-01,113.8271,0.001492849896825437,
2010-06-02,113.7567,-0.000618673229338078,
2010-06-14,113.5446,-0.00186624591728937,
2010-06-15,113.572,0.00024128575483185402,
2010-06-22,113.4625,-0.0009646111801560834,
2010-07-01,113.5897,0.0011204473095372087,
2010-07-14,113.1292,-0.00406230475956213,
2010-07-19,112.7252,-0.003577529867827656,
2010-07-30,112.5618,-0.0014505943854063214,
2010-08-13,112.3888,-0.0015381157828159232,
2010-08-27,112.6058,0.0019289357814305489,
2010-08-31,112.6897,0.0007447996420563429,
2010-09-14,112.6132,-0.000679085825702873,
2010-09-15,112.5431,-0.0006226785771927837,
2010-09-21,112.5442,9.773985471657092e-06,
2010-09-27,112.3064,-0.002115183047407941,0.0015372849878053493
2010-10-13,111.9335,-0.003325905369567219,0.001652371578626584
2010-11-09,111.5154,-0.003742247000875485,0.001752720978978791
2010-11-10,111.5843,0.0006176610922424457,0.001771819644323755
2010-11-11,111.6845,0.000897572851442468,0.0018155954987692736
2010-11-12,111.6,-0.0007568819513577012,0.0017287554342945446
2010-11-15,111.685,0.0007613588383096207,0.001771289798293902
2010-11-16,111.6964,0.00010206758494568661,0.0017705691299872348
2010-11-24,111.3637,-0.002983054761600955,0.0018150311463242116
2010-11-25,111.2437,-0.0010781313794928531,0.0018151521313301009
2011-01-20,110.8124,-0.0038846088206204595,0.001853850741998791
2011-01-21,110.9594,0.0013256872292033081,0.0018128141806654423
2011-01-24,111.0139,0.000491050059580538,0.001731042122725241
2011-01-25,110.9216,-0.000831773243320346,0.0017236551132920725
2011-01-26,110.9091,-0.00011269855807366247,0.0017181139855667726
2011-01-27,111.0493,0.0012632999575212414,0.0016710725798430126
2011-01-28,111.0536,3.872079113358753e-05,0.0016463075694481855
2011-01-31,111.1007,0.00042402961100211503,0.001666502112681864
2011-02-07,110.892,-0.0018802425618947654,0.0016879666387686972
2011-02-08,110.9812,0.0008040629044498338,0.001715627745448442
2011-02-09,110.9969,0.00014145539606088593,0.0016916441654196836
2011-02-10,110.9721,-0.00022345462747676843,0.001564697691044432
2011-02-11,110.9815,8.470238829756109e-05,0.001358965516167097
2011-02-14,111.0387,0.0005152684419306379,0.0013557536317653463
2011-02-15,111.0909,0.00046999590294031785,0.0013400673291355176
2011-02-18,111.0037,-0.0007852510099820236,0.0013406286588590415
2011-02-28,110.7909,-0.0019188931136899306,0.00136605011774308
2011-03-07,110.5135,-0.002506955535309814,0.0014380679937193359
2011-03-10,110.007,-0.004593685309779241,0.001616552038037617
2011-03-11,110.0047,-2.0907978985570075e-05,0.0016178223900596561
2011-03-15,110.1845,0.00163314131631158,0.0014861520857609282
2011-03-16,110.3852,0.0018198334167362348,0.0015180882442457993
2011-03-17,110.332,-0.0004820648416185577,0.0015083325365285148
2011-03-18,110.3397,6.978692784919839e-05,0.0015053264291813083
2011-03-21,110.3638,0.0002183925501479999,0.001508882611239272
2011-03-22,110.3873,0.00021290947215002825,0.0014713819637582704
2011-03-23,110.3683,-0.00017213606401741917,0.0014695893926408396
2011-03-24,110.3891,0.00018844215470516104,0.0014643351644576615
2011-03-25,110.3928,3.351724032045081e-05,0.0014189259284765393
2011-03-28,110.3578,-0.0003170999335292598,0.0013981001988105663
2011-03-29,110.3923,0.00031257064237701445,0.0014013455034644264
2011-03-30,110.3987,5.7973377554220325e-05,0.0014032818087504533
2011-03-31,110.3929,-5.2538230633201045e-05,0.0014018473512754954
2011-04-01,110.3969,3.623355789478391e-05,0.0013918549739927889
2011-04-04,110.2816,-0.0010449591645015665,0.001389548483880955
2011-04-05,110.3963,0.001039524214512092,0.0014201144352896996
2011-04-06,110.3592,-0.00033611846906902553,0.001366744042633055
2011-04-11,110.3789,0.00017849206867594718,0.0012550253660997732
2011-04-12,110.3112,-0.000613530032599006,0.0006841874186982886
2011-04-18,110.3731,0.0005609823772994792,0.0006894232332044126
2011-04-19,110.3842,0.00010056292597684626,0.0005968646590702602
2011-04-20,110.3852,9.059226504996248e-06,0.00043654954303814835
2011-04-21,110.3004,-0.0007685141592716271,0.0004573987899499889
2011-04-25,110.2025,-0.0008879702392374191,0.0004965873278861538
2011-04-26,110.1952,-6.624388550939194e-05,0.0004921813910169031
2011-04-28,110.1582,-0.0003358241837678951,0.0004904942278170637
2011-04-29,109.8512,-0.0027907916594128437,0.0007760588968296449
2011-05-03,109.9071,0.0005087407502302265,0.0007884587770242996
2011-05-04,109.7815,-0.0011434367890243587,0.0008122001826921761
2011-05-05,109.7434,-0.0003471132466754193,0.00081230464019962
2011-05-06,109.713,-0.00027704819904503345,0.0008003102083887151
2011-05-09,109.7957,0.0007535009219482926,0.0008315794329606642
2011-05-10,109.7751,-0.00018763879405129684,0.0008302347062876341
2011-05-11,109.7756,4.554756600666106e-06,0.0008296284185209466
2011-05-12,109.7233,-0.0004765399825670418,0.0008116643533408427
2011-05-13,109.7469,0.00021506336706281844,0.0007619363617607491
2011-05-16,109.7768,0.0002724079467037446,0.000772287369243294
2011-05-19,109.7921,0.00013936399940759706,0.0007711546505031933
2011-05-20,109.7898,-2.094890334851668e-05,0.0007684996616381924
2011-05-23,109.7941,3.9164984323033936e-05,0.0007485857705302577
2011-05-24,109.8971,0.0009376798665294428,0.0007921197132205685
2011-05-30,109.8797,-0.00015834246413951478,0.0007904420578939159
2011-05-31,109.7618,-0.0010735677121472204,0.0008042138168534238
2011-06-01,109.6599,-0.0009288051940677102,0.0008059826725917844
2011-06-02,109.6835,0.000215187692823919,0.0008117369385807809
2011-06-03,109.7485,0.0005924386771407595,0.0008318208435678078
2011-06-06,109.7186,-0.00027247820001270143,0.0005644550179163727
2011-06-07,109.6122,-0.000970224048300495,0.0005825578252301988
2011-06-08,109.6026,-8.758532732409624e-05,0.0005319411006720142
2011-06-09,109.4853,-0.0010708031909403319,0.0005739146330317709
2011-06-13,109.4892,3.562058596231488e-05,0.0005736048868687539
2011-06-14,109.4597,-0.0002694692704874101,0.0005377863938875429
2011-06-16,109.5289,0.000631996389796653,0.0005655413176550719
2011-06-17,109.5673,0.00035053095757207095,0.0005745227053514874
2011-06-21,109.5741,6.206038660140384e-05,0.0005682847672178798
2011-06-23,109.5713,-2.5553810394042522e-05,0.0005645104476013353
2011-06-24,109.5992,0.0002545963088162083,0.0005639388715878806
2011-06-27,109.5917,-6.843349795014414e-05,0.0005615753456548603
2011-06-29,109.6954,0.0009457921394388322,0.0006076677758134014
2011-06-30,109.6071,-0.0008052804210778071,0.0006305633195568716
2011-07-01,109.5037,-0.0009438147975874926,0.0006099355660381216
2011-07-04,109.5021,-1.4611485175516019e-05,0.0006110413284315625
2011-07-05,109.4982,-3.561638957037297e-05,0.0005733657371731537
2011-07-06,109.4987,4.5662746823617695e-06,0.0005411695174525552
2011-07-07,109.4998,1.0045730906907192e-05,0.0005373393249851996
2011-07-08,109.5,1.8264856864466644e-06,0.0005139381640028226
2011-07-11,109.4995,-4.566220470800007e-06,0.0005130627929878337
2011-07-12,109.5,4.56622047086311e-06,0.0004705799105921501
2011-07-13,109.5748,0.0006828718127935675,0.0004981719824903125
2011-07-15,109.6,0.00022995344456619188,0.0004334675928613262
2011-07-18,109.4967,-0.0009429626977889708,0.0004873388030063933
2011-07-19,109.4981,1.27856917151237e-05,0.0004830885330620773
2011-07-20,109.4968,-1.1872422599896064e-05,0.0004609311577273599
2011-07-21,109.496,-7.306176276146869e-06,0.0004528845199097663
2011-07-22,109.485,-0.00010046533725980337,0.00045255559549908537
2011-07-25,109.4642,-0.0001899984111616837,0.0004537586795259757
2011-07-26,109.4919,0.000253018757164308,0.00045370328001994486
2011-07-27,109.4883,-3.2879685015606835e-05,0.0004536926786573143
2011-07-28,109.4665,-0.000199127857183598,0.00038949471274800324
2011-07-29,109.4881,0.0001973011763176963,0.0003577734661362099
2011-08-01,109.4789,-8.40309270842138e-05,0.00029062054533535126
2011-08-02,109.4944,0.0001415697715283218,0.0002926190390658742
2011-08-03,109.5813,0.0007933331223658788,0.0003423196740408318
2011-08-04,109.6669,0.0007808502359371264,0.00038024622858912136
2011-08-05,109.6625,-4.012230007100493e-05,0.0003808743464794755
2011-08-08,109.7149,0.00047771558051586664,0.000390847124929753
2011-08-09,109.7747,0.0005449005463551682,0.0004023966218722317
2011-08-10,109.7871,0.00011295225319863239,0.00040141078743621345
2011-08-11,109.7393,-0.00043548293740909545,0.00039835960243037315
2011-08-12,109.7137,-0.00023330736072072652,0.000402324529989427
2011-08-15,109.6805,-0.00030265157650871633,0.000339578913177955
2011-08-16,109.8082,0.0011636135656074578,0.0004158416289852587
2011-08-18,109.9,0.0008356538840346418,0.00044177519148761135
2011-08-19,109.9277,0.0002520155571531123,0.00043967227652432167
2011-08-22,109.9716,0.00039927367284211634,0.0004360783080928237
2011-08-23,109.9712,-3.6373093367944422e-06,0.00042874696231440614
2011-08-24,109.9844,0.00012002422321455458,0.0004294190910483466
2011-08-29,109.9907,5.7279210253575745e-05,0.0004270427550368039
2011-08-30,109.8934,-0.0008850117525625771,0.00048661142458728825
2011-09-01,109.8998,5.8236560565131446e-05,0.00048756359659179755
2011-09-05,109.9931,0.0008485949805461866,0.0005045153438359919
2011-09-06,110.089,0.0008714930116503968,0.0005234988642680743
2011-09-07,110.1031,0.00012806998997030188,0.0005094968612216636
2011-09-08,110.1931,0.0008170817745123382,0.0005115905142816315
2011-09-12,110.1116,-0.0007398843848356912,0.0005538887649317351
2011-09-13,110.0893,-0.00020254231546047483,0.0005570955126173433
2011-09-14,110.1,9.718910054602061e-05,0.000550204757040676
2011-09-15,110.0783,-0.00019711297680337077,0.0005555848306242205
2011-09-16,110.0862,7.176452155899745e-05,0.0005396436842632225
2011-09-19,110.0936,6.721779202979177e-05,0.0005323142589324777
2011-09-20,110.1,5.8130663214619054e-05,0.0005213531743505786
2011-09-22,110.1853,0.0007744502630306025,0.0004894217279328513
2011-09-23,110.2953,0.0009978202991714374,0.0005021824303284894
2011-09-26,110.3,4.261196862035415e-05,0.0005027740672215394
2011-09-28,110.2995,-4.533101842938912e-06,0.0005011476638864168
2011-09-29,110.1958,-0.0009406096877862868,0.0005568533555676418
2011-09-30,110.192,-3.448466748516833e-05,0.0005576615295093563
2011-10-03,110.1927,6.352528102059751e-06,0.0005579555997762323
2011-10-04,110.1988,5.535603688481929e-05,0.0005087671658675347
2011-10-05,110.1992,3.629797003532974e-06,0.0005093682163968722
2011-10-12,110.1903,-8.076609824746234e-05,0.00048263145490458185
2011-10-13,110.1986,7.532139780112352e-05,0.0004462015766471347
2011-10-17,110.2,1.2704254927445778e-05,0.0004458814288016382
2011-10-18,110.1957,-3.902072500095678e-05,0.00040716996534367883
2011-10-19,110.1982,2.268665330670578e-05,0.0003679367096557955
2011-10-20,110.1979,-2.722371221621828e-06,0.0003637125445701754
2011-10-21,110.2,1.9056442915925553e-05,0.00036359067829545426
2011-11-09,110.2,0.0,0.00035931764887577695
2011-11-14,110.2,0.0,0.0003595023142149608
2011-11-24,114.049,0.034331283888969534,0.007673764779948309
2011-12-01,113.8992,-0.001314333884317956,0.007695935319282247
2011-12-02,113.9,7.023729670807224e-06,0.007702683389836953
2011-12-05,113.9,0.0,0.007710411209562772
2011-12-06,113.9,0.0,0.007710872402760491
2011-12-07,113.9,0.0,0.00771082264198581
2011-12-08,113.8997,-2.6338928454057653e-06,0.0076973586861099185
2011-12-09,113.8976,-1.8437444166886576e-05,0.007697174364451916
2011-12-12,113.8997,1.843744416694911e-05,0.007697038704513178
2011-12-13,113.8979,-1.5803502758785708e-05,0.007697833165952294
2011-12-14,113.9006,2.370516048271173e-05,0.007697608379433637
2011-12-15,113.9,-5.267764878494734e-06,0.007696732457790212
2011-12-16,113.9,0.0,0.007697564779776966
2012-01-02,113.8999,-8.779635109438597e-07,0.007697717599272971
2012-01-03,113.8998,-8.779642817723825e-07,0.00769728152535649
2012-01-04,113.9,1.7559277927372935e-06,0.0076975162802052025
2012-01-05,113.9,0.0,0.007697485502682972
2012-01-06,113.8998,-1.7559277928193451e-06,0.007697719302949898
2012-01-09,113.9,1.7559277927372935e-06,0.007697699490036508
2012-01-10,113.9,0.0,0.007697699490036508
2012-01-11,113.9,0.0,0.00029411839206590893
2012-01-12,113.8984,-1.4047508674665194e-05,9.682433522719147e-06
2012-01-13,113.9,1.4047508674648912e-05,1.0083094905429635e-05
2012-01-17,113.8987,-1.1413585766886386e-05,1.0401072054110854e-05
2012-01-18,113.8996,7.901727098047294e-06,1.0572550925044976e-05
2012-01-19,113.9,3.5118586687986993e-06,1.0604734883571243e-05
2012-01-20,113.9025,2.1948837261303434e-05,1.1655913727629762e-05
2012-01-23,113.9,-2.1948837261233018e-05,1.1989411447313728e-05
2012-01-24,113.9,0.0,1.1269632216003136e-05
2012-01-26,113.8988,-1.0535613006005955e-05,1.0934159411114292e-05
2012-01-27,113.9,1.0535613006074365e-05,9.793553055317003e-06
2012-01-30,113.8954,-4.038711932406597e-05,1.3269596243721079e-05
2012-01-31,113.9,4.0387119324009154e-05,1.63163413123689e-05
2012-02-01,113.8997,-2.6338928454057653e-06,1.63260355354903e-05
2012-02-02,113.8984,-1.141361582918243e-05,1.652167493610872e-05
2012-02-03,113.8996,1.0535650005865244e-05,1.6703613287471574e-05
2012-02-06,114.0592,0.0014002532569694125,0.0003135926520407412
2012-02-08,114.2906,0.0020267158474214318,0.000537390418805598
2012-02-13,114.9382,0.00565026491358461,0.0013353977106316784
2012-02-14,116.1085,0.010130506159111478,0.0025359116634473696
2012-02-15,119.1514,0.025869854599256937,0.006105614155236573
2012-02-16,119.8908,0.006186375109872154,0.006141716292577364
2012-02-17,119.3708,-0.0043467135448079855,0.006312041114073902
2012-02-21,118.5696,-0.00673448500620833,0.006615886050886169
2012-02-22,118.4706,-0.0008353014025152122,0.00663198002932718
2012-02-23,118.6797,0.001763439086408988,0.006616208138856507
2012-02-24,119.1422,0.0038894700871308836,0.006610164537997494
2012-02-27,119.8025,0.005526815876442782,0.006626269402235943
2012-02-28,120.5922,0.006570052007411621,0.006657225829946303
2012-02-29,121.1198,0.004365532848274515,0.006629956406913864
2012-03-01,121.907,0.006478320523832314,0.006630430977922492
2012-03-02,122.0764,0.0013886192849239833,0.006599066475585399
2012-04-04,126.6993,0.037169484208374994,0.009953826076314367
2012-06-08,130.1486,0.026860312113711562,0.0109588010333673
2012-06-11,130.3868,0.0018285428112251186,0.0109073800219927
2012-06-13,132.3251,0.014756356083971375,0.0109254998516582
2012-06-15,132.0539,-0.0020516008845247254,0.011053400549062915
2012-06-18,131.7936,-0.0019731101067790528,0.011189646861682891
2012-06-20,132.4807,0.005199911971858321,0.01119322255736357
2012-06-22,132.8614,0.002869505149959196,0.011207573048041845
2012-06-25,132.8667,3.989039925167842e-05,0.010341833454420425
2012-06-27,133.1261,0.0019504293517235661,0.01036924569585665
2012-06-29,133.3044,0.0013384355516153862,0.010168716237193356
2012-07-02,133.749,0.003329674220686184,0.009771637646538942
2012-07-06,133.6876,-0.00045917425721682305,0.009758095627527759
2012-07-10,133.4704,-0.0016260044457168134,0.009865160053530634
2012-09-06,132.2999,-0.008808415146992385,0.010393933401755474
2012-09-07,132.3629,0.0004760774932473084,0.010447757073010296
2012-09-11,132.294,-0.0005206741373949304,0.01051125982843863
2012-09-12,132.2466,-0.0003583570953364037,0.01057043744881837
2012-09-13,131.9484,-0.0022574244526560074,0.010659903687722676
2012-09-14,131.7911,-0.001192843837586209,0.010708166390876756
2012-09-17,132.1385,0.002632521707519031,0.007286628973910154
2012-09-18,132.003,-0.001025965339680925,0.004393270055384331
2012-09-19,132.0422,0.0002969188630433,0.0043860413713942325
2012-09-20,131.5943,-0.003397863580610794,0.0029534110929313713
2012-09-21,131.4845,-0.0008347309351836701,0.0029273455412256806
2012-09-24,131.4135,-0.0005401334489128788,0.0028994810212350885
2012-09-25,131.1501,-0.002006371700877897,0.0026361993739448548
2012-09-26,130.9657,-0.0014070119422112909,0.002518935196209251
2012-09-27,130.9677,1.5271057452339727e-05,0.002518551035760851
2012-09-28,129.7943,-0.008999838321187533,0.0030431352488785412
2012-10-01,129.2609,-0.004118047071023767,0.003041823041754823
2012-10-02,129.1083,-0.0011812554882265902,0.0028209510155941865
2012-10-03,129.1417,0.0002586640866308315,0.002842929874876279
2012-10-04,129.3008,0.0012312218005816888,0.002919186054389783
2012-10-05,129.702,0.0030980384836596887,0.0025610625820647577
2012-10-08,128.4836,-0.009438241672789756,0.0031531018645346346
2012-10-09,128.2126,-0.0021114461428030375,0.003147493752301177
2012-10-10,128.3052,0.0007219772196886641,0.003178443255033
2012-10-11,128.3627,0.0004480498025806705,0.0032025661381015398
2012-10-12,128.5822,0.00170853792696612,0.0032762391317039353
2012-10-15,128.4985,-0.0006511574222213365,0.0031522894774600792
2012-10-16,128.4349,-0.000495069938739024,0.0031578058456252505
2012-10-18,128.6954,0.0020262107509243813,0.003228732472355879
2012-10-19,128.9114,0.0016769747585885302,0.0032531551859220206
2012-10-22,128.9909,0.000616512551598768,0.003273857249697664
2012-10-23,129.6239,0.004895321258562671,0.003526196920369849
2012-10-24,129.926,0.002327877116682477,0.0035736197419892197
2012-10-25,130.0182,0.0007093830434874127,0.0035757120678970833
2012-10-26,130.1585,0.0010784979100684877,0.0035895098020956935
2012-10-30,129.9543,-0.0015700883766513664,0.0029746283515250296
2012-10-31,130.0272,0.0005608091491944163,0.002807931028541857
2012-11-01,130.1015,0.0005712557055069314,0.0027866843444323973
2012-11-02,130.3442,0.0018637287561379357,0.0028059554663856677
2012-11-05,130.2943,-0.00038290583018004397,0.0028059224182874205
2012-11-06,130.3408,0.00035682070828808984,0.002732290125804968
2012-11-07,130.4533,0.0008627496325889115,0.0015068311387700065
2012-11-09,130.967,0.003930074758505066,0.0015063191871929045
2012-11-12,130.7526,-0.00163839504538593,0.0016224181926632563
2012-11-14,130.5591,-0.001480990214884911,0.001708555189798593
2012-11-15,130.3148,-0.0018729360922252836,0.0017989452667904967
2012-11-16,130.0545,-0.001999468345312166,0.0018747002293477634
2012-11-19,129.9758,-0.0006053140914963451,0.0018782538800537494
2012-11-20,130.1379,0.0012463781875744952,0.001854957430125024
2013-01-01,127.3025,-0.022028513448839195,0.005361386997464819
2013-01-02,127.6522,0.0027432341455225703,0.005408254079404346
2013-01-03,127.3452,-0.002407868851430244,0.0052679908543715424
2013-01-07,127.3895,0.0003478128456514359,0.0052228091729767225
2013-01-08,127.383,-5.102591528847745e-05,0.005212577115698054
2013-01-09,127.2241,-0.001248197875318334,0.005189099060806182
2013-01-10,126.2912,-0.00735974681560807,0.005372595447528244
2013-01-11,126.0354,-0.0020275316802141597,0.005353265330370163
2013-01-15,126.0684,0.0002617969279992768,0.005347227723030206
2013-01-16,126.3433,0.0021781883224009178,0.00535832043559649
2013-01-24,126.9609,0.004876359916807664,0.005544868833922889
2013-01-28,127.0078,0.00036933685555071936,0.005545065875691555
2013-01-30,126.6989,-0.0024350965318632096,0.005526520581625483
2013-01-31,126.4512,-0.0019569423756878226,0.005379132399523061
2013-02-01,126.4532,1.5816253098235365e-05,0.00539370872280906
2013-03-08,127.3038,0.006704076623098097,0.005710184161231918
2013-04-05,125.9784,-0.01046589217961246,0.006070446174082205
2013-05-06,126.2946,0.0025068094134992917,0.006141649554637142
2013-05-08,126.3673,0.0005754726138474434,0.006156025589878797
2013-05-10,126.0029,-0.0028878231522063177,0.006131573974443702
2013-05-13,126.0029,0.0,0.00381091990305695
2013-05-20,126.1837,0.0014338591422093584,0.0037629804555773224
2013-06-06,126.456,0.0021556398732523524,0.0037845137233789928
2013-06-07,126.4642,6.484258673590433e-05,0.0037822945260944734
2013-06-12,127.3273,0.006801672455110452,0.004108509227720176
2013-06-21,128.4449,0.008739081985675867,0.004536287519754189
2013-06-25,128.8274,0.0029735053624525207,0.004170378420868458
2013-07-04,130.5896,0.013586057240884696,0.004961351460253653
2013-07-26,131.5009,0.006954114494908589,0.005078237432744067
2013-07-29,131.6,0.0007533231903544737,0.005087209281594038
2013-07-30,131.5714,-0.00021734884651271522,0.005065099529050692
2013-07-31,131.6,0.00021734884651272143,0.005067446446313104
2013-08-01,131.5902,-7.447085799176112e-05,0.004991117831959422
2013-08-02,131.6,7.447085799180077e-05,0.004928908592377487
2013-08-05,131.6,0.0,0.004929244199629447
2013-08-06,131.594,-4.5593744546104514e-05,0.004819689258021121
2013-08-07,131.598,3.0396060673099206e-05,0.003917075222692967
2013-08-08,131.6,1.5197683873163558e-05,0.003945720870819347
2013-08-12,131.59,-7.599072916750502e-05,0.003961257717277376
2013-08-13,131.6,7.59907291676104e-05,0.0038207452881236165
2013-08-14,131.6,0.0,0.0038207452881236165
2013-08-15,131.5434,-0.0004301837011520132,0.0038622374939312597
2013-08-16,131.4389,-0.0007947303335635345,0.003915174495811648
2013-08-19,131.5205,0.0006206281473051627,0.003903175379000012
2013-08-21,131.6,0.0006042858874104035,0.003741226375766563
2013-08-22,131.75,0.001139168530255023,0.0033486939696109144
2013-08-23,131.8573,0.0008140897913375406,0.003325621245187686
2013-08-26,131.9254,0.0005163341000978131,0.0015838495069214896
2013-08-27,132.0,0.0005653112734637329,0.0004636206662682026
2013-08-28,132.5,0.0037807228399061523,0.0009235287753253305
2013-08-29,133.0,0.0037664827954768648,0.001188443876697709
2013-08-30,133.0575,0.00043223739902262465,0.001186343118759293
2013-09-02,132.9,-0.0011843999015766318,0.0012417933623408762
2013-09-03,133.0,0.0007521625025541085,0.0012389509453060896
2013-09-04,133.0,0.0,0.0012389509453060896
2013-09-05,132.9972,-2.1052853188791217e-05,0.00123836382574579
2013-09-06,132.955,-0.00031735026334917465,0.0012481552195505517
2013-09-09,132.9667,8.799582739991677e-05,0.0012467326137053654
2013-09-10,132.9,-0.0005017552134159511,0.0012609376023635084
2013-09-11,132.88,-0.00015050041416027677,0.0012659088827312239
2013-09-12,132.4238,-0.003439079648563177,0.001539185102116932
2013-09-13,132.2558,-0.0012694595470250376,0.0015715850870356722
2013-09-16,132.0965,-0.0012052100116575562,0.001588808358935903
2013-09-17,132.2218,0.0009480993891526861,0.0015945111632485942
2013-09-18,132.25,0.00021325525146249983,0.0015925397720051213
2013-09-20,132.25,0.0,0.001579242983816354
2013-09-23,132.1387,-0.0008419422356154856,0.001588154302484323
2013-09-24,132.06,-0.0005957637363679065,0.0015925158158178413
2013-09-25,132.1579,0.0007410550494894673,0.0015959842001170795
2013-09-26,131.9833,-0.0013220203847759272,0.0013603047374719734
2013-09-27,131.9617,-0.00016367046201458678,0.0009918253554768394
2013-09-30,131.9809,0.0001454861779329353,0.0009813020497679923
2013-10-01,131.9963,0.00011667674342674858,0.0009700598218850258
2013-10-02,131.7903,-0.0015618688885405204,0.0009707938512570102
2013-10-03,131.4078,-0.002906557982618329,0.0011068279964472653
2013-10-04,131.3159,-0.000699594317134309,0.0010984451124114196
2013-10-07,131.2483,-0.0005149216952931955,0.0010963138873993294
2013-10-08,131.1187,-0.000987929202535837,0.0010847383316759307
2013-10-09,131.1787,0.0004574959648591618,0.001114747153730674
2013-10-10,131.1366,-0.00032098776061848026,0.0011113585241160043
2013-10-11,131.173,0.00027753464023936913,0.0009157925057707414
2013-10-14,131.036,-0.0010449680405060593,0.0009068686115055439
2013-10-15,130.8956,-0.0010720357028044408,0.0009016079953650587
2013-10-17,130.9614,0.000502564387317699,0.0008700243240617146
2013-10-21,131.0545,0.0007106439259453734,0.0008975252469455802
2013-10-22,130.9642,-0.0006892638088426207,0.0008923919145913684
2013-10-23,130.9472,-0.00012981489178300892,0.0008917541959892577
2013-10-24,130.7628,-0.0014091936151889122,0.0009168106697720208
2013-10-25,130.5886,-0.0013330713039780792,0.0008866157997421967
2013-10-28,130.4857,-0.000788281384482554,0.000871557814276938
2013-10-29,130.8812,0.0030263993020416243,0.0011853614832693156
2013-10-30,131.0783,0.0015048130508251,0.0012558297478564952
2013-10-31,131.0065,-0.0005479142765721748,0.0012518093213955345
2013-11-01,130.8638,-0.001089852603557199,0.001232583799702242
2013-11-04,130.8982,0.00026283417912491015,0.0010814398169722204
2013-11-05,131.0876,0.001445880143092949,0.001133818582523814
2013-11-06,131.1,9.458876017959795e-05,0.0011298959784701475
2013-11-07,131.0689,-0.00023725163545993818,0.0011096137398262835
2013-11-08,131.1,0.00023725163545991354,0.0011057220581260402
2013-11-11,131.1,0.0,0.0011036037285825121
2013-11-12,131.0836,-0.00012510317213891982,0.0011016772607712268
2013-11-13,131.0833,-2.2886184334126082e-06,0.0010756867633967403
2013-11-14,131.0645,-0.00014343053828582276,0.0010457840391274802
2013-11-15,131.1,0.00027082232885802386,0.0010419514279041294
2013-11-18,131.1,0.0,0.001030393304019745
2013-11-19,131.07,-0.0002288591381999666,0.001018854062477602
2013-11-20,131.1,0.00022885913819995543,0.00101885737646025
2013-11-21,131.1,0.0,0.0009589983333435103
2013-11-22,131.1,0.0,0.0008963266138308473
2013-11-25,131.1,0.0,0.0008676669402587468
2013-11-26,131.1107,8.16137557007553e-05,0.0005666682016824298
2013-11-27,131.15,0.00029970178752792876,0.00046254555316532574
2013-11-28,131.1528,2.134937179555984e-05,0.00044235802304351475
2013-11-29,131.2,0.0003598208253102011,0.00035487182146984347
2013-12-02,131.1951,-3.73482584130297e-05,0.00035522967144285654
2013-12-03,131.1522,-0.0003270473939116906,0.00018616304002101267
2013-12-04,130.8791,-0.0020844845549877374,0.0005059928232181639
2013-12-05,130.8437,-0.00027051521851253476,0.0005065762931680049
2013-12-06,130.8336,-7.71943153268165e-05,0.0005008636822178663
2013-12-09,130.8036,-0.00022932518870772762,0.0005010377413463265
2013-12-10,130.7863,-0.0001322681038159534,0.0005010492830083692
2013-12-11,130.8164,0.0002301199500830278,0.0005064311204536968
2013-12-12,130.838,0.00016510328164983,0.0005097878377760337
2013-12-13,130.85,9.171226810860391e-05,0.0005047287825248091
2013-12-17,130.8548,3.668255225384463e-05,0.0005051603126914229
2013-12-18,130.7972,-0.0004402794622664885,0.0005103253297213974
2013-12-19,130.7705,-0.00020415364812044948,0.0005046059384358567
2013-12-20,130.7619,-6.576623013517839e-05,0.0005039566968197103
2013-12-23,130.7413,-0.00015755065362578954,0.0005030628203585099
2013-12-24,130.7185,-0.0001744053966061773,0.0005020738100024946
2013-12-26,130.7089,-7.344295207253064e-05,0.0004995697029130798
2013-12-27,130.7007,-6.273679316044332e-05,0.0004887218330095457
2013-12-30,130.75,0.0003771265526103608,0.0005023976440228365
2013-12-31,130.753,2.2944287447025278e-05,0.0004897595518871507
2014-01-01,130.75,-2.294428744690496e-05,0.0004899764203893087
2014-01-02,130.7051,-0.00034346241814679036,0.0004902671343257598
2014-01-03,130.7035,-1.2241372319148109e-05,0.00019397202149627564
2014-01-06,130.6811,-0.00017139494870658715,0.00018972169646765672
2014-01-07,130.695,0.00010636014550008615,0.0001933616191060683
2014-01-08,130.741,0.00035190257252039315,0.0002085470192283031
2014-01-09,130.8059,0.000496278115565667,0.00023680739411030514
2014-01-10,130.7314,-0.0005697084279376734,0.0002632878032228127
2014-01-13,130.7029,-0.00021802801019535483,0.00026208916459810236
2014-01-16,130.7117,6.732600247525035e-05,0.00026144300223276116
2014-01-17,130.6629,-0.00037341042753996374,0.00026999125212311234
2014-01-20,130.7202,0.00043843692203414446,0.000278505726948383
2014-01-21,130.7368,0.0001269807274029596,0.00027741340946764014
2014-01-22,130.7477,8.337014244693104e-05,0.00027792112532033515
2014-01-23,130.7787,0.00023706975773889988,0.0002805485294870592
2014-01-24,130.8216,0.0003279812781909095,0.00028521530696158117
2014-01-27,130.6575,-0.001255167403774939,0.0004064611933747808
2014-01-28,130.7494,0.0007031184240822665,0.0004371100468161974
2014-01-29,130.7849,0.0002714749095473821,0.0004331701176190057
2014-01-30,130.7339,-0.000390029325972054,0.00044243235741130697
2014-01-31,130.6957,-0.00029223928944460274,0.00044700751978577147
2014-02-03,130.7555,0.00045744675138478477,0.0004524195439018121
2014-02-05,130.7284,-0.00020727853682041356,0.00045522794733223766
2014-02-06,130.6522,-0.0005830578257049065,0.0004728060590844175
2014-02-07,130.6471,-3.903569585259001e-05,0.000472022766924583
2014-02-10,130.6831,0.0002755135091751091,0.0004691697413234627
2014-02-11,130.7142,0.0002379519616060121,0.0004575584202667173
2014-02-12,130.8003,0.0006584721161615051,0.00046439328378876615
2014-02-13,130.8357,0.0002706049642711849,0.00046371316948215074
2014-02-17,130.8373,1.2229003374672996e-05,0.00046377333399934723
2014-02-18,130.8167,-0.0001574598518850434,0.0004558920891902383
2014-02-19,130.7998,-0.000129196744268841,0.0004486262212348212
2014-02-20,130.85,0.0003837190062131263,0.0004551596464204737
2014-02-21,130.8485,-1.1463573539828359e-05,0.0004552139270546999
2014-02-24,130.9393,0.0006936916360590347,0.0004766420805099262
2014-02-25,131.0184,0.0006039143144413682,0.0004886089294767999
2014-02-26,131.0197,9.922221234305809e-06,0.00037630449286610887
2014-02-28,131.0008,-0.00014426352161586985,0.00035656331580039127
2014-03-03,130.9191,-0.0006238548705140856,0.00038818141445471244
2014-03-04,130.6341,-0.0021792898178722864,0.0006275945756078469
2014-03-05,130.6055,-0.00021895608563354983,0.0006262457046215627
2014-03-06,130.6001,-4.1346739892055474e-05,0.000615461572107269
2014-03-07,130.5646,-0.0002718591005493687,0.0006164465492515791
2014-03-10,130.5483,-0.00012485020863525558,0.0006044877135448918
2014-03-11,130.5548,4.978876161443335e-05,0.0006048196626773764
2014-03-12,130.5025,-0.00040067832387526744,0.0006054278438882908
2014-03-13,130.567,0.0004941213072560709,0.0006149024098006586
2014-03-14,130.6357,0.0005260282652831483,0.0006074673243793735
2014-03-17,130.6067,-0.00022201602893826366,0.0006032025909125593
2014-03-18,130.5836,-0.00017688252634363315,0.0006030376930877112
2014-03-19,130.5675,-0.00012330026578788065,0.0006029059399494104
2014-03-20,130.5903,0.00017460707708482744,0.0006058280693060426
2014-03-21,130.6474,0.00043714977516117663,0.0006080948261094258
2014-03-24,130.6484,7.654160533905083e-06,0.0006082190696280773
2014-03-25,130.6497,9.950321108411789e-06,0.0005812669000983938
2014-03-26,130.6932,0.0003328959799690563,0.0005667070082532875
2014-03-27,130.6866,-5.0501224665396255e-05,0.0005661147778734637
2014-03-28,130.6917,3.902389755121918e-05,0.0005673076665240524
2014-03-31,130.6949,2.448480526666316e-05,0.0005552840651406664
2014-04-01,130.7,3.9021419321051146e-05,0.0002559660757097194
2014-04-02,130.6895,-8.033987597531772e-05,0.00025083178549027853
2014-04-03,130.689,-3.825869381118732e-06,0.00025039310055627876
2014-04-04,130.6804,-6.580724448314369e-05,0.00024121583334101552
2014-04-07,130.5624,-0.0009033742405518939,0.00031992819810691225
2014-04-08,130.7,0.0010533472303914855,0.0003967362590313912
2014-04-09,130.589,-0.00084963398135677,0.00043478695952364245
2014-04-10,130.5891,7.657609883009487e-07,0.00042103374812884925
2014-04-11,130.5726,-0.0001263584976048276,0.0004037417564719364
2014-04-16,130.5973,0.0001891489032514305,0.0004036047485360498
2014-04-17,130.6113,0.00010719402051395809,0.00040218167191318713
2014-04-21,130.6,-8.651999363777457e-05,0.0004016208505336854
2014-04-22,130.6082,6.278516526441232e-05,0.0004000196727752335
2014-04-23,130.5973,-8.34591921406658e-05,0.00038728123554282836
2014-04-24,130.6191,0.0001669114194256862,0.0003894928775967566
2014-04-25,130.6182,-6.890287106837578e-06,0.0003894629162211649
2014-04-28,130.604,-0.0001087197031031893,0.0003813098036083618
2014-04-29,130.5982,-4.441003943290683e-05,0.0003812984779983713
2014-04-30,130.5962,-1.531426401189939e-05,0.0003809454486098905
2014-05-02,130.625,0.00022050277785030904,0.00038509731400849747
2014-05-05,130.5957,-0.00022433138049840723,0.000387226595598121
2014-05-06,130.6,3.292550375372364e-05,0.00038743248907874815
2014-05-07,130.6,0.0,0.00038744924731440214
2014-05-08,130.6,0.0,0.0003874448947160425
2014-05-09,130.5403,-0.00045722549173795175,0.00034508827603955234
2014-05-12,130.4841,-0.00043061109128798397,0.00025165667982610297
2014-05-13,130.3587,-0.0009614987238353765,0.0002701629997570659
2014-05-16,130.3608,1.6109266856183135e-05,0.0002704507274234449
2014-05-19,130.3561,-3.6054432992427344e-05,0.0002705214353659434
2014-05-20,130.3515,-3.5288576171058094e-05,0.0002631949460543018
2014-05-21,130.3742,0.0001741293632148274,0.0002662978535132477
2014-05-22,130.3732,-7.670258648895678e-06,0.00026694818414864255
2014-05-23,130.3525,-0.00015878756903138028,0.0002649995373743844
2014-05-26,130.3717,0.00014728207074542958,0.0002706281972776236
2014-05-27,130.4152,0.00033360571718466,0.0002812020506730808
2014-05-28,130.3865,-0.00022009059078859265,0.00028239854166642775
2014-05-29,130.4359,0.00037880182523209854,0.0003010135214098886
2014-05-30,130.4631,0.00020850980723232903,0.0003071476182880456
2014-06-02,130.3863,-0.0005888455347731337,0.00032952520284246277
2014-06-03,130.3526,-0.0002584961445159062,0.0003238606219048428
2014-06-04,130.3518,-6.137219011303148e-06,0.00032328167858892455
2014-06-05,130.3164,-0.0002716096571629632,0.0003241858162177406
2014-06-06,130.2841,-0.00024788901145919383,0.00032454996462368587
2014-06-09,130.2566,-0.0002110994566463725,0.0003238365725586412
2014-06-10,130.2603,2.840506700541043e-05,0.00031625707721051296
2014-06-11,130.26,-2.3030834833621307e-06,0.00030759911064259316
2014-06-13,130.253,-5.3740120467572025e-05,0.0002283776944461837
2014-06-16,130.2476,-4.1458637720983566e-05,0.00022798833474017656
2014-06-17,130.2355,-9.290429980840953e-05,0.00022824569761172015
2014-06-18,130.2298,-4.3767826277845295e-05,0.00022823208264612183
2014-06-19,130.2381,6.373146174868591e-05,0.0002239040183138648
2014-06-20,130.2652,0.00020805878541835254,0.00023123944796602254
2014-06-23,130.2927,0.0002110855215068076,0.00023609965778996798
2014-06-24,130.2741,-0.00014276569410676153,0.0002339919476030882
2014-06-25,130.2904,0.00012511297602896927,0.00022086733449263555
2014-06-26,130.3144,0.00018418693798305622,0.0002227677287053681
2014-06-27,130.3359,0.00016497199541890098,0.00020679192277851862
2014-06-30,130.3018,-0.00026166590784518483,0.00020395745349284882
2014-07-01,130.3256,0.0001826362083661618,0.00016900237304939378
2014-07-02,130.301,-0.00018877582006649127,0.00016455582333192638
2014-07-03,130.2807,-0.00015580526215819765,0.00016728254940036804
2014-07-04,130.2691,-8.9042478694305e-05,0.00015797011422404516
2014-07-07,130.2573,-9.058582936772928e-05,0.0001496252784028305
2014-07-08,130.2561,-9.21257793257103e-06,0.00014197925300149104
2014-07-09,130.2504,-4.3760904245390684e-05,0.00014213117151259334
2014-07-10,130.2207,-0.00022804833341383268,0.00015071078156853366
2014-07-11,130.2233,1.9965904379258405e-05,0.00015061700115315222
2014-07-14,130.2,-0.00017893944253203196,0.00015513057866586944
2014-07-15,130.1974,-1.9969477422513786e-05,0.00015413800652757284
2014-07-16,130.18,-0.00013365215280499517,0.0001563271482656664
2014-07-17,130.1865,4.9929618452048466e-05,0.0001559722017583666
2014-07-18,130.2,0.00010369201177552226,0.00014956117857350702
2014-07-21,130.25,0.0003839508590074945,0.00016780687476236045
2014-07-22,130.287,0.000284028757901889,0.0001777336520111035
2014-07-23,130.2659,-0.00016196327153638782,0.00017910545574948493
2014-07-24,130.2598,-4.6828393521929384e-05,0.00017331925705012653
2014-07-25,130.2297,-0.00023110336603943945,0.0001735848717169278
2014-07-28,130.227,-2.073281278689296e-05,0.00016562488820869657
2014-07-30,130.2086,-0.0001413017270344114,0.00015959864350918577
2014-07-31,130.2102,1.228789933755775e-05,0.00015635903301016902
2014-08-01,130.2067,-2.6879975916956695e-05,0.00015374589924985993
2014-08-04,130.2303,0.00018123384975706432,0.0001598912596794537
2014-08-05,130.2255,-3.6858461209357196e-05,0.00015900148738868977
2014-08-06,130.2104,-0.00011595943583003038,0.0001606784315332945
2014-08-07,130.1933,-0.00013133453959815813,0.00016261204394948922
2014-08-08,130.1862,-5.4535783360326624e-05,0.00015550966469143727
2014-08-11,130.1711,-0.00011599444315134845,0.00015694637579638399
2014-08-12,130.16,-8.52760197051482e-05,0.00015331090127341184
2014-08-13,130.19,0.00023045899852338638,0.00016284511573688967
2014-08-14,130.2306,0.0003118032930493361,0.00017408722367613812
2014-08-15,130.1646,-0.0005069217974320094,0.0002098161639384547
2014-08-18,130.1609,-2.8425951359028014e-05,0.00020817429386211416
2014-08-19,130.1518,-6.991591269807002e-05,0.00018594459028110745
2014-08-20,130.13,-0.00016751075220007724,0.0001716896788748574
2014-08-21,130.2078,0.0005976850255016758,0.00022405436715136102
2014-08-22,130.2014,-4.915340933631695e-05,0.0002240683632669406
2014-08-25,130.1763,-0.00019279684917533442,0.00022234779374017658
2014-08-26,130.1934,0.00013135168972874199,0.0002249253258348657
2014-08-27,130.184,-7.220288707152401e-05,0.00022337460209775886
2014-08-28,130.188,3.072527000072888e-05,0.000223507030744357
2014-08-29,130.1962,6.298385234380773e-05,0.00022402130669405365
2014-09-01,130.2045,6.37479085332131e-05,0.00022041896168239415
2014-09-02,130.1913,-0.00010138412379376647,0.0002213046748120736
2014-09-03,130.205,0.00010522422947370936,0.00022142224232622065
2014-09-04,130.2037,-9.98430544007363e-06,0.00021934667055345893
2014-09-05,130.1987,-3.8402103825500514e-05,0.00021914966746470037
2014-09-09,130.2,9.984688863550388e-06,0.00021729761995435953
2014-09-10,130.2027,2.0737112173594105e-05,0.0002161127327327203
2014-09-11,130.23,0.00020965109296942138,0.00021507558544628415
2014-09-12,130.2717,0.0003201514643182435,0.00021568841696639247
2014-09-15,130.28,6.371096410277104e-05,0.0001772168866951676
2014-09-16,130.28,0.0,0.0001767161260302793
2014-09-17,130.2759,-3.147117375067471e-05,0.00017559752540405676
2014-09-18,130.2813,4.1449631794952275e-05,0.00016818151287783807
2014-09-19,130.275,-4.835807079856299e-05,0.00011162169733852084
2014-09-22,130.28,3.8379612754420215e-05,0.00011023565693476142
2014-09-23,130.2712,-6.754910361842296e-05,9.998298043624584e-05
2014-09-24,130.2855,0.00010976497640922682,9.901627672135314e-05
2014-09-25,130.3067,0.0001627063284838442,9.951709614571375e-05
2014-09-26,130.3071,3.0696762794914545e-06,9.994784978693087e-05
2014-09-29,130.35,0.00032916809392382414,0.00011838910484520775
2014-09-30,130.3707,0.00015879061419758625,0.00012047754058837149
2014-10-01,130.43,0.00045475338848370735,0.00014251431534156013
2014-10-02,130.4982,0.0005227491819822123,0.0001721219305570402
2014-10-03,130.4946,-2.7586967918107467e-05,0.00017282459207107814
2014-10-07,130.3529,-0.0010864586698239444,0.0003183336354661456
2014-10-09,130.3127,-0.00030844116230678483,0.0003287173253146837
2014-10-10,130.3461,0.00025627372014916475,0.0003320700472174549
2014-10-13,130.3815,0.00027154777796845086,0.00033387041009533123
2014-10-14,130.55,0.0012915268828954064,0.00043062676429753214
2014-10-15,130.55,0.0,0.0004311967944080658
2014-10-16,130.5659,0.00012178500060427909,0.00043051740679709855
2014-10-17,130.6,0.0002611366965883467,0.00043044272931648525
2014-10-20,130.6,0.0,0.00043096177429580114
2014-10-21,130.6348,0.00026642698603607625,0.0004301537798071033
2014-10-23,130.75,0.0008814591166655709,0.00046015136430344565
2014-10-24,130.7667,0.000127716509291312,0.0004566797182275644
2014-10-27,130.8175,0.00038840266834653327,0.0004583560778048936
2014-10-28,130.83,9.554840011485679e-05,0.00045891825063664414
2014-10-29,130.8155,-0.00011083699138623288,0.0004621911328106803
2014-10-30,130.85,0.00026369544475620885,0.0004614197961736541
2014-10-31,130.8436,-4.891216293608301e-05,0.0004645199008504966
2014-11-03,130.8367,-5.273610586349568e-05,0.0004626383307831097
2014-11-04,130.85,0.00010164826879956343,0.00045456461725665163
2014-11-05,130.85,0.0,0.000454088142978942
2014-11-07,130.85,0.0,0.0003541349439737275
2014-11-10,130.8656,0.00011921337527048247,0.00033481931064084696
2014-11-11,130.874,6.418593138270015e-05,0.0003362253424435373
2014-11-12,130.9,0.0001986446330462049,0.0003358276451884934
2014-11-13,130.8925,-5.7297286989116896e-05,0.00022033877605698914
2014-11-14,130.95,0.0004391953248555576,0.00022833603413874003
2014-11-17,130.95,0.0,0.0002308216183169714
2014-11-18,130.9861,0.0002756397474695335,0.00023122191339621005
2014-11-19,130.9902,3.1300541311045035e-05,0.00023027429051557897
2014-11-20,131.0,7.481195865019108e-05,0.0002291219862096338
2014-11-21,131.0,0.0,0.0001500346007553727
2014-11-24,131.0,0.0,0.00015130429974040172
2014-11-25,130.9967,-2.5191156989186292e-05,0.00013570770730260713
2014-11-26,131.0,2.519115698917285e-05,0.00013587996211140939
2014-11-27,131.0136,0.00010381140530275268,0.0001295983604150528
2014-11-28,131.0082,-4.1217944467054696e-05,0.00012413352634092087
2014-12-01,131.05,0.00031901310742827135,0.00013395326567704495
2014-12-02,131.05,0.0,0.0001317281061981532
2014-12-03,131.0,-0.000381606568263887,0.00016733637367833177
2014-12-04,131.0,0.0,0.00016733637367833177
2014-12-05,131.0182,0.00013892164765107686,0.0001677162182147932
2014-12-08,131.02,1.373845492786385e-05,0.00016755454904948813
2014-12-09,131.0,-0.00015266010257887575,0.00017408699853883688
2014-12-10,131.01,7.633296442773982e-05,0.00017063478880619795
2014-12-11,131.0071,-2.213595982933538e-05,0.00016973665437925933
2014-12-12,131.0225,0.00011754397226681623,0.00014350872356652384
2014-12-15,131.0,-0.000171740976865008,0.00015023250099251677
2014-12-16,130.9917,-6.336078587804346e-05,0.00013842325538665856
2014-12-17,131.0434,0.00039460362883332524,0.00016393814869679584
2014-12-18,131.0158,-0.0002106394288162586,0.00017120740286191791
2014-12-19,131.0128,-2.289826377838688e-05,0.00017132637304871986
2014-12-22,131.0348,0.00016790842619184322,0.0001751457771389711
2014-12-23,131.0004,-0.0002625601460994348,0.00018561926205038222
2014-12-24,130.9978,-1.9847464601548407e-05,0.00018558879443202826
2014-12-26,131.005,5.49612447027606e-05,0.00018445701057688004
2014-12-29,131.0689,0.00048764872248873873,0.0002142370120050678
2014-12-30,131.0778,6.790091199632127e-05,0.00020305208491074898
2014-12-31,131.0486,-0.00022279327927893027,0.0002096680976141838
2015-01-01,131.091,0.000323491760647865,0.00020133396349824643
2015-01-02,131.0125,-0.0005990000312638144,0.00024630195397483135
2015-01-06,131.02,5.724480743481098e-05,0.00024463204469773786
2015-01-07,131.015,-3.8162840846674553e-05,0.00024476155775954766
2015-01-08,131.25,0.0017920810088494807,0.00046706396515435995
2015-01-09,131.25,0.0,0.00046753900051045637
2015-01-12,131.245,-3.809596373718228e-05,0.0004677567553221793
2015-01-13,131.22,-0.000190501591264413,0.00047188029158119277
2015-01-16,131.0889,-0.0009995849238507706,0.0005276986332896704
2015-01-19,131.5,0.0031311326249384595,0.0008694788376547224
2015-01-20,131.7054,0.0015607585687500282,0.0009212261870027362
2015-01-21,131.7433,0.00028772205185658106,0.0009147725146220966
2015-01-22,131.9,0.0011887274848431037,0.0009337977592464066
2015-01-23,131.85,-0.0003791469239732607,0.0009469450018181386
2015-01-26,132.0,0.001137009787075102,0.00095408527705536
2015-01-27,132.0817,0.0006187479299518437,0.000950676469767812
2015-01-28,132.0975,0.00011961577610063917,0.000949507661633835
2015-01-29,132.194,0.0007302543160743816,0.0009520277365762431
2015-01-30,132.2,4.53868090881182e-05,0.0009524883534302748
2015-02-02,132.2,0.0,0.0009457773120597926
2015-02-05,132.2,0.0,0.0009505815602897125
2015-02-06,132.2,0.0,0.0009258609285790825
2015-02-09,132.8,0.004528309624747831,0.0012928063014701373
2015-02-10,132.8,0.0,0.0012917264538710924
2015-02-11,132.7987,-9.789204540744797e-06,0.0012725266600226305
2015-02-12,132.8,9.789204540675537e-06,0.001272291047351046
2015-02-13,132.8,0.0,0.0012713340665539425
2015-02-16,132.8,0.0,0.0012658891086537202
2015-02-18,132.8,0.0,0.0012183142892639959
2015-02-19,132.8,0.0,0.0010752705497135582
2015-02-20,132.9,0.0007527286768660667,0.001047824966057755
2015-02-23,132.9,0.0,0.0010521576158287684
2015-02-24,132.9,0.0,0.0010409786042495795
2015-02-25,132.8991,-6.772031959477738e-06,0.001030002598299955
2015-02-26,132.9,6.772031959487445e-06,0.0010181595780439868
2015-02-27,132.9,0.0,0.0010186363443160026
2015-03-02,132.9,0.0,0.001020155688352803
2015-03-03,132.9,0.0,0.0010171164513334214
2015-03-04,132.8986,-1.0534291753412671e-05,0.001017832377934143
2015-03-06,132.9,1.0534291753564172e-05,0.0010176915457077397
2015-03-09,132.9,0.0,0.0010176915457077397
2015-03-10,132.9,0.0,0.0010176915457077397
2015-03-11,132.9,0.0,0.00016839423643377936
2015-03-12,132.9,0.0,0.00016839423643377936
2015-03-13,132.9,0.0,0.0001682633082197795
2015-03-16,132.9,0.0,0.00016836428258660025
2015-03-17,132.9,0.0,0.00016836428258660025
2015-03-18,132.9,0.0,0.00016836428258660025
2015-03-19,132.9,0.0,0.00016836428258660025
2015-03-20,132.9,0.0,0.00016836428258660025
2015-03-23,132.9,0.0,4.063077906508384e-06
2015-03-24,132.9,0.0,4.063077906508384e-06
2015-03-25,132.9,0.0,4.063077906508384e-06
2015-03-26,132.9,0.0,3.7382095468668994e-06
2015-03-27,132.9,0.0,3.417775559231066e-06
2015-03-30,132.8794,-0.00015501577655189136,3.483067238473467e-05
2015-03-31,132.9,0.00015501577655194023,5.040975499041475e-05
2015-04-01,132.9,0.0,5.040975499041475e-05
2015-04-02,132.9,0.0,5.034889048994222e-05
2015-04-06,132.8984,-1.203919963417222e-05,5.036575547752972e-05
2015-04-07,132.9,1.2039199634235808e-05,5.0445210828888116e-05
2015-04-08,132.9,0.0,5.0445210828888116e-05
2015-04-09,132.9,0.0,5.0445210828888116e-05
2015-04-10,132.9,0.0,5.0445210828888116e-05
2015-04-15,132.8983,-1.2791654423888757e-05,5.052623691426059e-05
2015-04-16,132.9,1.2791654423800559e-05,5.061564115528269e-05
2015-04-17,132.9,0.0,5.061564115528269e-05
2015-04-20,132.9,0.0,5.061564115528269e-05
2015-04-21,132.8964,-2.708840300487117e-05,5.097678107166114e-05
2015-04-22,132.8981,1.2791837302948931e-05,5.1074822590846593e-05
2015-04-23,132.8983,1.5049112780864738e-06,5.1077039633848076e-05
2015-04-24,132.8994,8.27697154652625e-06,5.111601151892202e-05
2015-04-27,132.9,4.514682877306417e-06,5.112702834375817e-05
2015-04-28,132.897,-2.2573618213457767e-05,5.137559186253531e-05
2015-04-29,132.9,2.2573618213494962e-05,5.164892824918572e-05
2015-04-30,132.9,0.0,3.6601149297108026e-05
2015-05-05,133.0714,0.0012888605596461955,0.00028843756116609385
2015-05-06,133.1,0.00021489912222002967,0.00028990954650487936
2015-05-07,133.3,0.001501501783597133,0.0004299875028376357
2015-05-08,133.3,0.0,0.0004297566946673423
2015-05-11,133.3,0.0,0.00042996976115699875
2015-05-12,133.4412,0.0010587041910939492,0.0004734670254635483
2015-05-13,133.5,0.0004405464645470794,0.00047376376623102414
2015-05-14,133.4,-0.0007493443587808343,0.0005198974702568745
2015-05-15,133.4,0.0,0.0005196455737192659
2015-05-18,133.3125,-0.000656137249954075,0.0005520596740376122
2015-05-19,133.3,-9.376904690630468e-05,0.0005538401872129509
2015-05-20,133.4994,0.00149475626351892,0.0006283398443321107
2015-05-21,133.7,0.0015015006597153848,0.0006863512095701123
2015-05-22,133.7,0.0,0.0006866402397393296
2015-05-25,133.7,0.0,0.000686674844776881
2015-05-26,133.7,0.0,0.0006868628377660552
2015-05-27,133.9,0.0014947685892295046,0.0007324094732360773
2015-05-28,133.9,0.0,0.0007317819712166209
2015-05-29,133.9,0.0,0.0007323728543057311
2015-06-01,133.9,0.0,0.0007323728543057311
2015-06-03,133.9,0.0,0.0007038606770181462
2015-06-04,133.9,0.0,0.000707028010123411
2015-06-05,133.9,0.0,0.0006501185960940498
2015-06-08,133.8966,-2.5392406028906447e-05,0.0006506048166153299
2015-06-09,133.8979,9.708937263456255e-06,0.0006504330466688983
2015-06-10,133.8,-0.0007314215342331874,0.0006526560188089403
2015-06-11,133.7985,-1.1210825173080264e-05,0.0006493066977139829
2015-06-12,133.7973,-8.968750630573674e-06,0.0006179840049012052
2015-06-15,134.0,0.0015138318325867302,0.0006876004921250771
2015-06-16,133.9987,-9.701539596989404e-06,0.0006586141584759978
2015-06-17,133.9995,5.970189352128497e-06,0.0006561938920523154
2015-06-18,133.9986,-6.716465527192175e-06,0.0005902761564490652
2015-06-19,134.2,0.001501872402442252,0.0005903197440310276
2015-06-22,134.1,-0.0007454342499485086,0.0006252246110022841
2015-06-23,133.9,-0.0014925375905059655,0.0007250902732450303
2015-06-24,133.9,0.0,0.0007250902732450303
2015-06-25,133.8,-0.000747105002998653,0.0006647913521267238
2015-06-26,133.7126,-0.000653427188922998,0.0006787683954997089
2015-06-29,133.7,-9.423639730774657e-05,0.0006785837621452328
2015-06-30,133.7,0.0,0.0006785837621452328
2015-07-02,133.7,0.0,0.0006785837621452328
2015-07-03,133.6,-0.0007482230053521195,0.0006946807779016098
2015-07-06,133.6,0.0,0.0006946807779016098
2015-07-07,133.6,0.0,0.0006948708612648638
2015-07-08,133.6,0.0,0.0006947855683245337
2015-07-09,133.6,0.0,0.0006795120738624171
2015-07-10,133.6,0.0,0.0006795719069479985
2015-07-13,133.6,0.0,0.0006796201983385625
2015-07-14,133.8,0.0014958865915829297,0.0006774221357446975
2015-07-15,133.8,0.0,0.0006774745866947993
2015-07-16,133.7992,-5.979091118352355e-06,0.0006774054313295461
2015-07-17,133.8,5.9790911184472345e-06,0.000677478527823644
2015-07-20,133.7994,-4.484314987464478e-06,0.0005679180040951013
2015-07-21,133.8,4.484314987409127e-06,0.000551004253727363
2015-07-22,133.7,-0.0007476635862307318,0.00047233594949681055
2015-07-23,133.6988,-8.975358154098884e-06,0.000472265461445413
2015-07-24,133.6971,-1.2715228618072687e-05,0.00044503822708266103
2015-07-27,133.6976,3.7397899060263645e-06,0.00042084716167989345
2015-07-28,133.7,1.7950796866219372e-05,0.00042035106676279924
2015-07-29,133.6,-0.0007482230053521195,0.00045242336656668394
2015-07-30,133.6,0.0,0.00045242336656668394
2015-08-03,133.6,0.0,0.0004203510667627992
2015-08-04,133.5,-0.0007487832622411232,0.0004524697095046773
2015-08-05,133.4993,-5.243459439769037e-06,0.0004524483931067528
2015-08-06,133.4927,-4.943968359599863e-05,0.0004523666191333645
2015-08-07,133.75,0.0019255910788474222,0.0006310098977880088
2015-08-10,133.75,0.0,0.0006310098977880088
2015-08-11,133.75,0.0,0.0006310098977880088
2015-08-12,133.75,0.0,0.0005323034812431842
2015-08-13,133.8,0.00037376191801215085,0.0005395063921699545
2015-08-14,133.9,0.0007471050029987865,0.0005647565451258473
2015-08-17,133.9,0.0,0.0005647757770647106
2015-08-18,134.0,0.000746547253784563,0.0005864012555079955
2015-08-19,134.0,0.0,0.000586430455959432
2015-08-20,133.8967,-0.000771192815138765,0.0005881879936300553
2015-08-21,133.9,2.464556135422792e-05,0.000587987864209294
2015-08-24,134.0,0.000746547253784563,0.0006062411520216908
2015-08-25,134.1,0.0007459903367213952,0.0006217127184104269
2015-08-26,134.2496,0.001114963581073687,0.0006568255617058181
2015-08-27,134.15,-0.0007421769970733801,0.0006563649304887871
2015-08-28,134.15,0.0,0.0006563649304887871
2015-08-31,134.3,0.0011175266575587568,0.0006849045579844537
2015-09-01,134.5,0.0014880955127017188,0.0006938604351283902
2015-09-02,134.5,0.0,0.0006937109154145775
2015-09-03,134.5,0.0,0.0006922113296004328
2015-09-04,134.75,0.0018570107472126892,0.0006842545436361558
2015-09-07,137.875,0.02292626778456002,0.005084297678207755
2015-09-08,137.4985,-0.002734469617454167,0.005163439333077507
2015-09-09,138.1655,0.00483923400705433,0.0052084563921232395
2015-09-10,138.7796,0.004434821244290617,0.005236237152618159
2015-09-11,138.936,0.0011263322372557587,0.00523280616865918
2015-09-14,139.0345,0.0007087083278460676,0.005222036003587909
2015-09-15,139.7679,0.005261085927875447,0.00526776937439644
2015-09-16,139.9898,0.0015863731117017237,0.00524627048527322
2015-09-17,140.6358,0.004604007197478932,0.005224414392050719
2015-09-18,140.7891,0.0010894559448210962,0.005203725777682597
2015-09-21,140.5167,-0.0019366830342056449,0.005285489595733648
2015-09-22,140.8342,0.002256969036006996,0.005271770622296909
2015-09-23,140.951,0.0008290002930540263,0.0052759678711808535
2015-09-25,140.9578,4.824255221065111e-05,0.005253825214323499
2015-09-28,140.9568,-7.094347011576986e-06,0.005254001354881104
2015-09-29,141.2438,0.002034014803288366,0.005245530829394981
2015-09-30,141.2335,-7.292621392634898e-05,0.005273242561572905
2015-10-01,141.2334,-7.080475624471507e-07,0.0052732598250332515
2015-10-02,141.2575,0.0001706249656783257,0.005269236811065483
2015-10-05,141.2601,1.840593294072489e-05,0.005296115712711917
2015-10-06,141.2243,-0.00025346532545984953,0.002174969007954779
2015-10-07,141.0307,-0.0013718093947720832,0.0020637263297422913
2015-10-08,140.5995,-0.003062173992303044,0.0021001136447701962
2015-10-09,140.5457,-0.0003827203925707511,0.0019402988025524314
2015-10-12,140.338,-0.0014789041717697632,0.0019921436205006422
2015-10-13,140.3209,-0.00012185610376984913,0.001996260947201641
2015-10-14,140.4809,0.0011395939578426478,0.0016588239287354193
2015-10-15,140.6841,0.0014454148658441957,0.0016531567119557633
2015-10-16,140.9312,0.0017548766946534793,0.001353592168913201
2015-10-19,140.9554,0.00017170025151586792,0.001333871397667958
2015-10-20,140.9672,8.371091928703667e-05,0.0012485508227874558
2015-10-21,140.9901,0.00016243594367214116,0.001147130632357466
2015-10-22,141.0126,0.00015957294059760566,0.0011330476701266801
2015-10-23,141.0638,0.0003630222206627768,0.001135616991072622
2015-10-26,141.0489,-0.00010563154380384216,0.0011360347118968372
2015-10-28,141.1087,0.0004238765916307469,0.0010397095012692965
2015-10-29,140.8772,-0.001641926436810132,0.0010991932488952064
2015-10-30,140.8543,-0.00016256613158570503,0.0010988156975664726
2015-11-02,140.9668,0.0007983788720980684,0.0011168056854334808
2015-11-03,140.9771,7.30641805307854e-05,0.0011171852320544298
2015-11-04,141.0487,0.0005077549751709294,0.001124633442456872
2015-11-05,141.2663,0.0015415407831048046,0.001134710457019917
2015-11-06,141.562,0.002091022063510489,0.0009534239594601144
2015-11-09,141.5214,-0.0002868412650009896,0.0009498270994450862
2015-11-11,141.901,0.0026786889602303434,0.0009837863020538305
2015-11-12,141.929,0.000197301202063351,0.0009747973275287477
2015-11-13,141.9633,0.00024164093331803594,0.0009678240192669356
2015-11-16,142.0599,0.0006802261486019343,0.0009443575519504037
2015-11-17,142.1384,0.0005524311862271948,0.0008964229647457557
2015-11-18,142.2944,0.0010969200151462568,0.0009064012780935635
2015-11-19,142.2797,-0.00010331228325471502,0.0009115759247931283
2015-11-20,142.3063,0.0001869382195713523,0.000911166556587169
2015-11-23,142.4662,0.001123001812356132,0.0009196194084480795
2015-11-24,142.6267,0.001125948888634704,0.0009288574875684862
2015-11-26,142.8892,0.0018387772727303455,0.0009578269659815696
2015-11-27,143.0667,0.0012414503271091929,0.0009651701178307095
2015-11-30,143.2074,0.0009829740890228015,0.0007949874517471523
2015-12-01,143.239,0.00022063464667866238,0.0007744047548887929
2015-12-02,143.2327,-4.398340220705993e-05,0.0007992628883750854
2015-12-03,143.2318,-6.283501097047074e-06,0.0008032341752863886
2015-12-04,143.2498,0.00012566252089960846,0.0008148443032214729
2015-12-07,143.2529,2.16402847173416e-05,0.0008103798708107758
2015-12-08,143.2426,-7.190339816458284e-05,0.0007573141620178686
2015-12-09,143.2214,-0.00014801161778605596,0.0007494485820970158
2015-12-10,143.178,-0.00030307326294815403,0.0005940126420029988
2015-12-11,143.2196,0.0002905052297406342,0.0005923058967073552
2015-12-14,143.276,0.00039372332928378547,0.0005904281547279973
2015-12-15,143.4938,0.0015189886932162858,0.0006349855455898645
2015-12-16,143.4583,-0.0002474280563278184,0.0006564769955114505
2015-12-17,143.5647,0.0007414040329438661,0.0006430607389707823
2015-12-18,143.5606,-2.855896014928988e-05,0.000639919393923593
2015-12-21,143.5406,-0.0001393236951453644,0.0006509908176076079
2015-12-22,143.5415,6.269983395035921e-06,0.0006363121303344186
2015-12-23,143.5859,0.00030927038209438456,0.0006113661504413097
2015-12-28,143.6286,0.00029733875075659135,0.0004985924949178769
2015-12-29,143.6861,0.0004002579803098957,0.00044373336308590095
2015-12-30,143.8484,0.0011289081291929468,0.0004579802510430997
2015-12-31,144.0623,0.0014858776652247093,0.0005379894707283465
2016-01-01,144.0716,6.455332054452234e-05,0.0005350188818874416
2016-01-04,144.2333,0.001121729231485789,0.000560757774005402
2016-01-05,144.1833,-0.0003467206845993857,0.0005802427723811982
2016-01-06,144.2318,0.00033632081300285854,0.0005758401157271921
2016-01-07,144.0106,-0.0015348196061569033,0.0007085940310259538
2016-01-08,143.9415,-0.00047994094383348136,0.000722583856659379
2016-01-11,143.8175,-0.0008618323505094575,0.0007551906569286743
2016-01-12,143.7993,-0.00012655728055034304,0.0007589721898713757
2016-01-13,143.745,-0.0003776809392183411,0.000768258942256946
2016-01-14,143.8047,0.0004152325727188205,0.0007025931493988102
2016-01-18,143.8161,7.92710402444445e-05,0.0006976699823469076
2016-01-19,143.9308,0.00079722843981995,0.000700374195150687
2016-01-20,143.9169,-9.657885062695788e-05,0.0007013355771691316
2016-01-21,143.8858,-0.0002161202804634196,0.0007030609245910155
2016-01-22,143.9,9.868450779387064e-05,0.0007025769435413866
2016-01-25,143.9,0.0,0.0007017042177121895
2016-01-26,143.9089,6.184659336675305e-05,0.000700356594096657
2016-01-27,143.89,-0.00013134171136284682,0.0006983456365272308
2016-01-28,143.8972,5.0036971773093106e-05,0.0006524814288976168
2016-01-29,143.9208,0.0001639925234204037,0.0005556142739239751
2016-02-01,143.9,-0.00014453437719733232,0.0005553295560411328
2016-02-02,143.9071,4.933860215024536e-05,0.00048222501361579374
2016-02-03,143.9,-4.933860215014462e-05,0.0004792213024235238
2016-02-05,143.9296,0.00020567724865232895,0.00047384492512975407
2016-02-08,143.9046,-0.0001737111160721575,0.00033508903887797365
2016-02-09,143.9091,3.127022793126681e-05,0.00031860040948400583
2016-02-10,143.9,-6.323636051136806e-05,0.0002487814505364557
2016-02-11,143.9,0.0,0.0002462216174444983
2016-02-12,143.897,-2.084802829862763e-05,0.00022691550355337752
2016-02-15,143.8989,1.3203801722125237e-05,0.00021032385482355067
2016-02-16,143.9207,0.00015148377693313913,0.00021177946246710996
2016-02-17,143.9004,-0.00014105984608962527,0.00011713336731200185
2016-02-18,143.9,-2.779704267117639e-06,0.00011537262123960466
2016-02-19,143.93,0.00020845638125716965,0.0001136997111300918
2016-02-23,143.9192,-7.503929144209082e-05,0.00011363466284209429
2016-02-24,143.8943,-0.00017302871520707747,0.00012054577283538697
2016-02-25,143.883,-7.853294895595224e-05,0.00012072051663642159
2016-02-26,143.9,0.00011814457434791265,0.0001203025303487554
2016-02-29,144.354,0.003150002257743165,0.0007142518838674758
2016-03-01,143.9165,-0.0030353458706486006,0.0010099926954708013
2016-03-02,143.9108,-3.9607083836484164e-05,0.0010094829630975502
2016-03-03,144.2556,0.0023930629285621105,0.001142346048860869
2016-03-04,144.1154,-0.0009723586008743452,0.0011679456032304147
2016-03-08,143.9,-0.0014957536309456972,0.0012187691438403112
2016-03-09,143.9089,6.184659336675305e-05,0.001218244773980075
2016-03-10,144.0067,0.0006793657847058971,0.0012276616276400629
2016-03-11,144.3571,0.002430264634192044,0.0013388558543257476
2016-03-14,143.9,-0.0031714770122648313,0.0015324446368616502
2016-03-15,143.9,0.0,0.0015324367998228823
2016-03-16,143.898,-1.3898637238867654e-05,0.0015324374628168315
2016-03-17,143.9,1.38986372388955e-05,0.0015320289311882556
2016-03-18,143.9,0.0,0.001531704872257578
2016-03-21,143.9,0.0,0.0015317047461439208
2016-03-23,143.93,0.00020845638125716965,0.0015317047461439208
2016-03-24,143.9035,-0.0001841342308999716,0.0015321802249404822
2016-03-28,143.895,-5.906910565876812e-05,0.0015317360758865084
2016-03-29,143.9,3.4746955301472966e-05,0.0015316388869499981
2016-03-30,143.89,-6.949511799605788e-05,0.0015314898796813191
2016-03-31,143.9,6.949511799604011e-05,0.001340663521795318
2016-04-01,143.9,0.0,0.0011569546856238044
2016-04-04,143.9,0.0,0.0011569275488055631
2016-04-05,143.9,0.0,0.0010104740484939262
2016-04-06,143.9,0.0,0.0009906757915536543
2016-04-07,143.9,0.0,0.0009325098271579229
2016-04-08,143.9,0.0,0.0009323964801015448
2016-04-11,143.9,0.0,0.0009184966067944467
2016-04-12,143.9,0.0,0.0007125733422072919
2016-04-15,143.9,0.0,6.962360273828194e-05
2016-04-18,143.9,0.0,6.962360273828194e-05
2016-04-19,143.9,0.0,6.954689609932335e-05
2016-04-20,143.9,0.0,6.947742188074591e-05
2016-04-22,143.9,0.0,6.947742188074591e-05
2016-04-25,143.9024,1.6678109703374235e-05,6.957743972265038e-05
2016-04-26,143.9,-1.667810970344413e-05,4.9547788483276356e-05
2016-04-27,143.9,0.0,2.798720885785143e-05
2016-04-28,143.9,0.0,2.445451728246003e-05
2016-04-29,143.9,0.0,2.3187407582176966e-05
2016-05-03,143.9,0.0,1.645474102325918e-05
2016-05-04,145.73,0.012636980652283079,0.002825719957858479
2016-05-05,145.73,0.0,0.002825719957858479
2016-05-06,145.73,0.0,0.002825719957858479
2016-05-09,145.7617,0.00021750190571439407,0.002823577958922629
2016-05-10,145.715,-0.0003204372795464679,0.002828322070004936
2016-05-11,145.7327,0.0001214626159118535,0.00282703566728404
2016-05-12,145.75,0.00011870344291657163,0.0028257615961190708
2016-05-13,145.75,0.0,0.0028257615961190708
2016-05-16,145.74,-6.861298846561702e-05,0.0028266193626096665
2016-05-17,145.74,0.0,0.0028266193626096665
2016-05-18,145.725,-0.00010292831052275974,0.002827930287451192
2016-05-19,145.75,0.00017154129898822577,0.0028261781126170584
2016-05-20,145.75,0.0,0.0028261781126170584
2016-05-24,145.75,0.0,0.0028261781126170584
2016-05-25,145.75,0.0,0.002826373766236927
2016-05-26,145.75,0.0,0.002826172932483934
2016-05-27,145.75,0.0,0.002826172932483934
2016-05-30,145.75,0.0,0.002826172932483934
2016-05-31,145.75,0.0,0.002826172932483934
2016-06-01,145.955,0.0014055297903593795,0.0028269297114445467
2016-06-02,145.908,-0.0003220689186796601,0.00034245992360451517
2016-06-03,145.95,0.0002878111978421647,0.00034579107151420506
2016-06-06,145.925,-0.00017130621026885824,0.0003498554553735771
2016-06-07,145.9,-0.00017133556111483832,0.000351841937587628
2016-06-08,145.75,-0.0010286302981382539,0.0004198713921004706
2016-06-09,145.7458,-2.8816881754632613e-05,0.00041915359481560515
2016-06-10,145.548,-0.001358079234103309,0.0005167012585683991
2016-06-13,145.0131,-0.003681845947431268,0.000958073174294015
2016-06-14,144.7474,-0.0018339288789808376,0.0010194982571193403
2016-06-15,144.725,-0.00015476432326339592,0.0010173532427371775
2016-06-16,144.75,0.00017272648803626868,0.0010227217544507092
2016-06-17,144.5893,-0.001110806700118935,0.001029425454302803
2016-06-20,144.5,-0.0006178022004988346,0.001026061694788658
2016-06-21,144.5385,0.0002664004983950307,0.0010336478430458954
2016-06-22,145.1935,0.004521427497573245,0.0015130183979103933
2016-06-23,145.25,0.00038906018356535003,0.001518099621978981
2016-06-24,145.25,0.0,0.001518099621978981
2016-06-27,145.25,0.0,0.001518099621978981
2016-06-28,145.25,0.0,0.001518099621978981
2016-06-29,145.25,0.0,0.0014731029314871047
2016-06-30,145.25,0.0,0.0014739428386369112
2016-07-01,145.25,0.0,0.0014700622576105616
2016-07-04,145.25,0.0,0.0014709846968466427
2016-07-05,145.246,-2.7539105531561363e-05,0.001471647161078471
2016-07-07,145.246,0.0,0.001459998197503566
2016-07-08,145.25,2.7539105531568762e-05,0.001460345862502138
2016-07-11,145.25,0.0,0.0014335413153094803
2016-07-12,145.25,0.0,0.0011600043309712505
2016-07-13,145.2477,-1.583489301314347e-05,0.0010697147545870602
2016-07-14,145.25,1.5834893013287857e-05,0.0010676457954317202
2016-07-15,145.25,0.0,0.0010684149978462498
2016-07-18,145.25,0.0,0.0010262368217209532
2016-07-20,145.25,0.0,0.0010085856015901195
2016-07-21,145.25,0.0,0.0010102383322567502
2016-07-22,145.75,0.0034364294985810974,0.0007688239567192779
2016-07-25,145.75,0.0,0.0007684781134479836
2016-07-26,145.75,0.0,0.0007684781134479836
2016-07-27,145.75,0.0,0.0007684781134479836
2016-07-28,145.7466,-2.3327887873449084e-05,0.0007687702774787614
2016-07-29,145.7466,0.0,0.0007687702774787614
2016-08-01,145.75,2.3327887873566883e-05,0.0007685153830884483
2016-08-02,145.75,0.0,0.0007685153830884483
2016-08-03,145.745,-3.430590576503535e-05,0.0007689572235003712
2016-08-04,145.7471,1.4408623767250434e-05,0.0007684467967560847
2016-08-05,145.6167,-0.0008951009611105657,0.0008042362741513784
2016-08-08,145.6,-0.00011469122490791059,0.0008057935611172411
2016-08-09,145.6,0.0,0.0008057935611172411
2016-08-10,145.6,0.0,0.0008057935611172411
2016-08-11,145.6,0.0,0.0008056604897945561
2016-08-12,145.5,-0.0006870491510383883,0.0008255795441471808
2016-08-15,145.5,0.0,0.0008255795441471808
2016-08-16,145.5,0.0,0.0008255795441471808
2016-08-18,145.5,0.0,0.0008255795441471808
2016-08-19,145.5,0.0,0.0008255795441471808
2016-08-22,145.5,0.0,0.0002451111083829264
2016-08-23,145.5,0.0,0.0002451111083829264
2016-08-24,145.5,0.0,0.0002451111083829264
2016-08-25,145.5111,7.628574996199454e-05,0.0002471026276001061
2016-08-26,145.8525,0.00234346470350069,0.000596462947194767
2016-08-29,145.6,-0.0017327013024243771,0.0007158942509264403
2016-08-30,145.6286,0.00019640928186278936,0.0007178747799984206
2016-08-31,145.62,-5.90560778833072e-05,0.0007178158394799879
2016-09-01,145.5564,-0.00043684859769848266,0.0007231353311421267
2016-09-02,145.5118,-0.0003064573893613741,0.000724844155449703
2016-09-05,145.4911,-0.00014226662369978534,0.0006994327347397336
2016-09-06,145.4175,-0.0005060008646726618,0.0007069719330955012
2016-09-07,145.4175,0.0,0.0007069719330955012
2016-09-08,145.4333,0.00010864677020352577,0.0007078959774279431
2016-09-09,145.4214,-8.182779928702245e-05,0.0007077839621984377
2016-09-13,145.1558,-0.0018280861262849096,0.0008007535155041259
2016-09-14,145.2978,0.000977781038440025,0.0008373753492187715
2016-09-15,145.5983,0.0020660304960423113,0.0009642320088340598
2016-09-19,145.8126,0.0014707757234256943,0.001016205891856049
2016-09-20,145.75,-0.000429410363070739,0.0010231053178409643
2016-09-21,145.7706,0.00014132792011459336,0.0010229693088107813
2016-09-22,146.022,0.001723142137292823,0.001085392108093033
2016-09-23,145.9,-0.0008358397592692525,0.0011084952554493654
2016-09-26,146.2704,0.0025355080352808626,0.0012310012703050282
2016-09-27,146.3273,0.0003889299247209705,0.001130384267069811
2016-09-28,146.3385,7.653781210826688e-05,0.0010394717088754424
2016-09-29,146.4824,0.000982853420530888,0.001052019146973936
2016-09-30,146.7229,0.0016404891312416377,0.0010900971905901298
2016-10-03,146.8753,0.0010381535969060725,0.00108198499982028
2016-10-04,146.7257,-0.0010190701867275665,0.0011193309449441017
2016-10-05,146.6698,-0.0003810556104397565,0.0011268405811528815
2016-10-06,146.753,0.0005670997770435668,0.0011066245415931857
2016-10-07,146.7414,-7.90475048656418e-05,0.0011084826244510573
2016-10-10,146.8469,0.0007186935211047662,0.0011068962685123439
2016-10-11,146.85,2.11101989848175e-05,0.0011043649259250767
2016-10-12,146.9,0.0003404255352026622,0.0009622277900497296
2016-10-13,146.9,0.0,0.0009667038332282964
2016-10-14,146.9,0.0,0.0009043650791542
2016-10-17,146.8976,-1.6337778116909264e-05,0.000876289480141087
2016-10-18,146.8778,-0.0001347968552164427,0.0008645292869052174
2016-10-19,146.9,0.00015113463333356217,0.0008643863361016735
2016-10-20,146.9,0.0,0.0008081278006261099
2016-10-21,146.9,0.0,0.0007668703515478698
2016-10-24,146.9,0.0,0.0005691814375553024
2016-10-25,146.9,0.0,0.0005695613692047199
2016-10-26,146.9,0.0,0.0005706574737811735
2016-10-27,146.9,0.0,0.0005404406998762624
2016-10-28,146.9667,0.0004539473247251153,0.0004187513331392812
2016-10-31,147.1136,0.0009990469420654202,0.0004141223468248432
2016-11-01,147.3963,0.0019198002296519426,0.0005128503925707021
2016-11-02,147.3963,0.0,0.0004958283496837001
2016-11-03,147.4,2.5102078962271473e-05,0.0004922138153154695
2016-11-04,147.73,0.0022363035782805166,0.0006613954918996479
2016-11-07,147.7283,-1.1507546073448492e-05,0.0006592929488556364
2016-11-08,147.7085,-0.0001340388200091763,0.0006636358614455361
2016-11-09,147.7471,0.00026129137656965244,0.0006635644192665556
2016-11-10,147.7471,0.0,0.0006635644192665556
2016-11-11,147.75,1.9627942203931548e-05,0.0006631312113549367
2016-11-15,147.75,0.0,0.0006627459065497533
2016-11-16,147.7475,-1.6920616926049868e-05,0.0006592910797942511
2016-11-17,147.746,-1.0152507584826454e-05,0.000662126202134882
2016-11-18,147.747,6.768349842491465e-06,0.0006619734387525849
2016-11-21,147.95,0.0013730273346793465,0.0007006583911229208
2016-11-22,147.95,0.0,0.0007006583911229208
2016-11-23,147.95,0.0,0.0007006583911229208
2016-11-24,147.9481,-1.2842258872296761e-05,0.000701007724031018
2016-11-25,147.9481,0.0,0.000701007724031018
2016-11-28,147.95,1.2842258872203103e-05,0.0007046759020344636
2016-11-29,147.95,0.0,0.0006902705107083316
2016-11-30,147.95,0.0,0.000574523703241866
2016-12-01,147.95,0.0,0.000574523703241866
2016-12-02,147.964,9.462208621736551e-05,0.0005736993190346644
2016-12-05,148.1,0.000918720341317174,0.00036367041071971764
2016-12-06,148.3,0.001349527870133398,0.0004531111633478893
2016-12-07,148.3,0.0,0.0004489899739839877
2016-12-08,148.6548,0.0023895903944293087,0.0006647142986684678
2016-12-09,148.6929,0.0002562656459660427,0.000660959728280188
2016-12-14,148.6874,-3.698967282391649e-05,0.0006624292741998025
2016-12-15,148.6874,0.0,0.0006624292741998025
2016-12-16,149.095,0.002737571156362619,0.0008494586361104898
2016-12-19,149.0933,-1.1402191165865413e-05,0.0008494946161614483
2016-12-20,149.08,-8.92098655970213e-05,0.0008524194393414608
2016-12-21,149.0425,-0.0002515744380099374,0.0008370075308658651
2016-12-22,149.295,0.0016927141930886832,0.0008822136461402987
2016-12-23,149.295,0.0,0.0008822136461402987
2016-12-27,149.4231,0.0008576648542717679,0.0008795171450092185
2016-12-28,149.5,0.0005145136103326971,0.0008717354340022723
2016-12-29,149.7975,0.001987989194558542,0.000921508176873556
2016-12-30,149.8,1.6689057819653005e-05,0.0009209240940550238
2017-01-02,149.9747,0.0011655421206480622,0.0009164032450785952
2017-01-03,150.0,0.00016868089248854603,0.0009105769947301124
2017-01-04,150.0,0.0,0.0009140616830523238
2017-01-05,149.9992,-5.33334755557445e-06,0.000924826951871172
2017-01-06,150.0,5.3333475556693475e-06,0.0009191545830874282
2017-01-09,149.9983,-1.1333397556070632e-05,0.0009195278446797896
2017-01-10,150.0,1.1333397556091034e-05,0.0008201518217584834
2017-01-11,149.9828,-0.00011467324139153555,0.0008289209188068394
2017-01-13,150.0,0.00011467324139146813,0.0008250907592079271
2017-01-16,150.0402,0.0002679640944149229,0.0008197373310930683
2017-01-17,150.1222,0.0005463709114791146,0.000620533526153558
2017-01-18,150.1363,9.391907313454155e-05,0.0006178058997115877
2017-01-19,150.15,9.124625405482061e-05,0.000612369728498328
2017-01-20,150.1424,-5.061733165158769e-05,0.000603431910417762
2017-01-23,150.15,5.06173316515111e-05,0.0005195295837517459
2017-01-24,150.1478,-1.465212199393194e-05,0.0005199635585151582
2017-01-25,150.15,1.4652121993856441e-05,0.0005050349689943628
2017-01-26,150.2494,0.00066178563357836,0.0005102542055445086
2017-01-27,150.25,3.993352399380301e-06,0.00030693439494488477
2017-01-30,150.25,0.0,0.00030734063234980037
2017-01-31,150.2429,-4.7255692239837664e-05,0.0001958364982771245
2017-02-01,150.3246,0.0005436382976348014,0.00022025734236402002
2017-02-02,150.5,0.0011661281682186278,0.00032130796129913004
2017-02-03,150.5,0.0,0.0003211601191853882
2017-02-06,150.5,0.0,0.00032130330192232573
2017-02-07,150.75,0.0016597514183644708,0.00045999991859360645
2017-02-08,150.75,0.0,0.0004603162032484571
2017-02-09,150.75,0.0,0.00045623908364261746
2017-02-13,150.7474,-1.7247246577021872e-05,0.0004593195171503904
2017-02-14,150.7306,-0.00011145091859028023,0.00046625682712221714
2017-02-15,150.7456,9.951034285544438e-05,0.0004609520100742011
2017-02-16,150.7416,-2.653512321736767e-05,0.000463291011195876
2017-02-17,150.7482,4.3782575735907776e-05,0.00046400478514503315
2017-02-20,150.8214,0.0004854600824326996,0.0004643217473313509
2017-02-21,151.1245,0.002007645090112029,0.0006091336394664983
2017-02-22,151.2426,0.0007811696841729652,0.0006118713004724268
2017-02-23,151.235,-5.025165500917337e-05,0.0006139859406916561
2017-02-27,151.25,9.91784717408505e-05,0.0006123178529978958
2017-02-28,151.25,0.0,0.0006124310383981655
2017-03-01,151.25,0.0,0.0006124310383981655
2017-03-02,151.2476,-1.586789448934006e-05,0.0006114483246067794
2017-03-03,151.25,1.5867894489297796e-05,0.0006132762931538759
2017-03-06,151.25,0.0,0.0005819147188215205
2017-03-07,151.2371,-8.529289353375871e-05,0.0005841404120734688
2017-03-08,151.2534,0.00010777197972018529,0.000582262379323537
2017-03-09,151.35,0.0006384594705903804,0.0004894812102908792
2017-03-10,151.35,0.0,0.0004894812102908792
2017-03-13,151.35,0.0,0.0004894812102908792
2017-03-14,151.3494,-3.964328967881083e-06,0.0004891818322774426
2017-03-15,151.35,3.964328967960987e-06,0.0004859937330173379
2017-03-16,151.3469,-2.0482535500625452e-05,0.0004881012313728733
2017-03-17,151.308,-0.00025705845313732915,0.0004963604624842365
2017-03-20,151.3138,3.8331673400184806e-05,0.000496445029541105
2017-03-21,151.3939,0.0005292234182978528,0.0004979228848655529
2017-03-22,151.6083,0.00141517147916254,0.0003899802411420567
2017-03-23,151.6,-5.4747841679101005e-05,0.00036379709579567707
2017-03-24,151.6,0.0,0.0003627458010366612
2017-03-27,151.6,0.0,0.00036372959398790137
2017-03-28,151.6943,0.0006218382807635094,0.0003795637115973047
2017-03-29,151.6943,0.0,0.0003795637115973047
2017-03-30,151.7,3.757486545162169e-05,0.00037854603959877343
2017-03-31,151.7354,0.00023332808341160964,0.00037763271133050923
2017-04-03,151.6,-0.0008927412296268741,0.00044442186979439067
2017-04-04,151.6,0.0,0.00044279923868754956
2017-04-05,151.6,0.0,0.0004436087648399099
2017-04-06,151.6,0.0,0.0004265597248496749
2017-04-07,151.6,0.0,0.0004265597248496749
2017-04-11,151.6,0.0,0.0004265597248496749
2017-04-12,151.6133,8.772702258479246e-05,0.0004260737297880391
2017-04-17,151.6,-8.772702258469839e-05,0.0004275063192877117
2017-04-18,151.9,0.0019769363934559452,0.0006004903128105698
2017-04-19,151.9,0.0,0.0005932971856626288
2017-04-20,151.9,0.0,0.0005938923732841897
2017-04-21,151.9,0.0,0.0005899153473201287
2017-04-24,151.9,0.0,0.0005120367002170495
2017-04-25,151.8985,-9.87496646630605e-06,0.0005114388455678585
2017-04-26,151.9,9.874966466339417e-06,0.0005113436549148358
2017-04-27,151.9,0.0,0.0005113436549148358
2017-04-28,151.9,0.0,0.0004965613768193625
2017-05-02,151.9,0.0,0.0004965613768193625
2017-05-03,151.9,0.0,0.0004967526185618213
2017-05-04,152.0391,0.0009153150069307439,0.0005310739374393307
2017-05-05,152.0455,4.209354897256375e-05,0.00047754410153824623
2017-05-08,152.3154,0.0017735528495764086,0.0005982743891452959
2017-05-09,152.3154,0.0,0.0005982743891452959
2017-05-12,152.3,-0.00010111110609066329,0.0006007901379719929
2017-05-15,152.3769,0.0005047970596587643,0.0006012074183616932
2017-05-16,152.3,-0.0005047970596586875,0.0006227133813394018
2017-05-17,152.3667,0.0004378555389586643,0.0006234142981360357
2017-05-18,152.3295,-0.000244177644387081,0.0006288049004443022
2017-05-19,152.5,0.001118658251778565,0.0005246962303254908
2017-05-22,152.5,0.0,0.0005246962303254908
2017-05-23,152.5,0.0,0.0005246962303254908
2017-05-24,152.5,0.0,0.0005246962303254908
2017-05-25,152.5,0.0,0.0005246962303254908
2017-05-26,152.5,0.0,0.0005244958111132425
2017-05-29,152.5,0.0,0.0005246864486384839
2017-05-30,152.5,0.0,0.0005246864486384839
2017-05-31,152.5,0.0,0.0005246864486384839
2017-06-01,152.5,0.0,0.0005246864486384839
2017-06-02,152.5,0.0,0.0005246864486384839
2017-06-05,152.5,0.0,0.0004979835190516681
2017-06-06,152.4966,-2.229533050619489e-05,0.000498934218015548
2017-06-07,152.4786,-0.00011804238522276191,0.0003227913764355568
2017-06-09,152.5,0.00014033771572898181,0.00032309136185186126
2017-06-12,152.5,0.0,0.0003212140682378555
2017-06-13,152.5,0.0,0.0003042744902419846
2017-06-14,152.5,0.0,0.00027632465003898465
2017-06-15,152.5,0.0,0.00026226833893864344
2017-06-16,152.5,0.0,0.0002537043690873523
2017-06-19,152.85,0.0022924522893772578,0.0005143568485341173
2017-06-20,153.0236,0.0011351095265489618,0.0005615077398895252
2017-06-21,153.2658,0.0015815111491427373,0.0006417317776165204
2017-06-22,153.3313,0.00042727084500449345,0.0006400650906886948
2017-06-23,153.3453,9.130139051855514e-05,0.0006383476885408569
2017-06-27,153.2334,-0.0007299920377326257,0.0006748109018799008
2017-06-28,153.2668,0.0002179443937211862,0.0006724890107673337
2017-06-29,153.313,0.0003013897220215689,0.0006699456750730242
2017-06-30,153.51,0.0012841281590417015,0.0007038048289293677
2017-07-03,153.51,0.0,0.0007038048289293677
2017-07-04,153.5427,0.000212992754166459,0.0007001496888507871
2017-07-05,153.6163,0.0004792306356550521,0.0006960644295338614
2017-07-06,153.7243,0.0007028033682851371,0.0006937281489543466
2017-07-07,153.7096,-9.563031280030725e-05,0.0006928632889034958
2017-07-10,153.6625,-0.00030646893695723235,0.000708766476281395
2017-07-11,153.7217,0.00038518571046882696,0.0007031166103529477
2017-07-12,153.6652,-0.00036761488948480156,0.0007187268855788814
2017-07-13,153.7047,0.0002570193126746271,0.0007138450809334387
2017-07-14,153.7125,5.074537144746931e-05,0.0007124619236042164
2017-07-17,153.7303,0.00011579389740063175,0.0007095392910335594
2017-07-18,153.7026,-0.00018020192422456174,0.0005630615873934333
2017-07-19,153.7072,2.992747791619568e-05,0.0005276481503202774
2017-07-20,153.751,0.0002849167808586705,0.00042075850907683453
2017-07-21,153.6808,-0.0004566866616927082,0.0004370984570153954
2017-07-24,153.7052,0.00015875804396582772,0.0004371756475639721
2017-07-25,153.581,-0.0008083669671029213,0.0004454425952577403
2017-07-26,153.5212,-0.0003894469056608134,0.0004584477618893387
2017-07-27,153.5738,0.0003425650076648243,0.00045957154475877984
2017-07-28,153.7357,0.0010536609833310532,0.00042984979169577306
2017-07-31,153.7278,-5.13882135716702e-05,0.0004304651464428208
2017-08-01,153.6111,-0.0007594222899127342,0.00046694132546967136
2017-08-02,153.5068,-0.0006792180072199101,0.00047896927106370153
2017-08-03,153.4864,-0.00013290196675381456,0.0004465091681801555
2017-08-04,153.4948,5.472647837785817e-05,0.0004474515355608053
2017-08-08,153.3579,-0.0008922848590414464,0.00048162079247365987
2017-08-09,153.326,-0.00020803178852922826,0.0004683014548663004
2017-08-10,153.2262,-0.0006511126230757082,0.00048005136992631143
2017-08-11,153.1871,-0.0002552108554833298,0.00047116570293322986
2017-08-14,153.0729,-0.0007457716012075694,0.0004851014035404445
2017-08-15,153.12,0.0003076492000402485,0.0004936726633401385
2017-08-16,153.208,0.0005745475596143127,0.0005231442599931171
2017-08-17,153.2016,-4.177414807445975e-05,0.0005220103195106366
2017-08-18,153.315,0.0007399273329651638,0.0005517093249923861
2017-08-21,153.3472,0.0002100030595119471,0.0005518352438598113
2017-08-22,153.3,-0.00030784563089269736,0.0005497943232642778
2017-08-23,153.15,-0.0009789525989842712,0.0005620268208444073
2017-08-24,152.9127,-0.0015506629690589038,0.0006432131499439579
2017-08-25,152.944,0.00020467101168138846,0.0006378237711497755
2017-08-28,152.9633,0.00012618201674584835,0.0005717533610701554
2017-08-29,152.9208,-0.0002778830300330643,0.0005698137706837316
2017-08-30,152.7582,-0.0010638612095428932,0.0005875584584982173
2017-08-31,152.835,0.0005026289957819122,0.0006043162256655568
2017-09-04,152.7656,-0.00045418759775354674,0.0006061661928383631
2017-09-06,152.5028,-0.001721763961955549,0.0006862849871382394
2017-09-07,152.5607,0.0003795931056663363,0.0006897917827735584
2017-09-08,152.7098,0.0009768386519897695,0.000743346606722
2017-09-11,152.8017,0.0006016140326753631,0.0007561229415222097
2017-09-12,152.849,0.0003095036286687488,0.0007620642792224862
2017-09-13,152.8371,-7.785764551283761e-05,0.0007472495871475902
2017-09-14,152.9124,0.0004925600959112431,0.0007533790966548746
2017-09-15,153.1269,0.0014017809812281966,0.0008110072626567057
2017-09-18,152.9684,-0.0010356252720391296,0.0008418553266687379
2017-09-19,152.9692,5.229824643963653e-06,0.0008201191861806416
2017-09-20,153.1959,0.0014809006084016286,0.000892497780089514
2017-09-21,153.0503,-0.0009508690130384053,0.0009136314828030225
2017-09-22,152.8252,-0.0014718409329055446,0.0009452150725633225
2017-09-25,152.8067,-0.00012106066168213117,0.0008821809864996443
2017-09-26,152.9434,0.0008941943705568232,0.0009052001389392538
2017-09-27,153.0245,0.0005301209826213033,0.0009126440773172775
2017-09-28,153.1024,0.0005089392776752471,0.0009160796512309519
2017-09-29,153.0983,-2.677982121028564e-05,0.0008777030857736993
2017-10-02,153.1072,5.813089577106326e-05,0.0008728841666760598
2017-10-03,153.1394,0.00021028804968711612,0.0008637198823204053
2017-10-04,153.2121,0.00047461821707887755,0.0007489305364300025
2017-10-06,153.3286,0.0007600948625023199,0.0007576588861976021
2017-10-09,153.2603,-0.0004455477750816434,0.0007526857795851242
2017-10-10,153.2885,0.00018398375775428218,0.000746135709982642
2017-10-11,153.3903,0.0006638868010372656,0.0007540628318907074
2017-10-12,153.465,0.0004868744419642138,0.0007545999985535299
2017-10-13,153.6258,0.001047247359387677,0.0007756258790075513
2017-10-16,153.7464,0.0007847164199532728,0.0007380373303164446
2017-10-17,153.6527,-0.0006096309514371204,0.0007058904135833952
2017-10-19,153.619,-0.00021934984663492255,0.0007113053422730129
2017-10-20,153.6976,0.0005115246082630139,0.0006507351015394953
2017-10-23,153.6467,-0.00033122462635773605,0.0006082516755164444
2017-10-24,153.7473,0.0006545345946343925,0.00047231073638446223
2017-10-25,153.7845,0.00024192620198259905,0.0004621117928162997
2017-10-26,153.8586,0.0004817270495127262,0.00044393361515582367
2017-10-27,153.8,-0.0003809417367734431,0.00046513144591905366
2017-10-30,153.5628,-0.0015434531901003978,0.0006096029267960668
2017-10-31,153.5903,0.00017906379635106338,0.0006081949054704674
2017-11-01,153.5915,7.812962877196577e-06,0.0006087441523255398
2017-11-02,153.698,0.000693157457473516,0.0006203950363080868
2017-11-06,153.6598,-0.0002485702344088893,0.0006235129274766542
2017-11-07,153.6279,-0.00020762301982521603,0.0006107588930388369
2017-11-08,153.4353,-0.0012544650434021707,0.0006722978093888144
2017-11-09,153.3588,-0.0004987058198675893,0.0006827639293283147
2017-11-10,153.5123,0.0010004201295098186,0.0007032318926244793
2017-11-13,153.6339,0.0007918053770689219,0.0007166142412508715
2017-11-14,153.6184,-0.00010089428143026218,0.0006778843603583992
2017-11-15,153.6061,-8.007173911313041e-05,0.000652125670494866
2017-11-16,153.7806,0.001135377807467965,0.0006884223775223248
2017-11-17,153.792,7.412883985915338e-05,0.000685689716657622
2017-11-20,153.6468,-0.0009445783082418151,0.0007116210167772311
2017-11-21,153.7552,0.0007052654471549637,0.0007251106128876708
2017-11-22,153.8167,0.0003999064987380024,0.0007158419822845384
2017-11-23,153.776,-0.00026463567072636257,0.0007166331797554466
2017-11-24,153.6767,-0.000645953042225927,0.0007208575789203538
2017-11-27,153.7513,0.00048531689673168436,0.0007265074131790857
2017-11-28,153.6152,-0.0008855877845820861,0.000666082826905674
2017-11-29,153.7396,0.0008094879715102528,0.0006886862900491357
2017-11-30,153.7652,0.0001665014663779167,0.0006891058975585417
2017-12-04,153.6882,-0.0005008889256705584,0.0006827409143456706
2017-12-05,153.6153,-0.0004744495351826507,0.0006888545721310716
2017-12-06,153.3869,-0.0014879374945129893,0.0007632237321893467
2017-12-07,153.3314,-0.0003618955934858022,0.0007154417218850853
2017-12-08,153.3593,0.00018194226350488316,0.0007083196557892338
2017-12-11,153.17,-0.0012351186269309185,0.0007184831510694523
2017-12-12,153.0573,-0.0007360545913978103,0.0006983131798357125
2017-12-13,153.0136,-0.00028555475412361754,0.0006983215455688649
2017-12-14,153.1463,0.0008668673350747357,0.0007376765755166166
2017-12-15,153.3441,0.0012907420751937003,0.0007525909400100925
2017-12-18,153.2297,-0.0007463129941951976,0.0007624783300506373
2017-12-19,153.1593,-0.0004595465322772879,0.0007444866481966118
2017-12-20,153.1487,-6.921138203537344e-05,0.000716799382469412
2017-12-21,153.0594,-0.0005832634899704458,0.0007073143904264095
2017-12-22,152.9524,-0.0006993194665085991,0.0007145335984713298
2017-12-26,152.942,-6.799732197787369e-05,0.0007101389611681101
2017-12-27,152.7775,-0.0010761499732637992,0.0007120765834695085
2017-12-28,152.6243,-0.0010032685652164469,0.000717481942203276
2017-12-29,152.8548,0.0015091051646088567,0.0007891111942217099
2018-01-02,153.4697,0.00401470222528354,0.0012439753879386474
2018-01-03,153.6377,0.0010940799001140458,0.0012675661554801534
2018-01-04,153.7699,0.0008600958997094351,0.0012772755939176987
2018-01-05,153.6506,-0.0007761356577635135,0.0012415762679897204
2018-01-08,153.5567,-0.0006113136173796946,0.0012475489461471877
2018-01-09,153.8052,0.0016169867126990137,0.0012945037387306142
2018-01-10,153.8203,9.817131552563765e-05,0.0012533575279062342
2018-01-11,153.7661,-0.0003524213070602358,0.001240961671270289
2018-01-12,153.781,9.689572759208832e-05,0.0012355174383920976
2018-01-16,153.91,0.0008385036127686264,0.0012347883286392524
2018-01-17,153.9215,7.47162002937824e-05,0.001210477645431628
2018-01-18,153.8569,-0.0004197825510084904,0.0011993649459166235
2018-01-19,153.8803,0.00015207781214050055,0.0011893043177618836
2018-01-22,153.9447,0.0004184195626707475,0.0011877407011926097
2018-01-23,154.0135,0.00044681389321409444,0.0011715087491346332
2018-01-24,154.0688,0.0003589949866897885,0.0011471336094765997
2018-01-25,153.9389,-0.000843485456380866,0.0011752523382079108
2018-01-26,153.7388,-0.001300711934674614,0.001190317792984457
2018-01-29,153.7329,-3.837751572405392e-05,0.0011531062008982575
2018-01-30,153.7682,0.0002295926756365058,0.0011211579337865737
2018-02-01,153.9449,0.0011484725182132527,0.0007391655126765504
2018-02-02,154.1543,0.001359302667728064,0.0007590203910665282
2018-02-06,154.2579,0.0006718281825211343,0.0007511093914468221
2018-02-07,154.5527,0.0019092614667523963,0.0008127466434157608
2018-02-08,154.5862,0.0002167310560471922,0.000784884749852462
2018-02-09,154.4876,-0.0006380353387762227,0.0007521837533641335
2018-02-12,154.3075,-0.0011664694188546823,0.0008137220338362074
2018-02-14,154.7384,0.002788584344464295,0.0009932971361889308
2018-02-15,155.5955,0.005523741874792208,0.0015279023427734466
2018-02-16,155.3239,-0.0017470770179229512,0.0016125019219615897
2018-02-19,155.0773,-0.0015889117173604,0.0016749718366050107
2018-02-20,155.2901,0.001371278255034546,0.0016781723596483028
2018-02-21,155.3787,0.0005703823647696951,0.0016766914959247391
2018-02-22,155.3944,0.00010103834606874151,0.0016788505371884662
2018-02-23,155.2255,-0.0010875028718118618,0.0017145762852982282
2018-02-26,155.2474,0.00014107511500240235,0.0017154888016818529
2018-02-27,155.0075,-0.0015464706459849748,0.0017487778324865222
2018-02-28,154.8718,-0.0008758249336065182,0.001730204127173144
2018-03-02,154.978,0.0006854934497850956,0.001728845647570596
2018-03-05,155.2269,0.0016047461108069493,0.0017488028526264254
2018-03-06,155.1488,-0.0005032610584422759,0.0017541724142105437
2018-03-07,155.0849,-0.00041194751507422846,0.0017473320258252448
2018-03-08,155.2665,0.001170286460613075,0.0017564318514792555
2018-03-09,155.5392,0.0017547945226047954,0.0017494285312108103
2018-03-12,155.478,-0.00039354737159151993,0.0017565979022509232
2018-03-13,155.6067,0.0008274274327390219,0.0017464892119028845
2018-03-14,155.7566,0.0009628624284306061,0.001713062823006081
2018-03-15,155.8155,0.00037808263770476206,0.0016236160864184473
2018-03-16,155.9768,0.0010346632318354342,0.0010942815700337232
2018-03-19,156.0808,0.0006665436371390554,0.001006859638687174
2018-03-20,156.1535,0.00046567594472334944,0.0009102899957869158
2018-03-21,156.1578,2.7536627719013933e-05,0.0008796921118886161
2018-03-22,155.9482,-0.0013431336245378221,0.0009477153183364712
2018-03-23,156.0539,0.0006775595679887294,0.0009538415149435779
2018-03-26,156.1428,0.0005695127616841566,0.0009058029414087324
2018-03-27,156.1261,-0.00010695909849435622,0.0009097051584278561
2018-03-28,156.0632,-0.00040296064503898957,0.0008202608511057293
2018-03-29,155.9725,-0.0005813437536436998,0.0007996842834447025
2018-04-02,155.8286,-0.0009230243909761483,0.000844245780701019
2018-04-03,155.3218,-0.0032575914938622924,0.001101631588709689
2018-04-04,155.4869,0.0010623899236323568,0.001117219283403301
2018-04-05,156.0464,0.003591915224143665,0.001352861221972855
2018-04-06,155.5234,-0.0033571963086120966,0.0015635490101190942
2018-04-09,155.5327,5.9796287568601217e-05,0.0015132722265298582
2018-04-10,155.5146,-0.00011638101356563825,0.0015107656834008236
2018-04-11,155.5679,0.00034267437429989984,0.0015008470632845404
2018-04-12,155.7097,0.0009110839315691268,0.0014991197561712902
2018-04-16,155.7456,0.0002305306742829227,0.0014974453076160932
2018-04-17,155.9267,0.0011621181630937021,0.0015024436923852089
2018-04-18,156.3307,0.0025876102562998934,0.0016062057346672666
2018-04-19,156.422,0.0005838478938376638,0.0016079156353847733
2018-04-20,156.2545,-0.0010713949786605344,0.0016286578646443927
2018-04-23,156.3441,0.0005732591409797288,0.001599676898233036
2018-04-24,156.7727,0.002737638272263522,0.0017001767026867196
2018-04-25,157.1356,0.002312141231511793,0.001762032332399454
2018-04-26,157.4628,0.002080113045579979,0.0018017603487950106
2018-04-27,157.6459,0.0011621387832668711,0.0017978334415330928
2018-05-01,157.4737,-0.001092918480098689,0.0018176259376367796
2018-05-02,157.7642,0.0018430530226975033,0.0018105578028012842
2018-05-03,157.7781,8.810229252301315e-05,0.001572631828616089
2018-05-04,157.8326,0.0003453621853868303,0.0015741362992014623
2018-05-08,157.7261,-0.0006749932994627909,0.0014529948229928015
2018-05-09,157.5276,-0.0012593033879222686,0.0012131207776671512
2018-05-10,157.7914,0.0016732265518187102,0.0012260681432005962
2018-05-11,157.8791,0.0005556426860055851,0.001211030760908205
2018-05-14,157.8822,1.9635085110968885e-05,0.0012189408855409675
2018-05-15,157.9215,0.00024888878884488786,0.0012229886566443688
2018-05-16,158.0362,0.0007260465881263508,0.001217874249371032
2018-05-17,158.5077,0.002979051870553561,0.0013156455891652765
2018-05-18,158.0664,-0.002787974669088791,0.0014751440670058246
2018-05-21,157.8118,-0.0016120140936183081,0.0015523521320575885
2018-05-22,157.8376,0.00016347251132077447,0.0015130382479913698
2018-05-23,157.8943,0.0003591654857143265,0.001513279996777336
2018-05-24,157.9682,0.0004679251341858122,0.0014182351529554433
2018-05-25,158.0561,0.0005562863505543212,0.0013447679351785986
2018-05-28,158.0433,-8.098718318978038e-05,0.0012787342538737474
2018-05-30,157.9986,-0.0002828738866463204,0.001261261883015342
2018-05-31,158.09,0.0005783188798799732,0.0012322784283100015
2018-06-01,158.1255,0.0002245304240249353,0.001169941091628797
2018-06-04,158.5905,0.002936386757326413,0.001329105407790874
2018-06-05,158.5126,-0.0004913228635549606,0.0013392992598688452
2018-06-06,158.5708,0.0003670958533533661,0.0013230262003633112
2018-06-07,158.636,0.00041108829267348787,0.00127339201533321
2018-06-08,158.8323,0.0012366590618165193,0.0012531062334596567
2018-06-11,158.9143,0.0005161345664775242,0.0012527608277183601
2018-06-12,159.1135,0.001252720837930171,0.0012671102283354802
2018-06-13,159.6587,0.003420627843968119,0.0014359584050229683
2018-06-14,159.6003,-0.00036584716892172007,0.0014494865122086586
2018-06-18,159.8809,0.001756598336005224,0.0013622602422592568
2018-06-19,159.8239,-0.0003565789478540746,0.0011521318520580266
2018-06-20,159.8939,0.00043788616785491553,0.0010345897917170182
2018-06-21,160.0279,0.0008377047630777047,0.0010286860738232203
2018-06-22,159.6106,-0.0026110761819125796,0.0012658833413548992
2018-06-25,158.9913,-0.003887615108290292,0.0016075759460496685
2018-06-26,158.6426,-0.002195610355706051,0.0017015606406496583
2018-06-28,158.6676,0.0001575745125857937,0.001700432289373864
2018-06-29,158.2569,-0.0025917859294653737,0.0018096085396281205
2018-07-02,158.3634,0.0006727301061651759,0.0018110948082535828
2018-07-03,158.4435,0.0005056708152935259,0.001813313084063998
2018-07-04,158.4355,-5.0492459277568956e-05,0.0016859819689212764
2018-07-05,158.5859,0.0009488319166059676,0.0016968108497648336
2018-07-06,158.8105,0.0014152651856732122,0.0017239642005151196
2018-07-09,159.0784,0.0016854949224268333,0.0017601913068132588
2018-07-10,159.2333,0.0009732599350086036,0.0017525168283802
2018-07-11,159.3281,0.0005951757042657624,0.001753531566221499
2018-07-12,159.3652,0.0002328257303657703,0.001733883721349784
2018-07-13,159.3721,4.329584269608681e-05,0.0015455436459399733
2018-07-16,159.4635,0.0005733362429021798,0.0015509743532316797
2018-07-17,159.82,0.0022331260347059115,0.0015833945937911353
2018-07-18,159.8951,0.0004697932714549438,0.0015849045495558245
2018-07-19,160.01,0.0007183380630115446,0.001590007741260219
2018-07-20,159.9869,-0.0001443763988971356,0.0015790823868867686
2018-07-23,160.0312,0.0002768593419122584,0.001456246908659291
2018-07-24,159.5204,-0.0031969824908462613,0.001360997885880219
2018-07-25,159.4795,-0.00025642641407792465,0.0012482989840728155
2018-07-26,159.5434,0.0004005982069284202,0.0012484007798255737
2018-07-30,159.612,0.00042988463335706163,0.001050293631818281
2018-07-31,159.7087,0.0006056607226276392,0.0010495722562454844
2018-08-01,159.7491,0.000252928557170198,0.0010500453783184095
2018-08-02,159.5855,-0.0010246306808795401,0.0010942096010110366
2018-08-03,159.6628,0.0004842625724906572,0.0010859878820211235
2018-08-06,159.8111,0.0009284014165290216,0.001065848315529358
2018-08-07,159.859,0.0002996839576706728,0.0010158718678757396
2018-08-08,159.8027,-0.00035224739518155136,0.0010090576624243554
2018-08-09,159.8744,0.0004485776503998684,0.001006400346012197
2018-08-10,160.0374,0.0010190309585656995,0.00102413483201776
2018-08-13,160.0429,3.436637619087302e-05,0.0010242134844863204
2018-08-14,160.0946,0.0003229862196678253,0.0010210643440754842
2018-08-15,160.1096,9.369021400068304e-05,0.000901664657916712
2018-08-16,160.1768,0.0004196244422869153,0.0009006231649368623
2018-08-17,160.4394,0.001638096008379103,0.0009562666523270287
2018-08-20,160.466,0.00016578094392261789,0.0009540269057806277
2018-08-21,160.596,0.0008098124792374318,0.0009651496169091632
2018-08-23,160.6166,0.00012826395993325814,0.0005510820092868024
2018-08-24,160.8,0.0011411981826949865,0.0005596947373278042
2018-08-27,160.8731,0.00045449868987065497,0.0005597651988963707
2018-08-28,161.0916,0.001357291861773271,0.0005981596661005933
2018-08-29,161.2647,0.0010739670149947475,0.0006130853912168835
2018-08-30,161.3587,0.0005827227824140608,0.0006109526759845304
2018-08-31,161.473,0.0007081089296746915,0.0004950435532352059
2018-09-03,161.4909,0.00011084830235417041,0.0005060769832350582
2018-09-04,161.5684,0.0004797880852628088,0.0004992152800233246
2018-09-05,161.8671,0.0018470457628792878,0.0005733073220029791
2018-09-06,162.0424,0.0010824012084548595,0.0005330454271021813
2018-09-07,161.9807,-0.00038083704986287183,0.0005832042755158644
2018-09-10,161.7706,-0.0012979100284325417,0.0007208446815602649
2018-09-11,162.3613,0.003644816532643738,0.000989826630638146
2018-09-12,162.2853,-0.0004682014312691454,0.0010217856782793345
2018-09-13,162.5011,0.0013288735720267304,0.0010218398818629603
2018-09-14,162.805,0.001868394649882052,0.0010488307024603888
2018-09-17,163.1284,0.0019844551440922993,0.001065879383321095
2018-09-18,164.4062,0.007802574034718639,0.0018754531843050441
2018-09-19,165.6326,0.007431887673829451,0.0023300082200874666
2018-09-20,166.4663,0.0050208040517927,0.0024283061709726235
2018-09-21,168.0316,0.00935917042169736,0.002951839766252056
2018-09-25,168.642,0.0036260679115531456,0.0029383194614964747
2018-09-26,168.803,0.0009542296505598591,0.0029469147723043387
2018-09-27,168.8687,0.00038913536923025985,0.00296628969714057
2018-09-28,169.2383,0.002186291009768922,0.002938868447555053
2018-10-01,169.2762,0.00022391950807621548,0.002955347718537801
2018-10-02,169.1966,-0.000470347995274502,0.002981367194119012
2018-10-03,169.2425,0.0002712452567179968,0.0029885371436891343
2018-10-04,169.5961,0.0020871301460937946,0.002987018361597761
2018-10-05,170.0072,0.002421061284189596,0.002972501875423865
2018-10-08,170.2896,0.0016597280070055312,0.002906343798437854
2018-10-09,170.6859,0.002324508232674994,0.0027666432547895207
2018-10-10,170.9457,0.0015209368810252066,0.002768513865906511
2018-10-11,171.3034,0.0020902911373154014,0.0026780756178016807
2018-10-12,171.3456,0.0002463162023723291,0.002717974964498742
2018-10-15,170.9078,-0.00255833974936172,0.0029548843853348873
2018-10-16,170.3548,-0.003240908813539719,0.0032157167326765062
2018-10-17,170.9227,0.003328086523015147,0.002947485760302466
2018-10-18,170.9331,6.084436773179573e-05,0.00267318110054438
2018-10-19,171.2367,0.0017745580099186046,0.0025485956286578535
2018-10-22,171.6692,0.0025225592755568197,0.0017645609912510828
2018-10-23,172.1625,0.002869429075157906,0.0017142894947756247
2018-10-25,172.7322,0.0033036200216330176,0.0017875350791130534
2018-10-26,172.8276,0.0005521475728580944,0.0017842493830901769
2018-10-29,172.9639,0.0007883363648842401,0.0017691918205766006
2018-10-30,173.9718,0.005810314911592276,0.0020449622213577884
2018-10-31,174.3762,0.0023218171579635397,0.0020078208960916154
2018-11-01,175.3557,0.005601448201223707,0.0021813216740597394
2018-11-02,174.4937,-0.004927844634720228,0.002643403142615792
2018-11-05,174.342,-0.0008697504846147367,0.002680200913412742
2018-11-07,174.5314,0.0010857807938768234,0.002678755640283424
2018-11-08,174.8183,0.0016424806690746548,0.002668412901949926
2018-11-09,175.1377,0.0018253728393647715,0.0026712302347691266
2018-11-12,175.2614,0.0007060520711316308,0.002665183611491846
2018-11-13,175.5942,0.001897077315052295,0.002661540201221499
2018-11-14,176.0527,0.0026077309928033325,0.0025221082843077027
2018-11-15,176.2254,0.0009804754472969156,0.002270012100913205
2018-11-16,176.4816,0.0014527641643611834,0.0022374604813108503
2018-11-19,176.5966,0.000651413789164069,0.002219903126139042
2018-11-21,177.1682,0.0032315283907508588,0.0022486241437443357
2018-11-23,178.3986,0.006920808754338129,0.0025304431494982027
2018-11-26,179.4631,0.005949243183587726,0.0026803684186817267
2018-11-27,180.1114,0.0036059325812781906,0.0026884927145908407
2018-11-28,180.3916,0.0015544950051690207,0.0026675445851315964
2018-11-29,180.0474,-0.0019098937941123563,0.0028043226377082197
2018-11-30,179.6722,-0.002086070017106533,0.0027965061206817634
2018-12-03,179.6165,-0.0003100570680137358,0.002823145269438811
2018-12-04,178.8232,-0.004426414235195412,0.002940760203077842
2018-12-05,178.9267,0.0005786165300820712,0.0025962134230970504
2018-12-06,179.1033,0.0009865095903821427,0.002549031810221947
2018-12-07,179.1104,3.9641141591881586e-05,0.002565359664674296
2018-12-10,178.8155,-0.0016478274789802716,0.0026461269014369034
2018-12-11,178.8981,0.00046182197975182867,0.002644843322832345
2018-12-12,179.1527,0.001422144806885623,0.0026446153653351284
2018-12-13,179.4668,0.0017517177973779784,0.0026425026341470067
2018-12-14,179.6566,0.0010570183823819868,0.0026182878031232814
2018-12-17,179.8685,0.001178777362340161,0.0026185328431507114
2018-12-18,179.8466,-0.0001217630287250356,0.0026285851801037346
2018-12-19,180.0312,0.0010259038828772731,0.002627722088344754
2018-12-20,180.4,0.002046438425466075,0.0025869225042744687
2018-12-21,180.7979,0.002203225217849807,0.0021947667070262504
2018-12-24,181.2244,0.002356209533597713,0.0018614630700656259
2018-12-26,181.472,0.0013653294516466877,0.0017264883537734998
2018-12-27,181.7208,0.0013700714271782095,0.001720345941338419
2018-12-28,182.2783,0.0030631967822259583,0.0017332683920382535
2018-12-31,182.7499,0.002583911393093945,0.0016632845841095091
2019-01-01,182.9113,0.0008827844490019715,0.001640761178920132
2019-01-02,182.5464,-0.001996948600412401,0.001273893274468094
2019-01-03,182.8568,0.0016989455738863407,0.0012776108918681856
2019-01-04,182.8783,0.0001175714336675648,0.0012958298042256226
2019-01-07,182.8278,-0.0002761780583970615,0.0013105398569108447
2019-01-08,182.5069,-0.0017567457048505097,0.0013224130688018199
2019-01-09,182.4676,-0.00021535751211048973,0.001345961425588033
2019-01-10,182.6258,0.0008666276076272456,0.0013422534557334049
2019-01-11,182.292,-0.0018294536090023522,0.001464393190142115
2019-01-14,181.8156,-0.002616810370635164,0.0016469815955394494
2019-01-16,182.2205,0.002224505574958618,0.00168262719818804
2019-01-17,182.385,0.0009023451986417353,0.001673476458870286
2019-01-18,182.3121,-0.00039978382592544074,0.0016891892738489403
2019-01-21,181.7405,-0.003140208144140621,0.00185062873454379
2019-01-22,181.7506,5.557219971880317e-05,0.0018002913855981258
2019-01-23,181.85,0.000546753786854171,0.001733788323026736
2019-01-24,182.263,0.002268527501713068,0.001777705018256148
2019-01-25,181.8987,-0.0020007602201201763,0.0018219187816869362
2019-01-28,181.6262,-0.0014992098260113915,0.0017066199308698013
2019-01-29,181.6271,4.955219952530438e-06,0.0015795582480560434
2019-01-30,181.5259,-0.0005573408597457985,0.0015550456619684429
2019-01-31,179.8821,-0.00909670696479228,0.0024792738495408137
2019-02-01,178.7208,-0.006476824697383289,0.0027192222888595867
2019-02-05,177.5497,-0.006574241863824335,0.0029571248728938785
2019-02-06,177.824,0.0015437273747244558,0.0030233294744978372
2019-02-07,178.0456,0.0012454001614197723,0.003078065069143168
2019-02-08,177.5755,-0.0026438266673498886,0.003083519264519645
2019-02-11,177.9469,0.002089320589109429,0.0031415390185032216
2019-02-12,177.7812,-0.0009316104743156803,0.0031399550747132614
2019-02-13,178.2212,0.0024718947065693157,0.0032285342121649418
2019-02-14,178.5202,0.0016762846701508184,0.0032019488083146427
2019-02-15,178.6319,0.0006255038323557028,0.003193762696326642
2019-02-18,178.7021,0.00039290971977549733,0.0032070122980524724
2019-02-20,179.6789,0.005451195341510828,0.0034698729411255257
2019-02-21,179.6042,-0.0004158280814009418,0.00346699676069482
2019-02-22,179.5583,-0.00025559461385788975,0.003457731877363054
2019-02-25,179.482,-0.00042502193290607675,0.003390528068867947
2019-02-26,179.7118,0.0012795322823080935,0.0034070961582310256
2019-02-27,179.8414,0.0007208947416549569,0.003412582906731506
2019-02-28,179.7994,-0.00023356638173938762,0.003411164755525993
2019-03-01,180.1021,0.0016821273119198275,0.0034459586771588536
2019-03-05,179.6806,-0.0023430820483443106,0.0028227969667972436
2019-03-06,179.5852,-0.0005310831269901297,0.002391069710905085
2019-03-07,178.5012,-0.006054423241208316,0.0023146914979237277
2019-03-08,178.4507,-0.000282951290282701,0.0022976484798087685
2019-03-11,178.3794,-0.00039962996927067493,0.002286766190174767
2019-03-12,178.5096,0.0007296386595062296,0.002196868188467751
2019-03-13,178.7689,0.0014515289642527437,0.0021734561595563025
2019-03-14,178.9307,0.0009046697901541406,0.0021605306972132515
2019-03-15,178.88,-0.0002833900737977472,0.002103333352191962
2019-03-18,178.7486,-0.0007348405911210083,0.0020823219979890163
2019-03-19,178.408,-0.0019072871857965664,0.002122992066303948
2019-03-21,178.4624,0.0003048725835562259,0.0021220887307559495
2019-03-22,178.1267,-0.0018828399363513052,0.0017124574559167999
2019-03-25,178.0969,-0.0001673106446036628,0.001713496157934775
2019-03-26,178.156,0.0003317867758670972,0.0017215025007164557
2019-03-27,177.8233,-0.0018692103550386663,0.0017529609253795042
2019-03-28,176.4251,-0.007893936913420035,0.0023657291348201416
2019-03-29,176.13,-0.0016740649556223634,0.0023386028285105036
2019-04-01,175.555,-0.0032699746213803375,0.002381480883344276
2019-04-02,174.7519,-0.004585130392760981,0.0023953399062194417
2019-04-03,174.5033,-0.0014236010916099844,0.0023872754092117902
2019-04-04,174.6211,0.0006748311173351821,0.0024269211911729957
2019-04-05,174.7415,0.0006892552595301286,0.0022047501082044316
2019-04-08,174.844,0.0005864087780372131,0.002229399492577102
2019-04-09,174.7209,-0.00070430415118094,0.0022259690753745867
2019-04-10,174.7282,4.178004751514302e-05,0.0022024400492251708
2019-04-11,174.7157,-7.154224186100254e-05,0.0021359736478505594
2019-04-12,174.6648,-0.00029137287490335514,0.002091804133303558
2019-04-16,174.6152,-0.00028401282829498587,0.0020917896737474343
2019-04-17,174.6477,0.00018610622596215197,0.002112751070232073
2019-04-18,174.6659,0.0001042043597299055,0.0021231805173549238
2019-04-22,174.4335,-0.0013314261458552581,0.002099213563298803
2019-04-23,174.7604,0.0018723127494332632,0.0021951778865669405
2019-04-24,174.59,-0.0009755249372172633,0.0021873596230085855
2019-04-25,174.7458,0.0008919784936434825,0.002208717528597322
2019-04-26,175.0153,0.001541052182961441,0.002266236390929851
2019-04-29,175.24,0.0012830642724098711,0.0015779544464698326
2019-04-30,175.4635,0.0012745811219869538,0.001584191280116853
2019-05-02,175.9381,0.0027011845624636006,0.001535001448464965
2019-05-03,176.8017,0.004896536911782734,0.0014718240690724746
2019-05-06,176.939,0.0007762748640162297,0.0013941165407953605
2019-05-07,177.62,0.0038413964244108363,0.001561678101412099
2019-05-08,177.2202,-0.0022534096710417634,0.0017093936425627
2019-05-09,176.103,-0.006323976027135232,0.002322805796821027
2019-05-10,175.529,-0.003264779712001242,0.0024514782389604872
2019-05-13,176.1648,0.0036156491393745265,0.002564623452375337
2019-05-14,176.5361,0.002105467477764759,0.002589217336035391
2019-05-15,176.7966,0.0014745312120795185,0.002590264073159569
2019-05-16,176.4147,-0.002162445815403725,0.0026574398159221256
2019-05-17,176.2791,-0.0007689389871969558,0.002672156174779462
2019-05-21,175.8892,-0.0022142831101394306,0.0027381038712575986
2019-05-22,176.1838,0.0016735169624263679,0.0027234488511840866
2019-05-23,176.662,0.0027105341357484885,0.0027519917454146728
2019-05-24,176.6843,0.0001262217831606365,0.0027309815865552596
2019-05-27,176.4884,-0.0011093723840562425,0.0027561242937989778
2019-05-28,176.1232,-0.0020714016815128545,0.0028020306634082472
2019-05-29,176.3195,0.0011139400549278877,0.0027992108157507806
2019-05-30,176.2329,-0.0004912744984390529,0.0027949331598223757
2019-05-31,176.4128,0.0010202875895332594,0.00274111146183174
2019-06-03,176.4889,0.00043128157886220534,0.0025044834053745317
2019-06-04,176.5159,0.00015297242446919062,0.0024970224883470076
2019-06-06,176.4209,-0.0005383400217508349,0.0023169074040388024
2019-06-07,176.4107,-5.7817950562525806e-05,0.0022730092422380247
2019-06-10,176.4305,0.00011223179164323303,0.0017630741169467393
2019-06-11,176.4789,0.0002742913637521921,0.0015760180026967573
2019-06-12,176.4514,-0.00015583813606063002,0.0013662949150963668
2019-06-13,176.4977,0.0002623607781721458,0.0012821460344425173
2019-06-14,176.6075,0.0006219109972832856,0.001243757156073849
2019-06-17,176.7413,0.0007573253759174134,0.0011510929629718275
2019-06-18,176.8799,0.0007838896938152185,0.001142267476596032
2019-06-19,176.8237,-0.00031778020055741777,0.0010042947264606228
2019-06-20,176.765,-0.00033202418821234826,0.0009551727724856492
2019-06-21,176.6842,-0.00045720856862886244,0.0007517811856837999
2019-06-24,176.7773,0.0005267900586230224,0.0007604307567074969
2019-06-25,176.6818,-0.0005403737084367458,0.0007255491706833475
2019-06-26,176.4128,-0.001523671288328737,0.0006471756673230292
2019-06-27,176.5776,0.0009337365093983968,0.0006331572889495961
2019-06-28,176.5424,-0.00019936565539530794,0.0006227406082115486
2019-07-01,176.5246,-0.00010083072060017629,0.0005836078425441316
2019-07-02,176.3296,-0.0011052724884750632,0.0006277061239986552
2019-07-03,176.3445,8.449727387914923e-05,0.0006267546303578202
2019-07-04,176.0964,-0.0014078958542065383,0.0006895339370621531
2019-07-05,176.0788,-9.995025211679683e-05,0.0006894882004194647
2019-07-08,176.1646,0.00048716314739694744,0.0007004057129396923
2019-07-09,176.1689,2.4408692333820604e-05,0.0006960544672304001
2019-07-10,175.9131,-0.0014530708471796284,0.0007602029904854587
2019-07-11,175.5204,-0.002234847636588012,0.0008835092724151101
2019-07-12,175.4623,-0.0003310704517953787,0.0008577651543322088
2019-07-15,175.5101,0.00027238609244217555,0.0008320195646520066
2019-07-17,175.6066,0.000549674808573377,0.0008167349433241757
2019-07-18,175.6897,0.0004731049063141105,0.0008378237347521705
2019-07-19,175.6818,-4.4966652112184336e-05,0.0008400931368529104
2019-07-22,175.8185,0.0007778087637011991,0.0008732333244432854
2019-07-23,175.8648,0.00026330508311033033,0.0008628937183649936
2019-07-24,176.0787,0.0012155361661000783,0.0009201605426704361
2019-07-25,176.1681,0.0005075986604820566,0.0008739369080133429
2019-07-26,176.1621,-3.405895946801336e-05,0.0008416674712411466
2019-07-29,176.1722,5.7331914620579343e-05,0.0008423150462272732
2019-07-30,176.186,7.832938190207904e-05,0.0008433133340727114
2019-07-31,176.242,0.000317795410530982,0.0008131714427457316
2019-08-01,176.3463,0.000591624866975364,0.0008245869647732104
2019-08-02,176.4103,0.00036285643246483597,0.0007577611763998393
2019-08-05,176.5943,0.001042479427541175,0.0007853223251013312
2019-08-06,176.8192,0.0012727302740757488,0.0008220609120283289
2019-08-07,177.2986,0.0027075752355400413,0.0009951229149407815
2019-08-08,177.5744,0.0015543591962673125,0.0009387876368098018
2019-08-09,177.3123,-0.0014770914077880735,0.0008332375247139747
2019-08-13,176.8472,-0.0026265017167393994,0.0010772382956713697
2019-08-15,176.9031,0.00031604213743581045,0.001077025041854642
2019-08-16,177.043,0.0007905158852461697,0.0010801839729506003
2019-08-19,177.0103,-0.00018471795118406534,0.001088061869007393
2019-08-20,177.3646,0.0019995779500756672,0.0011413267428442104
2019-08-21,177.7501,0.002171130349890088,0.001201608445448025
2019-08-22,178.3839,0.0035593381655686348,0.001374358750800534
2019-08-23,179.4669,0.006052820373486669,0.0018208978981662566
2019-08-26,179.9776,0.002841608891761939,0.0018651069768266006
2019-08-27,179.8292,-0.0008248871806467992,0.001897834539507179
2019-08-28,179.6824,-0.0008166635410866648,0.0019311829954251447
2019-08-29,180.0718,0.0021648122638961115,0.0019358948391732854
2019-08-30,180.7243,0.0036170053466386353,0.0020058627500462727
2019-09-02,180.0171,-0.003920819212718494,0.002314527886180239
2019-09-03,179.6846,-0.001848754646998613,0.0023993619119388842
2019-09-04,180.2128,0.0029352831070331214,0.002441427865696343
2019-09-05,180.5399,0.0018134311379506913,0.0024474280753601623
2019-09-06,180.6611,0.0006710945127433929,0.002416620101321634
2019-09-09,180.8506,0.0010483755704529753,0.0024124881280585555
2019-09-10,180.5674,-0.0015671607831453942,0.002417266070874973
2019-09-11,180.3981,-0.0009380398537487414,0.002314571935436378
2019-09-12,180.3541,-0.00024393475753267465,0.002326560575495171
2019-09-16,180.3466,-4.158572468020126e-05,0.0023372792784221337
2019-09-17,180.4781,0.0007288858319395551,0.0023233479869803285
2019-09-18,180.6267,0.0008230298151017592,0.0023107700503279065
2019-09-19,180.8088,0.001007648752864699,0.0022919517367383877
2019-09-20,180.9846,0.0009718254331678147,0.002202430352051055
2019-09-23,181.0995,0.0006346592068347746,0.0018108424483231742
2019-09-24,181.2799,0.0009956416667314537,0.0017278174882397633
2019-09-25,181.4365,0.0008634845831627482,0.001707985251759026
2019-09-26,181.4791,0.00023476532943551696,0.0016831107582583023
2019-09-27,181.7509,0.0014965726990055948,0.0016546623122388805
2019-09-30,181.9272,0.0009695387971408381,0.001486505714637302
2019-10-01,181.9427,8.519528550939969e-05,0.0011040296123596507
2019-10-02,182.3272,0.002111072821541342,0.0010052554103251695
2019-10-03,182.119,-0.001142555596130649,0.0009462361589231316
2019-10-04,181.6494,-0.0025818639599458995,0.00112503000602792
2019-10-07,181.457,-0.0010597445707725677,0.001161475530510893
2019-10-08,181.0633,-0.002172017152024333,0.0012596391941350905
2019-10-09,180.6316,-0.002387095892110746,0.0013268903679295387
2019-10-10,180.4535,-0.0009864711362657119,0.0013287693916190595
2019-10-11,180.6293,0.0009737379564499885,0.0013440721728502603
2019-10-14,180.6777,0.00026791620582775354,0.0013444259145132123
2019-10-15,180.7469,0.000382929113544562,0.0013380066061433587
2019-10-16,181.7571,0.005573470168789719,0.0018146456210464729
2019-10-17,181.8746,0.0006462583107548801,0.001809144324030969
2019-10-18,182.0273,0.000839237217296616,0.0018067706331945518
2019-10-21,181.9793,-0.0002637314833204495,0.0018088450849132632
2019-10-22,181.8116,-0.000921958256123736,0.0018176136712200032
2019-10-23,181.6278,-0.0010114479369564494,0.0018270113858156487
2019-10-24,181.4849,-0.0007870834998457535,0.0018359179782953226
2019-10-25,181.1849,-0.0016543978485432486,0.0018360748104482363
2019-10-28,181.3109,0.000695180496294807,0.0018282314956605194
2019-10-29,181.4573,0.0008071270191143855,0.001840613345725055
2019-10-30,181.5614,0.0005735241895443374,0.0017727861574581897
2019-10-31,181.6011,0.00021863490948626806,0.0017612091190941349
2019-11-01,181.3352,-0.0014652711650744187,0.0016963107900844457
2019-11-04,181.2844,-0.0002801834226959129,0.0016816650886592047
2019-11-05,180.7581,-0.0029073955170025104,0.0017376666348805376
2019-11-06,180.0088,-0.004153934728720915,0.0018983789893638858
2019-11-07,180.5518,0.0030119786272189376,0.0020151208820155912
2019-11-08,180.9083,0.001972555840019119,0.002051854945509483
2019-11-13,180.6983,-0.0011614833557146097,0.0020696781554253216
2019-11-14,180.1982,-0.002771433472472536,0.0021577334204992147
2019-11-15,180.2548,0.0003140492683660941,0.0016938493763615971
2019-11-18,180.2128,-0.00023303065346264696,0.0016761735005325785
2019-11-19,179.9096,-0.0016838723258632653,0.0016682549809566712
2019-11-20,179.2694,-0.0035648001579213656,0.0017933920275249391
2019-11-21,179.1466,-0.0006852372930061905,0.001792979639913862
2019-11-22,179.4674,0.0017891107740978884,0.0018778757411019253
2019-11-25,179.9723,0.0028093743238735685,0.002025258849894192
2019-11-26,180.491,0.002877964874753686,0.0021305261492003784
2019-11-27,181.1855,0.00384045329792158,0.00230812918207314
2019-11-28,181.001,-0.0010188122194443657,0.0023091948544482713
2019-11-29,180.4323,-0.0031469179476489636,0.0023980318547826723
2019-12-02,180.8879,0.002521864216062862,0.0024787958185846005
2019-12-03,180.9742,0.00047697728850927307,0.0024644877298446075
2019-12-04,181.4671,0.0027198903870212197,0.0025429719553469875
2019-12-05,181.3196,-0.0008131500307337207,0.002456414143202639
2019-12-06,181.2836,-0.00019856416114520076,0.0022410132569263054
2019-12-09,181.4231,0.000769216597754894,0.002155428231920383
2019-12-10,181.2534,-0.0009358202827296839,0.0021304006824828816
2019-12-12,181.1914,-0.00034212106563399837,0.002112765927768953
2019-12-13,180.8635,-0.0018113280038515452,0.002053291973586384
2019-12-16,181.0586,0.001078132663897795,0.0020629197369116596
2019-12-17,181.2795,0.0012193033377813655,0.0020715854754532886
2019-12-18,181.1156,-0.000904537678214202,0.002039482885854735
2019-12-19,181.1935,0.00043001956727242485,0.0018215171119755496
2019-12-20,181.3295,0.0007502972577191394,0.001799098815308359
2019-12-23,181.3806,0.00028176772765944457,0.0017783617880908998
2019-12-24,181.294,-0.00047756309179558065,0.001707099704883646
2019-12-26,181.3985,0.0005762457337369249,0.0016032576221730356
2019-12-27,181.3709,-0.00015216277918289525,0.0013633883104852689
2019-12-30,181.3597,-6.175381952098092e-05,0.0013404610601486732
2019-12-31,181.634,0.0015113212830443613,0.0011358670403945326
2020-01-01,181.5011,-0.000731959019844497,0.0010341582042263534
2020-01-02,181.028,-0.0026099988583911465,0.0012024753942386566
2020-01-03,181.3687,0.0018802605011321001,0.0011145043298023106
2020-01-06,181.3198,-0.00026965288558260464,0.001100872556712431
2020-01-07,181.4523,0.0007304861972128669,0.001111599380921675
2020-01-08,181.3102,-0.0007834327267456122,0.00111268682307313
2020-01-09,181.4217,0.0006147791441105937,0.0011002838726773465
2020-01-13,181.4054,-8.984995889760014e-05,0.0010970366350854912
2020-01-14,181.3012,-0.000574569102776866,0.0010180749689271639
2020-01-16,181.5279,0.001249624296951235,0.0010272427264367344
2020-01-17,181.3814,-0.0008073643081498745,0.0010139480016119991
2020-01-20,181.3097,-0.00039537777979145665,0.0009955236869817197
2020-01-21,181.3382,0.00015717725131552418,0.000991956364270782
2020-01-22,181.3344,-2.095553951495191e-05,0.0009777764771753395
2020-01-23,181.4718,0.0007574292091417877,0.000990656291349979
2020-01-24,181.4156,-0.0003097379542486563,0.0009868777025805514
2020-01-27,181.4427,0.0001493696026815997,0.0009791077515021046
2020-01-28,181.5275,0.00046725599811136734,0.0009834227927607072
2020-01-29,181.5348,4.0213484027161914e-05,0.0009831145678508445
2020-01-30,181.4984,-0.00020053262413442612,0.0009216280522099373
2020-01-31,181.5857,0.00048088033423839623,0.0009133823516777849
2020-02-03,181.4017,-0.001013809381591433,0.0007205633889709885
2020-02-05,181.4781,0.000421076076038577,0.0005938898092283234
2020-02-06,181.3973,-0.00044533193121036835,0.0005998269622807774
2020-02-07,181.3408,-0.0003115195258336965,0.000579915098307688
2020-02-10,181.3709,0.0001659720382280686,0.0005533057540684752
2020-02-11,181.4241,0.00029327857540103867,0.0005395149017573295
2020-02-12,181.424,-5.511948388008668e-07,0.0005390957682322879
2020-02-13,181.4481,0.00013282917058341965,0.0005219952227387556
2020-02-14,181.4571,4.959973018766599e-05,0.00043788911272121583
2020-02-17,181.4757,0.00010249831382719856,0.0003970920967938868
2020-02-18,181.5334,0.0003178983694125259,0.00038920868835498986
2020-02-19,181.6199,0.0004763828478819245,0.00039973455999101916
2020-02-20,181.8976,0.0015278497129859213,0.0005134762723111027
2020-02-24,181.8423,-0.0003040634278839367,0.0005026818213721347
2020-02-25,181.7795,-0.0003454138372582822,0.0005042804692399784
2020-02-26,181.7458,-0.00018540662835045665,0.0005081039492841209
2020-02-27,181.687,-0.00032358114354590404,0.0005074356257565076
2020-02-28,181.8071,0.0006608085488612316,0.0005258384950960823
2020-03-02,181.9261,0.0006543257763973908,0.0005368952867380744
2020-03-03,182.0821,0.0008571236007903871,0.0005565237134770964
2020-03-04,182.1086,0.0001455281535017685,0.0004863572904458372
2020-03-05,182.0347,-0.00040588417260206184,0.0005010094294077839
2020-03-06,181.9223,-0.0006176554020026372,0.0005131770379621352
2020-03-10,181.8312,-0.0005008886617156381,0.0005236734029489769
2020-03-11,182.4495,0.0033946382213043643,0.0008977545275794522
2020-03-12,182.4348,-8.057348594033958e-05,0.0009017077616571928
2020-03-13,182.8203,0.0021108542667277476,0.000986975199248603
2020-03-17,183.6968,0.0047828691806667024,0.0013901951025006353
2020-03-18,185.0854,0.007530767822151208,0.0020700537586886467
2020-03-19,184.9298,-0.0008410465795572124,0.0021018501355572253
2020-03-20,186.9384,0.010802857216000678,0.0030372490321484793
2020-03-23,187.0,0.0003294660326791865,0.0030399474240295032
2020-03-24,187.0,0.0,0.003057290443450751
2020-03-25,189.25,0.011960275462971471,0.0038326818256451956
2020-03-26,189.25,0.0,0.003822337863876229
2020-03-27,189.25,0.0,0.0038169446188691543
2020-03-30,190.5,0.006583302249197396,0.00390490244786479
2020-03-31,188.6236,-0.009898699640150289,0.004766695882496712
2020-04-01,190.1563,0.008092870636920714,0.004955735502424514
2020-04-02,190.0,-0.0008222934030400659,0.004993986764308698
2020-04-03,191.0,0.005249355886143745,0.005017679936912847
2020-04-06,194.8023,0.01971177007362254,0.006285392305738419
2020-04-08,198.4216,0.01840886177224828,0.0070413984145965575
2020-04-09,199.7543,0.006694051430818604,0.006964395113300743
2020-04-15,192.9366,-0.03472647379485315,0.011242940826534412
2020-04-16,191.6919,-0.006472241890699186,0.01141843683602534
2020-04-17,192.6776,0.005128930161272099,0.011433306935380666
2020-04-20,191.7233,-0.0049651390540329165,0.011543753208106803
2020-04-21,194.8458,0.016155289765058384,0.011911039038402543
2020-04-22,192.6909,-0.011121125868542333,0.012281999545451653
2020-04-23,192.72,0.00015100766509344967,0.012112502474368531
2020-04-24,192.0,-0.003742986278834392,0.012167727222924073
2020-04-27,192.0,0.0,0.012167727222924073
2020-04-28,192.5,0.0026007817000574403,0.011914278622576456
2020-04-29,192.7667,0.0013844956888384812,0.011913093717963242
2020-04-30,192.85,0.00043203523755958517,0.011911728200359328
2020-05-04,191.9692,-0.0045777421612515625,0.011894968319580352
2020-05-05,190.1281,-0.009636886983995476,0.011883194502213963
2020-05-06,188.952,-0.006205040958713903,0.011825800177249338
2020-05-11,188.3479,-0.003202229930181637,0.01184310657766602
2020-05-12,188.1075,-0.0012771766996993836,0.011767864690134416
2020-05-13,188.4262,0.001692810370523174,0.010764833393053785
2020-05-14,188.1954,-0.0012256335212418273,0.009678381314580067
2020-05-15,188.0186,-0.0009398906633743079,0.009438208351983148
2020-05-18,187.9868,-0.0001691465073417868,0.005786285719102084
2020-05-19,187.59,-0.002113017351643781,0.005661947349310623
2020-05-20,187.6121,0.00011780317874315129,0.005480627557949218
2020-05-21,187.2876,-0.0017311301184758318,0.005415113035613195
2020-05-22,186.9062,-0.0020385165765825523,0.00356274066360718
2020-05-26,185.6954,-0.006499189815391798,0.003059834889608692
2020-05-27,186.081,0.0020743658729790834,0.0031547536283301914
2020-05-28,186.1153,0.00018431134375641119,0.0031465723231824732
2020-05-29,186.2865,0.0009194370814562644,0.003177077787859746
2020-06-01,186.1456,-0.000756648026431047,0.0030338860649612473
2020-06-02,186.1136,-0.000171923219513918,0.002970486455473417
2020-06-03,185.8628,-0.001348472849375005,0.002927828983097614
2020-06-04,185.7939,-0.0003707722787685956,0.0028717650404284645
2020-06-08,185.4808,-0.0016866221922627136,0.00217041545668599
2020-06-09,185.0714,-0.002209676081158475,0.001849218222455871
2020-06-10,185.0856,7.672420084957815e-05,0.001791659737746299
2020-06-11,185.1107,0.00013560373260612212,0.0018027277533266006
2020-06-12,185.1677,0.0003078764543122907,0.0017268141091963745
2020-06-15,185.1799,6.588405057530465e-05,0.0017370211154025008
2020-06-16,185.6585,0.0025811796498001805,0.001894234835991588
2020-06-17,185.9544,0.001592517711501898,0.001956797027856496
2020-06-18,186.6082,0.003509749347594807,0.0021168106220100505
2020-06-19,186.5611,-0.000252432342371751,0.002114928973869173
2020-06-22,186.5972,0.00019348357044496686,0.0020890967706334554
2020-06-23,186.603,3.108251282019342e-05,0.002043188467349095
2020-06-24,186.6693,0.0003552366500124432,0.0013758855632900096
2020-06-25,186.5942,-0.00040239670374074126,0.0013142126578830887
2020-06-26,186.44,-0.0008267338961566513,0.0013316552266421432
2020-06-29,186.1179,-0.0017291276349444078,0.001375504709442503
2020-06-30,186.2292,0.0005978293012883205,0.001371976054784808
2020-07-01,186.2067,-0.00012082616110501569,0.0013716425826560132
2020-07-02,186.2482,0.00022284577365869868,0.0013332964780313043
2020-07-03,186.0915,-0.00084170454695751,0.001346210396252067
2020-07-06,185.9691,-0.000657957356493274,0.0012937915507116712
2020-07-07,185.8686,-0.0005405584342158566,0.0011840037977380276
2020-07-08,185.8464,-0.00011944635016822133,0.0011860196826757612
2020-07-09,185.8278,-0.00010008765749965028,0.0011879160390814675
2020-07-10,185.7142,-0.0006115055823564895,0.0012009668244250867
2020-07-13,185.8664,0.0008192032011988985,0.0012100560684425764
2020-07-14,185.9109,0.00023939062558426738,0.0010713405996841986
2020-07-15,185.8384,-0.0003900478140464374,0.0010129810900418419
2020-07-16,185.8084,-0.00016144360756055446,0.0005758855895264977
2020-07-17,185.8043,-2.2065984290446857e-05,0.0005773942507828694
2020-07-20,185.7792,-0.00013509749511585905,0.0005701409262929256
2020-07-21,185.7477,-0.00016957049449435596,0.0005672543601566312
2020-07-22,185.776,0.00015234559762804543,0.000557981375207971
2020-07-23,185.7909,8.02009006075672e-05,0.000561008727350956
2020-07-24,185.7495,-0.00022285598105248802,0.0005423322930550359
2020-07-27,185.7681,0.0001001298458835818,0.0004052250019690865
2020-07-28,185.7498,-9.85147688163081e-05,0.00037112924982824006
2020-07-29,185.7586,4.7374433534455064e-05,0.0003732211918935488
2020-07-30,185.7224,-0.00019489556728115304,0.00036458603704670215
2020-07-31,185.6769,-0.00024501931063221246,0.0003267054159503286
2020-08-04,185.6137,-0.0003404341537888891,0.0003058000460932861
2020-08-05,185.5532,-0.0003259988998792649,0.0002928600196494395
2020-08-06,185.5025,-0.0002732743376022835,0.0002958196377607109
2020-08-07,185.4435,-0.00031810560295845975,0.00030009580771437114
2020-08-10,185.3294,-0.0006154711069865328,0.0003004502117788411
2020-08-11,184.8127,-0.0027919025456849722,0.0006256684965150962
2020-08-12,184.2772,-0.002901734107301055,0.0008435941311556753
2020-08-13,183.4614,-0.004436854539053474,0.0012282682069423656
2020-08-14,182.645,-0.004459913037513812,0.001488051196012755
2020-08-17,182.8155,0.0009330694418139579,0.001531017449382596
2020-08-18,183.3052,0.0026750756896600472,0.0017142793878570418
2020-08-19,184.0783,0.004208687331700265,0.0020317454958740885
2020-08-20,185.2732,0.006470281932844423,0.0025544720209548853
2020-08-21,186.0642,0.004260282946925553,0.002737497992178075
2020-08-24,184.1213,-0.010496995912310627,0.0036183275794030426
2020-08-25,184.7242,0.003269122366631549,0.003711423706330388
2020-08-26,186.1231,0.007544380855260594,0.0041039959790050914
2020-08-27,186.3253,0.0010857880977073243,0.004109854482127153
2020-08-28,186.2504,-0.00040206594798853815,0.004111036533015702
2020-08-31,186.1578,-0.0004973037753112239,0.004112673108625925
2020-09-02,186.1004,-0.0003083881051104127,0.0041124866929273685
2020-09-03,185.4189,-0.003668723344327038,0.004199049437315046
2020-09-04,185.2317,-0.0010101158121272225,0.004204467956471801
2020-09-07,185.2125,-0.00010365933664060355,0.004204083528662519
2020-09-08,184.7814,-0.0023303097434043915,0.0042333438884706
2020-09-09,184.3959,-0.0020884281894590776,0.00421309484966881
2020-09-10,184.3531,-0.0002321362237847089,0.004162068232381306
2020-09-11,184.736,0.0020748385003181466,0.00404816039229677
2020-09-14,184.5487,-0.0010143935887995865,0.0039035984569324132
2020-09-15,184.2087,-0.0018440313135201175,0.003937320312265776
2020-09-16,184.4109,0.0010970660283928192,0.0039045746581214953
2020-09-17,184.8888,0.0025881432709918676,0.003835410283462621
2020-09-18,184.9621,0.0003963759501987855,0.0035438122414107997
2020-09-21,185.3935,0.002329653960199045,0.003444140384161019
2020-09-22,185.5337,0.0007559435203266656,0.002444076549194897
2020-09-23,185.3808,-0.0008244488078019048,0.0023595225834674195
2020-09-24,185.0959,-0.0015380187534651246,0.0016274861789290762
2020-09-25,185.0175,-0.00042365394591284444,0.0015956648940412081
2020-09-28,185.1969,0.0009691682119460221,0.0016226399638386857
2020-09-29,185.2765,0.00042972046697509957,0.0016294409075740068
2020-09-30,185.5224,0.0013263255961531342,0.00166626961653377
2020-10-02,184.9467,-0.0031079540151046693,0.0016077312541924777
2020-10-05,184.5675,-0.002052425228115057,0.0016540732957250235
2020-10-06,184.7631,0.0010592137141494048,0.0016771610668491104
2020-10-07,184.7127,-0.0002728189522160675,0.0015956647772920132
2020-10-08,184.4723,-0.001302328285156457,0.0015510545894620545
2020-10-09,184.1916,-0.001522796532251417,0.0015885251787553713
2020-10-12,184.1909,-3.800397684495651e-06,0.0015086012896585678
2020-10-13,184.1919,5.429135127895874e-06,0.0014949401680911004
2020-10-14,184.2721,0.0004353206894921078,0.0014406223956152599
2020-10-15,184.6039,0.0017989790036999737,0.0014764190037805834
2020-10-16,184.6942,0.0004890358320263317,0.0013563957447950178
2020-10-19,184.3203,-0.0020264793278062495,0.0014208453069387312
2020-10-20,184.3122,-4.39462065950107e-05,0.0012942204190035144
2020-10-21,184.4198,0.0005836217255578134,0.001287429141929788
2020-10-22,184.3514,-0.0003709617279461106,0.0012817073265439535
2020-10-23,184.3012,-0.000272343123636176,0.0012470184861701674
2020-10-26,184.5397,0.0012932407075267698,0.0012902544958077295
2020-10-27,184.3315,-0.0011288494309619414,0.0012815040833263447
2020-10-28,184.2983,-0.00018012651223405727,0.0012720962948529863
2020-10-29,184.2769,-0.00011612284290446763,0.0012168353929087885
2020-11-02,184.2938,9.170560769927112e-05,0.0010291935078340854
2020-11-03,184.4256,0.0007149068132216228,0.0009464597773691989
2020-11-04,184.431,2.9279671289093186e-05,0.000910945350349043
2020-11-05,184.3855,-0.0002467351662999663,0.0009106883993318483
2020-11-06,184.437,0.00027926712895622215,0.0008673912793236267
2020-11-09,184.4664,0.00015939132066668157,0.000791141293375026
2020-11-10,184.6113,0.0007852005550307288,0.0008065508252079628
2020-11-11,184.5183,-0.0005038880759913818,0.000818116540374833
2020-11-12,184.5985,0.00043455080485116116,0.0008180993819612009
2020-11-13,184.6036,2.762714513434891e-05,0.0007122048673128966
2020-11-16,184.6106,3.791836825802422e-05,0.0007029828471962681
2020-11-17,185.0098,0.002160054776288488,0.0006981901334037581
2020-11-18,184.9,-0.0005936582552002981,0.0007182786621271461
2020-11-19,184.9321,0.00017359228731412933,0.0007113453111412049
2020-11-20,184.6405,-0.0015780393920547201,0.0008022607583199129
2020-11-23,185.1174,0.0025795271145766,0.0009721131387500544
2020-11-24,185.4844,0.001980563073180311,0.0010228416597361924
2020-11-25,185.4,-0.00045512834434062146,0.000985260553870445
2020-11-26,185.5071,0.0005775031158829669,0.0009808291788364486
2020-11-27,185.2192,-0.0015531677028353325,0.0010640922130410037
2020-11-30,184.9601,-0.001399862403496534,0.0011265758205243337
2020-12-01,185.8,0.0045307002384322795,0.0014872324113737714
2020-12-02,185.6,-0.0010770060276380602,0.0015208138312049208
2020-12-03,186.8761,0.006852010063151951,0.0021004873527670637
2020-12-04,186.5279,-0.0018650046647974477,0.0021749320053377247
2020-12-07,185.4773,-0.005648323158680004,0.0025814611940170014
2020-12-08,186.2349,0.004076277555730486,0.0027171405835658274
2020-12-09,186.1692,-0.00035284252070073814,0.002714594093607194
2020-12-10,185.9231,-0.00132279026405514,0.002743252421221606
2020-12-11,185.9087,-7.745437591509179e-05,0.0027440179882007565
2020-12-14,186.02,0.0005985018274865881,0.002743501315409961
2020-12-15,186.7323,0.0038218455903156912,0.0028242177523960326
2020-12-16,187.8877,0.006168403520910142,0.0030838445142059587
2020-12-17,188.0686,0.000962345963938437,0.003080433959986234
2020-12-18,187.878,-0.001013973879962481,0.003059633378004185
2020-12-21,187.86,-9.581144315312979e-05,0.0030393336048878707
2020-12-22,187.7,-0.0008520609739062875,0.0030442482085955873
2020-12-23,189.2842,0.008404645740545974,0.003494863937927316
2020-12-24,190.2188,0.004925399216419533,0.003598489028520381
2020-12-28,190.2846,0.0003458576225910589,0.0035451762017450713
2020-12-30,187.9667,-0.012256026690601517,0.004647839534146691
2020-12-31,186.4082,-0.008325926781212394,0.004982632576078768
2021-01-01,185.3906,-0.005473942040423156,0.005134918209715075
2021-01-04,185.275,-0.0006237428223600573,0.004870864342649988
2021-01-05,185.0,-0.0014853827590977696,0.004865715902696449
2021-01-06,185.0,0.0,0.004707081158474457
2021-01-07,185.0,0.0,0.00460250779294504
2021-01-08,185.5,0.0026990569691649835,0.004652127995648427
2021-01-11,187.5251,0.010857821070299721,0.005253139654673495
2021-01-12,187.0,-0.0028040862632029285,0.005302127437703424
2021-01-13,186.994,-3.2086076250002715e-05,0.005302087837377784
2021-01-15,191.0367,0.02138902540735896,0.0070800312800373775
2021-01-18,192.7447,0.00890095912224266,0.00720740548249641
2021-01-19,193.6458,0.004664201804143677,0.007246352116666224
2021-01-20,194.798,0.005932407103195663,0.007287824772270114
2021-01-21,194.798,0.0,0.00728653847695889
2021-01-22,196.425,0.008317554846607681,0.007397639012080312
2021-01-25,196.8017,0.0019159437303407458,0.00725543606938038
2021-01-26,196.1519,-0.0033072637191374644,0.007310911374455459
2021-01-27,195.863,-0.0014739238345367644,0.007337774204755965
2021-01-29,194.3948,-0.00752429254116664,0.006938181342697401
2021-02-01,190.9824,-0.01770986549337236,0.007901029066539956
2021-02-02,192.5656,0.008255597692554892,0.007885967238691493
2021-02-03,194.0008,0.00742540786959814,0.007955551249742787
2021-02-05,194.4118,0.0021163070065048166,0.007905938938702922
2021-02-08,193.7369,-0.003477536728295424,0.008001048078838136
2021-02-09,194.358,0.0032007662572174885,0.00798446283128364
2021-02-10,194.309,-0.0002521438674217729,0.008007192391877993
2021-02-11,194.5,0.000982487624330162,0.007753439876662299
2021-02-12,194.625,0.0006424670956615076,0.007683098571272211
2021-02-15,193.9717,-0.0033623580204746838,0.007765069305698309
2021-02-16,193.9717,0.0,0.006256050028067091
2021-02-17,194.958,0.005071878616077032,0.0060490406108654375
2021-02-18,194.85,-0.0005541189650465203,0.005975281398867285
2021-02-19,194.85,0.0,0.005826890148347524
2021-02-22,194.8257,-0.00012471909349995091,0.005826971919101537
2021-02-23,194.2126,-0.003151877373314918,0.005522474339891318
2021-02-24,194.056,-0.0008066581149832211,0.005491534179676985
2021-02-25,194.0119,-0.0002272798146399614,0.005457725971770595
2021-03-01,194.0149,1.5462849473631704e-05,0.005454594362180517
2021-03-02,194.5,0.002497202820747119,0.005228463457017951
2021-03-03,195.6288,0.005786822967383237,0.0033274917015189026
2021-03-04,195.2692,-0.0018398666733543594,0.0029448733223673917
2021-03-05,195.3636,0.0004833183585076091,0.0024829885852769027
2021-03-08,195.5,0.0006979417143829954,0.002449920202189411
2021-03-09,195.5,0.0,0.0022872766881005795
2021-03-10,195.9905,0.002505809242662957,0.002248282029705916
2021-03-12,196.5333,0.002765693932406428,0.002301561915432855
2021-03-15,196.0383,-0.0025218342963956616,0.0023997324658899294
2021-03-16,196.775,0.003750895724419795,0.0025145906456161887
2021-03-17,198.4945,0.008700447906298422,0.002937993917666926
2021-03-18,197.45,-0.005276004202154074,0.003265525600972005
2021-03-19,199.2803,0.009226988639643746,0.003654663107653568
2021-03-22,197.4667,-0.009142413841920705,0.004305419079428587
2021-03-23,197.7692,0.0015307316924736078,0.004306543568268454
2021-03-24,198.953,0.0059679217020128135,0.004454828209433465
2021-03-25,198.0,-0.00480158523033245,0.00455092552002878
2021-03-26,198.445,0.0022449529538426955,0.00453951817806025
2021-03-29,198.1705,-0.0013842123862002524,0.004564867250261571
2021-03-30,199.4353,0.006362101690685415,0.0047067936866174625
2021-03-31,199.0377,-0.001995618935051285,0.00475749470299417
2021-04-01,199.2153,0.0008918954120777349,0.0046307907086835624
2021-04-05,199.375,0.0008013241092195265,0.004585733891945137
2021-04-06,199.75,0.001879111107274974,0.004587430115837411
2021-04-07,199.005,-0.003736634609394323,0.004713834213885439
2021-04-08,200.0184,0.005079412279306576,0.00479950072543578
2021-04-09,199.8744,-0.0007201930428562303,0.004805475318401441
2021-04-12,199.91,0.00017809599421122354,0.0047897081451358115
2021-04-15,200.0,0.0004501012803853572,0.004725202836666964
2021-04-16,199.9346,-0.00032705347615819745,0.004688106112986443
2021-04-19,194.4485,-0.027822966565188154,0.007634718548131117
2021-04-20,191.9721,-0.012817297537792873,0.008031393618638808
2021-04-21,191.881,-0.00047466075803702135,0.0076387114850434605
2021-04-22,192.0,0.0006199838169212398,0.007460851337838782
2021-04-23,191.9368,-0.00032922085390523956,0.007433892109770531
2021-04-27,197.5,0.028572433167300366,0.009928368469824804
2021-04-28,197.5,0.0,0.009873380225205957
2021-04-29,199.75,0.01132800030520755,0.01019195863063783
2021-04-30,199.5437,-0.001033324684845082,0.010189158223641257
2021-05-03,199.2275,-0.0015858721305350482,0.01009671276171945
2021-05-04,199.6915,0.0023262878391308145,0.010099177381507838
2021-05-05,199.5872,-0.0005224421055885991,0.010098763769014545
2021-05-06,199.5887,7.515483775401356e-06,0.010097394257717583
2021-05-07,199.5155,-0.0003668215008550771,0.010088508144825002
2021-05-10,199.5062,-4.6614006214145875e-05,0.010051379345313057
2021-05-11,199.5817,0.0003783627662011753,0.00998418362083244
2021-05-12,199.5695,-6.112971727909908e-05,0.009983148749305507
2021-05-13,199.5,-0.0003483102602562267,0.009983136582227005
2021-05-17,199.5,0.0,0.009982332225520123
2021-05-18,199.7873,0.0014390643007225253,0.009988262169891838
2021-05-19,199.6716,-0.0005792836421239551,0.007562571700333891
2021-05-20,199.6625,-4.557587244164526e-05,0.00680698889778656
2021-05-21,199.9,0.0011888003902794252,0.006785753806358985
2021-05-24,199.6668,-0.0011672642796050157,0.006817231950240151
2021-05-25,199.5057,-0.0008071698764153212,0.006826502084205695
2021-05-28,199.5632,0.00028817079154968336,0.0027000456420804425
2021-05-31,199.5,-0.0003167418119655337,0.0027041796361618724
2021-06-01,199.5,0.0,0.0009064996591244002
2021-06-02,199.5,0.0,0.0008772370306604571
2021-06-03,199.5342,0.0001714138792300225,0.0007953757690293687
2021-06-04,199.6853,0.0007569770876183419,0.0006198256640735302
2021-06-07,199.6853,0.0,0.0006076062731138596
2021-06-08,199.695,4.8575255223618046e-05,0.0006076149839489967
2021-06-09,199.825,0.0006507809600925813,0.0006154896601039743
2021-06-10,199.6761,-0.0007454297717571893,0.0006421640539734243
2021-06-11,199.7609,0.0004245976275308032,0.0006435183289491701
2021-06-14,199.8891,0.0006415613882011027,0.0006564783081738583
2021-06-15,199.5,-0.0019484764261392536,0.000794440503111464
2021-06-16,199.7238,0.0011211757587784234,0.0008330591017974737
2021-06-17,199.8643,0.000703224174043286,0.0007835414753622736
2021-06-18,199.8265,-0.00018914621058415106,0.0007726363151212117
2021-06-21,199.8743,0.00023917890696171045,0.000773623184233484
2021-06-22,199.9083,0.0001700924456539732,0.0007270403892164266
2021-06-23,199.8938,-7.253588716199875e-05,0.0006736177100335546
2021-06-25,199.8664,-0.0001370821809820838,0.0006444146428002392
2021-06-28,199.8904,0.0001200730045310418,0.0006427924602224331
2021-06-29,199.9005,5.05264126928856e-05,0.0006360145957215483
2021-06-30,201.1381,0.006171994060961954,0.0014980129739757641
2021-07-01,200.78,-0.0017819555514329676,0.001574644589478488
2021-07-02,200.5222,-0.001284817454096841,0.0016150165073367784
2021-07-05,199.9079,-0.003068203323934357,0.0017704581876509752
2021-07-06,199.9,-3.9518978994870146e-05,0.001770545682952465
2021-07-07,199.9,0.0,0.0017705864435231225
2021-07-08,199.9,0.0,0.0017649605890400991
2021-07-09,199.9,0.0,0.0017558205469160003
2021-07-12,199.9056,2.801361461850798e-05,0.0017536772256717763
2021-07-13,199.9,-2.8013614618523777e-05,0.0017478941286703325
2021-07-14,199.9,0.0,0.0016866430473597511
2021-07-15,199.8998,-1.0005007507040825e-06,0.0016694673755369223
2021-07-16,199.9,1.0005007506794093e-06,0.0016622429328928805
2021-07-19,199.8942,-2.901492818252399e-05,0.0016616241775051352
2021-07-20,199.9019,3.851963538879078e-05,0.0016608172418578016
2021-07-22,199.9,-9.504707206338696e-06,0.0016603739318360438
2021-07-26,199.9329,0.00016456874896614518,0.0016606908077620153
2021-07-27,199.9076,-0.00012655046216551326,0.001660643457814344
2021-07-28,199.9,-3.801828680049684e-05,0.0016604697168068872
2021-07-29,199.9033,1.6508117867295834e-05,0.001660435247933216
2021-07-30,199.9,-1.6508117867354225e-05,0.0008073481953550938
2021-08-02,199.9,0.0,0.000730916685254786
2021-08-03,199.9,0.0,0.0006875437710386802
2021-08-04,199.9,0.0,5.158512428730657e-05
2021-08-05,199.9,0.0,5.082260877500304e-05
2021-08-06,199.9,0.0,5.082260877500304e-05
2021-08-09,199.9075,3.7518055568691246e-05,5.151036582455793e-05
2021-08-10,199.9,-3.7518055568596615e-05,5.225998906205044e-05
2021-08-11,199.916,8.003681697856368e-05,5.495300933640944e-05
2021-08-12,199.916,0.0,5.4486644881791054e-05
2021-08-13,199.916,0.0,5.4486644881791054e-05
2021-08-16,199.98,0.00032008322437031565,8.918778964086649e-05
2021-08-17,199.9217,-0.00029157165579955785,0.00011323091239815102
2021-08-18,199.9,-0.00010854838554925195,0.00011587004543955961
2021-08-19,199.9,0.0,0.00011554112851516053
2021-08-20,199.9,0.0,0.00011552157982646757
2021-08-23,199.9,0.0,0.00010885104644067358
2021-08-24,199.9,0.0,0.00010522890102041124
2021-08-25,199.9,0.0,0.00010488494698192508
2021-08-26,199.95,0.0002500937864728036,0.00011889014407659342
2021-08-27,200.0,0.00025003125520938217,0.00012998530925122055
2021-08-30,202.6164,0.012997169670617644,0.0029032749648045513
2021-08-31,210.0,0.03579299449881443,0.008363208203975708
2021-09-01,210.0,0.0,0.008363208203975708
2021-09-02,210.0,0.0,0.008363208203975708
2021-09-03,207.3455,-0.012721046696075234,0.00901857137262995
2021-09-06,207.3455,0.0,0.009018967396734242
2021-09-07,207.3455,0.0,0.009018563157971808
2021-09-08,199.95,-0.03631914872856617,0.01242089354923131
2021-09-09,199.9815,0.00015752697682056832,0.01242093781911554
2021-09-10,200.0,9.250427838888036e-05,0.012420948621960245
2021-09-13,200.0,0.0,0.012420749191539482
2021-09-14,200.0,0.0,0.012420553887363484
2021-09-15,200.0,0.0,0.012420518668969363
2021-09-16,200.0063,3.1499503885380494e-05,0.012420517328315764
2021-09-17,200.0,-3.149950388548502e-05,0.012420522873466112
2021-09-21,199.933,-0.00033505612503502636,0.01242078433625635
2021-09-22,199.6314,-0.0015096442890282355,0.012425423388207759
2021-09-23,199.9,0.0013445753723809828,0.01242944309678223
2021-09-24,200.2591,0.0017947866056082962,0.012435876509199556
2021-09-27,200.0,-0.0012946615639260906,0.012439543068315326
2021-09-28,200.0335,0.00016748597344137532,0.012059008417245946
2021-09-29,199.9857,-0.00023898852968811627,0.008493804466197822
2021-09-30,199.9857,0.0,0.008493804466197822
2021-10-01,200.6959,0.0035449631015888887,0.00858397919527863
2021-10-04,200.14,-0.0027737054310686972,0.008227067911961285
2021-10-05,200.0,-0.0006997551142732197,0.00822063663583896
2021-10-06,200.06,0.00029995500899794244,0.008224372805631265
2021-10-07,200.035,-0.00012497031971173242,0.0012578913711292013
2021-10-08,202.98,0.014615100783349261,0.003498678980261005
2021-10-11,202.4,-0.002861514607361561,0.0035888282802592195
2021-10-12,202.4,0.0,0.0035888282802592195
2021-10-13,200.0,-0.011928570865273845,0.004554462375752932
2021-10-14,200.0018,8.999959500168733e-06,0.004554462820367797
2021-10-15,201.25,0.006221549791135734,0.004762268270349926
2021-10-18,200.093,-0.0057656578296329045,0.004952709016603095
2021-10-21,200.5117,0.0020903406897620045,0.004973125591501721
2021-10-22,201.0455,0.0026586514420719994,0.004987476390415929
2021-10-25,201.9836,0.004655255385585148,0.005076271488986651
2021-10-26,203.0,0.005019473055328262,0.0051693034772606694
2021-10-27,202.2092,-0.003903173985047212,0.005253954255633541
2021-10-28,200.0311,-0.010829950597575173,0.005838936615712595
2021-10-29,201.8705,0.009153548247635666,0.006186151967422378
2021-11-01,201.95,0.0003937393026211872,0.006185207214952687
2021-11-02,202.4998,0.0027187568823633054,0.006166451164131476
2021-11-03,202.5566,0.00028045477307519096,0.006120127333932773
2021-11-05,202.6244,0.00033466525149410104,0.0061129307300681135
2021-11-08,200.3103,-0.0114863547009904,0.006689569409562008
2021-11-09,202.0549,0.008671778437972986,0.006960306738779803
2021-11-10,202.3848,0.001631393125687237,0.006130801515521965
2021-11-11,201.4145,-0.004805862058346521,0.006191232582521362
2021-11-12,202.3478,0.004623025291043354,0.006286393340866507
2021-11-15,202.05,-0.0014728074872383094,0.005645389303581097
2021-11-16,202.05,0.0,0.0056454316899069755
2021-11-17,201.3428,-0.003506263495627084,0.005545568469794632
2021-11-19,202.192,0.004208812987469251,0.0054451824277426215
2021-11-22,202.2,3.9565570045978464e-05,0.005433386371892326
2021-11-23,202.4167,0.0010711373046093041,0.005410496832887741
2021-11-24,200.7778,-0.008129619954291045,0.005624817360805506
2021-11-25,200.9721,0.0009672685177970864,0.00549461930974045
2021-11-26,201.2131,0.0011984529955128616,0.005446622101345785
2021-11-29,201.7582,0.0027054052359331343,0.004873145308448173
2021-11-30,202.0474,0.0014323726538005678,0.004431494615246259
2021-12-01,202.0474,0.0,0.004430732695982634
2021-12-02,201.9333,-0.0005648784856998965,0.004386241159433326
2021-12-03,200.4453,-0.007396053284109763,0.004673942834144807
2021-12-06,202.25,0.008963164368677686,0.005133039338737138
2021-12-07,200.01,-0.011137190640522772,0.0050926826560895155
2021-12-08,201.5945,0.00789088878095001,0.005024632242785622
2021-12-09,201.2222,-0.0018484839680634815,0.005021259020998501
2021-12-10,201.0603,-0.0008049070428909468,0.004910268298989549
2021-12-13,201.3297,0.0013389996781782239,0.004798065683892269
2021-12-14,201.873,0.0026949240608501383,0.004832643751247886
2021-12-15,201.873,0.0,0.004832643751247886
2021-12-16,200.6717,-0.005968547424486969,0.0049553012746489785
2021-12-17,201.5384,0.004309694567432619,0.00496003892489603
2021-12-20,203.0,0.0072260450917396276,0.005228446825067582
2021-12-21,201.51,-0.007366971094904568,0.00548823260204892
2021-12-22,201.3214,-0.0009363719599824344,0.005169350658654788
2021-12-23,200.7232,-0.002975791449199346,0.005210970250015302
2021-12-24,200.918,0.0009700200839683428,0.005208311878165036
2021-12-27,200.918,0.0,0.0051673137390593335
2021-12-28,201.5032,0.0029083975322684377,0.005202406348477477
2021-12-29,201.0,-0.0025003540948620407,0.005228970039222304
2021-12-30,203.0,0.009901070982711537,0.005699378213118814
2021-12-31,200.4338,-0.01272196137837679,0.006180230507858075
2022-01-03,200.4338,0.0,0.005809715442911801
2022-01-04,200.0,-0.0021666511153739555,0.005261722848038869
2022-01-05,201.7081,0.008504236257254985,0.00531170001893625
2022-01-06,201.048,-0.0032779172856734922,0.005347774728786534
2022-01-07,201.3347,0.0014250118035183854,0.005354302169243688
2022-01-10,201.9011,0.0028092762225176223,0.005382686613581826
2022-01-11,200.945,-0.0047467347713972185,0.005453641940914272
2022-01-12,200.9798,0.00017316672216781534,0.005454164380743616
2022-01-13,201.7844,0.003995395173310396,0.0053557852707578155
2022-01-18,201.9442,0.0007916209470673074,0.005273488689422451
2022-01-19,201.9442,0.0,0.00500005774808105
2022-01-20,201.053,-0.004422866723567831,0.004819927340266536
2022-01-21,202.75,0.00840513810228789,0.005175496931681766
2022-01-24,202.0,-0.003705995594317536,0.005202723687050862
2022-01-25,202.0323,0.0001598882072983129,0.005200525498790601
2022-01-26,201.5882,-0.0022005828703707186,0.005229880553708944
2022-01-27,202.0,0.0020406946630723895,0.005209497054438024
2022-01-28,201.191,-0.004012991786446857,0.00526032187187937
2022-01-31,201.191,0.0,0.004722601714301533
2022-02-01,201.97,0.003864465905539222,0.0038246682249374084
2022-02-02,201.4205,-0.002724408928242951,0.0038869895368196816
2022-02-03,201.5833,0.0008079328723736246,0.0038465315489193417
2022-02-07,202.0,0.002065001936777191,0.0033722306687855226
2022-02-08,202.4091,0.002023199475722129,0.0033026605287675747
2022-02-09,202.0659,-0.0016970150558823075,0.003322270238222873
2022-02-10,201.9637,-0.0005059035386504025,0.0032664829763525373
2022-02-11,202.0,0.00017971911881040732,0.003068197635095831
2022-02-14,201.0142,-0.00489214507132513,0.0032778005695654378
2022-02-15,201.0,-7.064427080378627e-05,0.0031407367394543947
2022-02-17,202.0123,0.005023678577450868,0.003346512923533979
2022-02-18,202.1141,0.0005038027812744046,0.003348275016317704
2022-02-21,201.9298,-0.0009122771697925099,0.0031901742607464293
2022-02-22,202.0,0.0003475851531963108,0.0025453939389888454
2022-02-23,201.1908,-0.0040139858671931535,0.002568640547933366
2022-02-24,201.1908,0.0,0.0025677078624825934
2022-02-25,202.33,0.005646316257091629,0.002833114127852114
2022-02-28,201.0571,-0.006311080473007359,0.0031434936994497948
2022-03-02,201.8979,0.004173176757895935,0.0031584492964743132
2022-03-03,202.0,0.0005055733252130026,0.0031589949738880995
2022-03-04,201.6305,-0.0018308829645813293,0.003066692545783603
2022-03-07,202.04,0.002028883163228463,0.0030353306183868297
2022-03-08,202.0909,0.0002518985817178541,0.003031565519443329
2022-03-09,229.5,0.12718543331903023,0.02859174057430625
2022-03-10,229.3358,-0.000715724479255711,0.028620260710266736
2022-03-11,251.9685,0.09411677467692817,0.03461263886961972
2022-03-14,251.9685,0.0,0.03460394416105993
2022-03-15,263.33,0.044103918786721076,0.03526457044538972
2022-03-16,267.8621,0.017064297359625002,0.03501068089833802
2022-03-18,267.8769,5.525078444435893e-05,0.03500796197097174
2022-03-21,275.0,0.026243551037508483,0.035031625054556176
2022-03-22,280.0,0.018018505502678212,0.03485754990280204
2022-03-23,280.42,0.0014988761237359487,0.03479901490993923
2022-03-24,280.0,-0.0014988761237359858,0.034846312669088976
2022-03-25,290.0,0.03509131981127019,0.0347419041151456
2022-03-28,294.9843,0.017041211604064608,0.034477916509446434
2022-03-29,294.9843,0.0,0.03461700188604512
2022-03-30,306.0796,0.03692306425862161,0.03431157554617225
2022-03-31,299.0,-0.02340162545251957,0.0355553316734878
2022-04-01,299.0,0.0,0.03556982394924412
2022-04-04,310.8571,0.038889747662177065,0.0354432252408513
2022-04-05,307.7891,-0.009918512880713616,0.035889115937200296
2022-04-06,307.7891,0.0,0.03589684140567164
2022-04-07,299.8125,-0.026257528909867076,0.027409631537228765
2022-04-08,299.0,-0.002713705871596273,0.02746722387680899
2022-04-11,311.675,0.04151740484035226,0.021097697008702
2022-04-12,313.67,0.006380499622326233,0.020976343910187212
2022-04-18,313.67,0.0,0.019579474214643938
2022-04-19,310.0,-0.011769180374173113,0.0199919843786578
2022-04-20,310.0,0.0,0.019993042680973818
2022-04-21,335.0,0.07755823434587444,0.025173278701399758
2022-04-22,334.8,-0.0005971932097461632,0.02520019477230038
2022-04-25,334.8,0.0,0.025225695989868784
2022-04-26,340.465,0.016778991676306865,0.025161580073463252
2022-04-27,337.9,-0.007562336571382926,0.024706481712958205
2022-04-28,341.85,0.011622050639558868,0.024627581400323166
2022-04-29,341.85,0.0,0.024627581400323166
2022-05-04,340.0,-0.005426426749595894,0.023758366806985138
2022-05-05,349.9,0.02870178176343521,0.02330298019342911
2022-05-06,358.5686,0.02447259521954493,0.02351012412706255
2022-05-09,364.76,0.017119608472277458,0.02254151312302761
2022-05-10,364.76,0.0,0.022233660433532414
2022-05-11,364.76,0.0,0.022233660433532414
2022-05-12,360.0,-0.01313557161530909,0.021329507887370435
2022-05-13,360.0,0.0,0.02125859758029179
2022-05-17,359.75,-0.000694685682678485,0.019944710037282307
2022-05-18,359.65,-0.00027800945411203347,0.020014077497375778
2022-05-19,359.55,-0.0002780867648620366,0.020019175115643453
2022-05-20,359.475,-0.00020861583469835703,0.019616872893748614
2022-05-23,359.4373,-0.00010488066495621284,0.01961897012014147
2022-05-24,359.3764,-0.000169445852647814,0.01062757553465466
2022-05-25,359.3764,0.0,0.010616255484531817
2022-05-26,359.7079,0.0009220060109332512,0.010602058164117766
2022-05-27,359.25,-0.0012737882479997471,0.010179977350452452
2022-05-30,360.76,0.0041943923383731,0.00989247156613016
2022-05-31,360.76,0.0,0.009716005669453336
2022-06-01,360.1114,-0.0017994892709646427,0.009750517983762159
2022-06-02,360.6,0.0013558827426740831,0.00957292141978734
2022-06-03,360.3,-0.0008322930151693469,0.007427521218400689
2022-06-06,360.2773,-6.30050377870329e-05,0.00508378983803532
2022-06-07,360.2773,0.0,0.0031743802724340142
2022-06-08,360.0255,-0.0006991504413335688,0.0031710611053547754
2022-06-09,360.0255,0.0,0.0031710611053547754
2022-06-10,359.8,-0.0006265407584941828,0.001201428661061909
2022-06-13,359.8338,9.393666619012061e-05,0.0012017265818077985
2022-06-15,359.85,4.501977119056621e-05,0.0011913068181765673
2022-06-16,359.85,0.0,0.001189341840743083
2022-06-17,359.75,-0.000277932186336142,0.0011893397488401587
2022-06-20,360.75,0.002775851886502981,0.001336266742873433
2022-06-21,361.75,0.0027681678576130632,0.0014536411469448598
2022-06-22,360.9,-0.002352453862850392,0.0015697054185086446
2022-06-23,360.9,0.0,0.0015697054185086446
2022-06-24,360.3,-0.0016638938946952695,0.0016139787837740301
2022-06-27,360.3,0.0,0.0015824773868322458
2022-06-28,359.9,-0.0011108026690626362,0.001284778847145986
2022-06-29,359.72,-0.0005002640386701345,0.0012872007533602946
2022-06-30,359.8782,0.00043968982287232773,0.0012318523196328118
2022-07-01,359.55,-0.0009123913206841258,0.0012013499704477755
2022-07-04,359.7941,0.0006786738345927115,0.00120341478896398
2022-07-05,359.7941,0.0,0.0012035172274260607
2022-07-06,359.8167,6.281173102854738e-05,0.0012037834776634153
2022-07-07,360.82,0.00278448391053252,0.0013501696968270915
2022-07-08,360.3497,-0.001304270178488546,0.001386775478641865
2022-07-11,361.35,0.0027720688828216707,0.0015034724585637116
2022-07-12,360.9048,-0.0012328060855669636,0.0015379661907621827
2022-07-14,361.9,0.002753718926273445,0.0016439768195523371
2022-07-15,361.24,-0.0018253731870986746,0.0017099223572228167
2022-07-18,361.0331,-0.0005729135022728373,0.0017154592956996775
2022-07-19,361.1657,0.00036721191309104303,0.001604437473339602
2022-07-20,361.87,0.0019481755126547922,0.0015407384211372519
2022-07-21,361.67,-0.0005528374522316069,0.0014446561192496782
2022-07-22,361.3,-0.0010235557002449206,0.0014665933730882246
2022-07-25,361.09,-0.0005814034134347567,0.0014190065786030119
2022-07-26,361.0,-0.000249276407278905,0.0014211122861163216
2022-07-27,361.0,0.0,0.0013928476239938687
2022-07-28,361.0,0.0,0.00138497616387656
2022-07-29,360.8,-0.0005541701444123004,0.0013928847352295125
2022-08-01,361.0,0.0005541701444122678,0.0013737073981589419
2022-08-02,361.0,0.0,0.0013696693160511408
2022-08-03,360.9254,-0.00020666955412709112,0.0013717759467930136
2022-08-04,360.9254,0.0,0.0013720747262534901
2022-08-05,360.8,-0.0003475005902851773,0.0012270997801828113
2022-08-08,360.8,0.0,0.0011883371062829783
2022-08-09,360.94,0.00038795134468329036,0.0010081362166730959
2022-08-10,360.94,0.0,0.0009693891292977827
2022-08-12,360.85,-0.0002493800148697036,0.0007222833417869729
2022-08-15,360.92,0.0001939676080177601,0.0006070053500501054
2022-08-16,360.9733,0.00014766725247842858,0.000595249985373609
2022-08-17,360.96,-3.6845509139147235e-05,0.0005886552492983813
2022-08-18,360.9733,3.6845509139087034e-05,0.0003626079439037969
2022-08-19,361.0,7.396395410240897e-05,0.0003504820034382303
2022-08-22,360.9467,-0.00014765633002222672,0.00027454302389383204
2022-08-23,361.0,0.00014765633002217235,0.0002471549881178552
2022-08-24,361.0,0.0,0.00024078756568860374
2022-08-25,361.0,0.0,0.00024078756568860374
2022-08-26,361.4,0.0011074198252471437,0.0003453948251751411
2022-08-29,361.17,-0.0006366165430833271,0.000353450703856402
2022-08-30,361.29,0.0003321983254534488,0.0003400587972936173
2022-08-31,361.148,-0.0003931133241294301,0.00035359343075373214
2022-09-01,361.0786,-0.0001921834510488684,0.0003531181317673211
2022-09-02,361.45,0.0010280562809860435,0.00041861818681701113
2022-09-05,361.45,0.0,0.0004073221921184913
2022-09-06,361.45,0.0,0.0004073221921184913
2022-09-07,361.8056,0.0009833315598350033,0.0004497872292536236
2022-09-08,361.9,0.0002608795635555224,0.0004499139647915726
2022-09-09,362.0,0.00027628125607445317,0.0004416910217391242
2022-09-12,362.2,0.0005523336235418499,0.00045036412930641684
2022-09-13,362.2824,0.000227472745660344,0.00045044399325643557
2022-09-14,362.45,0.00046251555191336406,0.0004515715894470799
2022-09-15,362.45,0.0,0.0004523723268394588
2022-09-16,362.9,0.0012407804721379179,0.0005066821258718973
2022-09-19,362.9,0.0,0.0005014403560578463
2022-09-20,362.9,0.0,0.0005044123195045874
2022-09-21,362.9,0.0,0.0005044123195045874
2022-09-22,362.9,0.0,0.0005044123195045874
2022-09-23,362.9,0.0,0.000466105389499172
2022-09-26,362.9,0.0,0.00042541640854539556
2022-09-27,362.9,0.0,0.000428060036126337
2022-09-28,362.9,0.0,0.00040681143925616603
2022-09-29,362.9,0.0,0.00039819511441741945
2022-09-30,362.9,0.0,0.0003568992912649185
2022-10-03,362.9,0.0,0.0003568992912649185
2022-10-04,362.9,0.0,0.0003568992912649185
2022-10-05,362.9,0.0,0.0003076706272766334
2022-10-06,362.9,0.0,0.00030829706485382253
2022-10-07,362.9,0.0,0.0003079630209118534
2022-10-11,362.9,0.0,0.00029189104525521273
2022-10-12,362.9,0.0,0.00029095088647872994
2022-10-13,362.9,0.0,0.00027744694808445566
2022-10-14,363.14,0.0006611206234962904,0.00030743037465600785
2022-10-17,363.38,0.0006606838317736412,0.00020342142585878383
2022-10-18,363.38,0.0,0.00020342142585878383
2022-10-19,363.38,0.0,0.00020342142585878383
2022-10-20,363.38,0.0,0.00020342142585878383
2022-10-21,363.38,0.0,0.00020342142585878383
2022-10-25,363.38,0.0,0.00020342142585878383
2022-10-26,363.3,-0.0002201794471382017,0.00021292248532513142
2022-10-27,363.3,0.0,0.00021292248532513145
2022-10-28,363.3,0.0,0.00021292248532513142
2022-10-31,363.3,0.0,0.00021292248532513142
2022-11-01,363.3,0.0,0.00021292248532513142
2022-11-02,363.3,0.0,0.00021292248532513142
2022-11-03,363.3,0.0,0.00021292248532513142
2022-11-04,363.5,0.0005503577464177387,0.00023935262373483298
2022-11-08,363.5,0.0,0.00023935262373483298
2022-11-09,363.5,0.0,0.00023935262373483298
2022-11-10,363.5,0.0,0.00023935262373483298
2022-11-11,363.5,0.0,0.00023935262373483298
2022-11-14,363.5,0.0,0.00023935262373483298
2022-11-15,363.5,0.0,0.00019718884555337357
2022-11-16,363.5,0.0,0.00013493112326931657
2022-11-17,363.5,0.0,0.00013493112326931657
2022-11-18,363.5,0.0,0.00013493112326931657
2022-11-21,363.5,0.0,0.00013493112326931657
2022-11-22,363.5,0.0,0.00013493112326931657
2022-11-23,363.5,0.0,0.00013493112326931657
2022-11-24,363.5,0.0,0.00012306373329108448
2022-11-25,363.0,-0.0013764627087232365,0.000337437773374569
2022-11-28,363.0,0.0,0.000337437773374569
2022-11-29,363.1875,0.0005163955704736466,0.00035978148539096146
2022-11-30,363.1875,0.0,0.00035978148539096146
2022-12-01,363.19,6.8834731251678955e-06,0.0003598003706803104
2022-12-02,363.19,0.0,0.0003598003706803104
2022-12-05,363.1767,-3.6620621516688516e-05,0.00033427965304801463
2022-12-06,363.18,9.086444717979123e-06,0.000334349469980288
2022-12-08,363.18,0.0,0.000334349469980288
2022-12-09,363.18,0.0,0.000334349469980288
2022-12-12,363.18,0.0,0.000334349469980288
2022-12-13,363.18,0.0,0.000334349469980288
2022-12-14,363.18,0.0,0.000334349469980288
2022-12-15,363.18,0.0,0.000334349469980288
2022-12-16,363.18,0.0,0.000334349469980288
2022-12-19,363.18,0.0,0.000334349469980288
2022-12-20,363.1612,-5.176630488316107e-05,0.0003341909637994563
2022-12-21,363.16,-3.3043232112430805e-06,0.0003341675167008489
2022-12-22,363.16,0.0,0.0003341675167008489
2022-12-23,363.1733,3.6622305493816336e-05,0.00033453753324643533
2022-12-27,363.1,-0.00020185238876009912,0.00012755147065049433
2022-12-28,363.1326,8.977839888180273e-05,0.0001286166140884148
2022-12-29,363.13,-7.159944626146653e-06,5.286787103108935e-05
2022-12-30,363.11,-5.507821107353875e-05,5.385901830597305e-05
2023-01-02,363.11,0.0,5.3762847123560784e-05
2023-01-03,363.11,0.0,5.3762847123560784e-05
2023-01-04,363.11,0.0,5.346766861291085e-05
2023-01-05,363.11,0.0,5.334271227961847e-05
2023-01-09,363.0917,-5.039922105352546e-05,5.4049214307365653e-05
2023-01-10,362.2446,-0.002335745185032955,0.000522223455770471
2023-01-11,362.24,-1.2698682622194304e-05,0.0005220661251544783
2023-01-12,362.24,0.0,0.0005220661251544783
2023-01-13,362.24,0.0,0.0005220661251544783
2023-01-17,362.24,0.0,0.0005220661251544783
2023-01-18,362.24,0.0,0.0005220661251544783
2023-01-19,362.2698,8.226251740630766e-05,0.0005234629474945928
2023-01-20,362.1694,-0.0002771799224635331,0.0005242187229630736
2023-01-23,362.16,-2.5955042002935968e-05,0.0005239396709759798
2023-01-24,362.16,0.0,0.0005239396709759798
2023-01-25,362.16,0.0,0.0005233614173629417
2023-01-26,362.14,-5.5225735206756736e-05,0.0005234719471490473
2023-01-27,362.14,0.0,0.000521849121071048
2023-01-30,362.14,0.0,0.0005219452267772307
2023-01-31,362.14,0.0,0.0005225424054552423
2023-02-01,362.14,0.0,0.0005225424054552423
2023-02-02,362.14,0.0,0.0005225424054552423
2023-02-03,361.9686,-0.0004734096603772416,0.0005268694690952483
2023-02-06,361.9589,-2.679826363975727e-05,0.0005264819943733759
2023-02-07,361.96,3.039014453029377e-06,0.0005271959750719076
2023-02-08,361.96,0.0,0.00012170663885839317
2023-02-09,361.9226,-0.00010333167293501101,0.00012234972118443571
2023-02-10,361.9226,0.0,0.00012234972118443571
2023-02-13,361.92,-7.183882241740478e-06,0.0001222247543043037
2023-02-14,361.92,0.0,0.0001222247543043037
2023-02-15,361.92,0.0,0.0001222247543043037
2023-02-16,361.92,0.0,0.00011908935705979461
2023-02-17,361.92,0.0,0.00010651659416618482
2023-02-20,361.92,0.0,0.00010678323272572894
2023-02-21,361.92,0.0,0.00010678323272572894
2023-02-22,361.6615,-0.0007145014376329904,0.00018556771740398854
2023-02-23,361.66,-4.147533289029451e-06,0.0001861160672311941
2023-02-24,362.668,0.0027832712547745816,0.0006643781471379616
2023-02-27,362.4983,-0.0004680305830477666,0.0006752331864865921
2023-02-28,361.6318,-0.0023932174993759785,0.000868775295766164
2023-03-01,358.4593,-0.008811442125720678,0.002138158044391725
2023-03-02,353.6543,-0.01349524268120329,0.003598916263341818
2023-03-03,346.1724,-0.021382965461814948,0.005765869399599261
2023-03-07,337.6693,-0.02486990269231458,0.007638065331407137
2023-03-08,326.6337,-0.03322765463157131,0.010069472693865916
2023-03-09,319.5585,-0.021899003887922354,0.010655339616095535
2023-03-10,318.633,-0.0029003853821104476,0.010588847004579655
2023-03-13,319.105,0.0014802319641694576,0.010640756315485372
2023-03-14,322.9615,0.012012918841226216,0.011331650020572749
2023-03-15,327.0617,0.012615717041842419,0.011996926238532171
2023-03-16,337.2877,0.030787437234978694,0.014412840228221549
2023-03-17,336.8,-0.0014469929805722192,0.01439784157287806
2023-03-20,335.2842,-0.004510751986580378,0.014373844911963722
2023-03-21,335.0815,-0.0006047445630870771,0.014366015112964555
2023-03-22,321.8906,-0.040162049555525686,0.016454338600652454
2023-03-23,317.3116,-0.014327479880049544,0.0165117194774539
2023-03-24,318.6334,0.004156969245562882,0.01662425768600856
2023-03-27,320.5985,0.006148335808629199,0.01673802038890556
2023-03-28,319.9778,-0.0019379430499055625,0.01671490034719645
2023-03-29,322.6667,0.00836828352703148,0.01701570395035556
2023-03-30,325.6324,0.009149235862994539,0.017314202938775763
2023-03-31,327.2857,0.0050643519718781655,0.01732113321621072
2023-04-03,327.5,0.0006545653261867895,0.016843063454075553
2023-04-04,323.7837,-0.011412354814731886,0.01616914217985289
2023-04-06,321.1748,-0.008090177056569267,0.014514451750135536
2023-04-10,319.9741,-0.0037454681858494145,0.013671517014764446
2023-04-11,319.833,-0.0004410704485383382,0.013654491128305907
2023-04-12,319.85,5.3151326528900096e-05,0.01365111096997721
2023-04-17,319.5718,-0.000870161191107375,0.013361091009342773
2023-04-18,319.9261,0.0011080569185622227,0.01300842756626409
2023-04-19,320.83,0.0028213562058659715,0.010697917665438171
2023-04-20,320.7155,-0.00035695052405698946,0.010706344763354055
2023-04-21,321.1373,0.0013143202326745427,0.010726453838815713
2023-04-24,321.6512,0.0015989710752170306,0.010754504000426525
2023-04-25,321.8,0.00046250594498067383,0.005931240974705711
2023-04-26,321.7598,-0.00012493011543703025,0.00488534802685924
2023-04-27,321.6324,-0.00039602594394228674,0.004821247288890881
2023-04-28,321.65,5.4719358105672966e-05,0.004632249470717802
2023-05-02,321.4389,-0.0006565188967879726,0.004610461018350525
2023-05-03,320.9014,-0.0016735681241043326,0.004206363066409745
2023-05-04,319.9665,-0.0029176080224635557,0.0036061346744943545
2023-05-08,319.4428,-0.001638074757759102,0.0033253791339901643
2023-05-09,318.5233,-0.002882600303390629,0.0033148838609433125
2023-05-10,318.0867,-0.0013716406228350647,0.002331534232518974
2023-05-11,316.6797,-0.0044331341554176805,0.00182540375942972
2023-05-12,313.654,-0.009600385444111082,0.0026306136161832784
2023-05-15,313.2454,-0.0013035586183682867,0.0026280804609366396
2023-05-16,312.639,-0.0019377386295108797,0.0026221696503263645
2023-05-17,310.4042,-0.007173851136904042,0.0029467694318802574
2023-05-18,307.3664,-0.009834797853607672,0.0034231619447338624
2023-05-19,305.7839,-0.005161877972841928,0.0032940823040716336
2023-05-22,307.0783,0.004224120608793966,0.003589745620878087
2023-05-23,305.8837,-0.003897799577941279,0.0035116255067822377
2023-05-24,304.707,-0.003854305205505786,0.0033917321951871552
2023-05-25,303.2681,-0.004733426374153083,0.003334790794539351
2023-05-26,303.05,-0.0007194243728064339,0.0033106998151276952
2023-05-29,299.1118,-0.01308039185119056,0.003941414583876768
2023-05-30,296.6888,-0.008133638529399193,0.003963783653962781
2023-05-31,295.5211,-0.003943539320401085,0.003883485094843572
2023-06-01,292.4557,-0.010427036486007618,0.004072053533148218
2023-06-02,292.2778,-0.0006084823444832176,0.004155373558825039
2023-06-05,292.3145,0.0001255575896166307,0.004237770828157241
2023-06-06,291.5413,-0.00264860074013261,0.004242609623912771
2023-06-07,291.2115,-0.0011318694143028004,0.004252022166352111
2023-06-08,290.9686,-0.0008344497316017125,0.004326645416199186
2023-06-09,293.2079,0.007666556145603993,0.004886002309398414
2023-06-12,296.2449,0.010304563396288357,0.005756384836877842
2023-06-13,300.4257,0.01401399171581868,0.006876768493314315
2023-06-14,303.2095,0.009223516904088293,0.007196548060247935
2023-06-15,308.4828,0.01724210241328145,0.007984931986295076
2023-06-16,313.8245,0.01716782431388753,0.008725299820215828
2023-06-19,309.2,-0.014845595745093263,0.009404220939659109
2023-06-20,305.9231,-0.010654553533371906,0.009681899661368744
2023-06-21,306.125,0.0006597520924367911,0.009639685155415845
2023-06-22,306.9052,0.002545389839663864,0.009579562247694472
2023-06-23,306.9543,0.00015997145960822574,0.009575223537262914
2023-06-26,307.0,0.00014887101559313328,0.009018265623300981
2023-06-27,308.1212,0.003645464476508612,0.008750301526462148
2023-06-28,308.83,0.0022977516272016593,0.008641912148194384
2023-07-04,308.1162,-0.002313979139521225,0.00819682860611914
2023-07-05,306.2611,-0.006038978451320904,0.008396503037855265
2023-07-06,306.9852,0.002361531856010731,0.00838038326105675
2023-07-07,308.1957,0.003935432853375091,0.008298538849726644
2023-07-10,311.5068,0.010686197035326328,0.00842529488983953
2023-07-11,312.7857,0.004097123668833129,0.008367781885134233
2023-07-12,313.9049,0.0035717822793616,0.008313354200415818
2023-07-13,314.5869,0.002170275786225143,0.008155803619014248
2023-07-14,316.3556,0.005606547769457643,0.0077657800323385345
2023-07-17,319.1206,0.008702190417197622,0.007743160728844553
2023-07-18,322.8065,0.011483984734519552,0.007260412445856258
2023-07-19,322.5265,-0.0008677690977234138,0.006379123056569056
2023-07-20,324.25,0.005329519793904492,0.005158792010054954
2023-07-21,325.2204,0.0029882831369249,0.004148010962791459
2023-07-24,326.75,0.004692246170853119,0.004123209362392923
2023-07-25,329.0,0.006862398261040665,0.004196177695588591
2023-07-26,329.4167,0.0012657639322785756,0.004157291152444432
2023-07-27,329.3811,-0.00010807564941671388,0.004168675278717031
2023-07-28,329.2804,-0.0003057716316639316,0.004255068965025999
2023-07-31,329.3566,0.0002313869410312525,0.004305999927047678
2023-08-02,324.6497,-0.014394299475609914,0.005733432396769693
2023-08-03,314.0972,-0.03304426273560808,0.009691880662330048
2023-08-04,318.4438,0.01374351517701896,0.010085926537567097
2023-08-07,318.4438,0.0,0.010081124433219495
2023-08-08,321.496,0.00953909459724697,0.01003005573882295
2023-08-09,321.0833,-0.0012845108977059224,0.010031110413897095
2023-08-10,320.2591,-0.0025702353492599124,0.010052189662394918
2023-08-11,320.0006,-0.0008074848816685085,0.010056027052151098
2023-08-14,319.9817,-5.90641335097169e-05,0.009994688158940916
2023-08-15,320.9366,0.002979789176117239,0.009830183210188755
2023-08-16,321.1804,0.0007593632055070762,0.00947308398585982
2023-08-17,321.0863,-0.0002930246910616242,0.00947199100954273
2023-08-18,321.8596,0.0024054912641466274,0.009404086903209033
2023-08-21,323.2519,0.00431646982503598,0.009433693279567439
2023-08-22,323.935,0.002110982943789327,0.009379248085933102
2023-08-23,323.935,0.0,0.009222543292239127
2023-08-24,323.9704,0.00010927521219979647,0.009212689825819931
2023-08-25,324.05,0.0002456712794855518,0.009214495400339655
2023-08-28,323.8714,-0.0005513014526871941,0.009213943554950053
2023-08-29,323.9093,0.00011701490965453854,0.00921328681086053
2023-08-31,322.6634,-0.0038538637404148123,0.008682979784966311
2023-09-01,319.6472,-0.009391786996698567,0.004675325589955505
2023-09-04,319.257,-0.0012214665313336221,0.0035757716319079775
2023-09-05,320.3778,0.003504503341894209,0.0036542000755452287
2023-09-06,321.9978,0.005043788818791627,0.003161173559859504
2023-09-07,321.995,-8.69574939349042e-06,0.0031450637330848563
2023-09-08,322.3871,0.0012169799514696856,0.003086652378764845
2023-09-11,321.6556,-0.0022715894910451777,0.0031321051113062082
2023-09-12,322.2833,0.0019495644658634366,0.003153535953629911
2023-09-13,322.3823,0.00030713598112947784,0.003092644595346679
2023-09-14,323.3778,0.0030831907657572085,0.003156776655075731
2023-09-15,323.3731,-1.4534189283848803e-05,0.003154446517302714
2023-09-18,323.375,5.875548764644369e-06,0.003117765975880267
2023-09-19,323.7088,0.0010317057222218513,0.002974671803209685
2023-09-20,324.0,0.0008991695639143912,0.0029430987018546897
2023-09-21,324.7013,0.002162167004175211,0.002982162815419373
2023-09-22,324.6121,-0.00027475176258835764,0.0029834589408413376
2023-09-25,324.4375,-0.0005380174464684012,0.002986575158176316
2023-09-26,324.5999,0.0005004334215230822,0.0029845081909124173
2023-09-27,324.4478,-0.000468686670592339,0.0029873321392391854
2023-10-02,323.5166,-0.002874233958133001,0.0029268013420825387
2023-10-03,323.8,0.0008756148632893721,0.001882549379935725
2023-10-04,323.7654,-0.00010686179352059463,0.001840400757818994
2023-10-05,323.7722,2.1002641391709997e-05,0.0017221683316158295
2023-10-06,323.6946,-0.00023970341142303238,0.0013599866033748515
2023-10-09,323.6117,-0.0002561384014128271,0.0013637067826419514
2023-10-10,323.6026,-2.8120515880462316e-05,0.001345558989698542
2023-10-11,323.8082,0.0006351454344344432,0.0012167042937678626
2023-10-12,323.848,0.0001229047141063729,0.0011560563942855902
2023-10-13,323.7977,-0.00015533184301577623,0.0011593090029231336
2023-10-16,323.86,0.000192385577110165,0.0009435507299629566
2023-10-17,323.9143,0.00016765098623764408,0.000943525349599412
2023-10-18,324.1357,0.0006832806376474739,0.0009527019557164174
2023-10-19,324.38,0.0007534127903333712,0.0009406019690039582
2023-10-20,324.9747,0.0018316650861786728,0.0010031469712549752
2023-10-23,325.0,7.784918401528335e-05,0.0008843593988209711
2023-10-24,325.9017,0.002770619824199142,0.0010691080610598259
2023-10-25,327.1063,0.003689392370013919,0.0013072538304689844
2023-10-26,326.5647,-0.0016571031113072423,0.0013860140203326371
2023-10-27,326.5,-0.00019814269615769022,0.0013794035645465729
2023-10-30,327.13,0.001927696694125836,0.0012014561500502843
2023-10-31,327.3817,0.0007691230344937315,0.0012001974698052746
2023-11-01,327.6173,0.0007193904423080435,0.0011905778417292741
2023-11-02,328.0343,0.0012720172000691137,0.0011918980611658357
2023-11-03,329.0615,0.003126487299822307,0.0012924965580765311
2023-11-06,328.9773,-0.00025591196281902166,0.0012924866158284848
2023-11-07,327.736,-0.0037803451773720455,0.0016463114000940353
2023-11-08,327.1236,-0.0018703251155530347,0.001738985040064919
2023-11-09,328.41,0.003924746653014855,0.0018952893495394125
2023-11-10,328.461,0.00015528163095171723,0.0018891792921842154
2023-11-13,327.193,-0.0038678985588145804,0.0021486369131681862
2023-11-14,326.894,-0.0009142515317587337,0.0021712613633397986
2023-11-15,327.3643,0.0014376587381583245,0.0021819100188941606
2023-11-16,328.6449,0.0039042184977693445,0.0023114125306480542
2023-11-17,328.0732,-0.0017410823439141273,0.0023532156864793964
2023-11-20,327.9164,-0.00047805636853454075,0.0023614157808180833
2023-11-21,328.0918,0.0005347494259362287,0.002297670336329326
2023-11-22,328.3919,0.0009142649570858648,0.0021643568403621146
2023-11-23,328.4842,0.0002810271240114949,0.0021199466624589715
2023-11-24,328.7214,0.0007218441544004584,0.002118708779352159
2023-11-27,328.7498,8.639161690321949e-05,0.0020857923070788397
2023-11-28,329.0036,0.0007717178279759167,0.0020858265759044967
2023-11-29,329.509,0.001534974727083644,0.0021034443922140975
2023-11-30,329.0423,-0.0014173537524841404,0.00212309014731713
2023-12-01,327.5552,-0.0045297234386094155,0.002245514220079738
2023-12-04,327.9839,0.0013079313228277541,0.0022716185275536887
2023-12-05,328.0314,0.00014481369590920674,0.0021050245637573104
2023-12-06,328.0175,-4.237489004890837e-05,0.002056611469251434
2023-12-07,327.1342,-0.0026964763586966416,0.0019445678006330047
2023-12-08,326.59,-0.001664922686688932,0.0019697614953802837
2023-12-11,326.9314,0.001044801382346018,0.0017983894783524443
2023-12-12,327.1808,0.0007625603438842575,0.0017945688026045844
2023-12-13,327.0966,-0.00025738318476160795,0.0017650621090761198
2023-12-14,326.7793,-0.0009705206290848379,0.0015097138663447503
2023-12-15,326.7231,-0.0001719963083182325,0.001470299801800957
2023-12-18,326.9856,0.0008031100522574114,0.0014856603299637484
2023-12-19,326.9249,-0.00018565231839629592,0.0014770940132345415
2023-12-20,326.9605,0.00010888758193773397,0.001456580692526684
2023-12-21,326.9669,1.957403834176008e-05,0.0014530312468257955
2023-12-22,326.3519,-0.0018826954976890059,0.0014795651806826565
2023-12-27,325.7409,-0.0018739669531903872,0.0015128762837209578
2023-12-28,324.2268,-0.004659009174762895,0.0017491334512620465
2023-12-29,323.9233,-0.0009365115339245839,0.001665923641933096
2024-01-01,323.9902,0.00020650904862392388,0.0016766027867095325
2024-01-02,323.1861,-0.0024849501249501814,0.001487144137622232
2024-01-03,321.12,-0.006413433248323908,0.0018930950105624153
2024-01-04,322.2375,0.003473966259423009,0.0021352518664745266
2024-01-05,322.4275,0.0005894534541237901,0.002153068290717799
2024-01-08,322.4406,4.0628463407726185e-05,0.0021168391566507303
2024-01-09,322.4136,-8.373985938476979e-05,0.002109305754766856
2024-01-10,322.6356,0.000688319615821608,0.002095750831636065
2024-01-11,322.83,0.0006023558989909143,0.002090321185088239
2024-01-12,322.6884,-0.00043871716831357405,0.0020888329685363454
2024-01-16,322.2038,-0.0015028871219487758,0.002096130437500854
2024-01-17,321.7534,-0.0013988509591775465,0.002097661334313711
2024-01-18,321.2243,-0.0016457806217117224,0.0020725482561928365
2024-01-19,320.8826,-0.0010643088627615208,0.0020661610740067295
2024-01-22,320.5246,-0.0011162956610895462,0.002051764546652205
2024-01-23,320.0536,-0.001470546718194417,0.0020400426740592877
2024-01-24,319.9412,-0.0003512528575409697,0.00203661279706363
2024-01-26,319.1591,-0.002447504375811685,0.002053652437603812
2024-01-29,317.5185,-0.005153640182076527,0.002102179541983358
2024-01-30,317.9432,0.0013366661223908267,0.002168771763463464
2024-01-31,317.4089,-0.0016819024473267857,0.0021576891338973133
2024-02-01,316.1275,-0.004045234803853236,0.002239853928996022
2024-02-02,314.0218,-0.0066832029730747875,0.0022740605865880377
2024-02-05,311.4132,-0.008341762538400164,0.0025379290125776997
2024-02-06,312.2364,0.0026399455017521267,0.0026734403594588173
2024-02-07,314.0343,0.0057416223979897376,0.0031241687915683812
2024-02-08,313.2212,-0.002592565407335493,0.0031222491999696985
2024-02-09,313.5869,0.0011668644406283059,0.00314124444530308
2024-02-12,313.0338,-0.0017653427141545454,0.003105333503743806
2024-02-13,313.2487,0.0006862717972615817,0.003136379599423703
2024-02-14,313.4241,0.0005597817699452205,0.0031694812985026085
2024-02-15,313.1705,-0.0008094548336257975,0.0031720490890358184
2024-02-16,312.8934,-0.0008852132125641475,0.0031728991680828487
2024-02-19,312.4391,-0.001452987266535565,0.003172480561953743
2024-02-20,312.2604,-0.0005721150885322754,0.0031767702646766744
2024-02-21,312.0305,-0.0007365156544570312,0.003179009521227212
2024-02-22,311.6802,-0.0011232773041496967,0.0031719537487364816
2024-02-26,311.1185,-0.0018037935926936072,0.0031630358176952147
2024-02-27,310.7593,-0.0011552110075207353,0.0030285360711316336
2024-02-28,310.7494,-3.185796112219705e-05,0.0029863246903377044
2024-02-29,310.1532,-0.0019204306222417279,0.002989059759790833
2024-03-01,309.8946,-0.0008341292880770531,0.0029109311953180576
2024-03-04,309.1297,-0.0024713097346712987,0.002615131635916298
2024-03-05,308.1077,-0.0033115327553343184,0.002025542782914778
2024-03-06,307.9685,-0.00045189215999191876,0.0018836022540574967
2024-03-07,307.8186,-0.00048685658715775013,0.0011278760913087252
2024-03-11,307.5613,-0.000836231456353276,0.0010638763307890772
2024-03-12,307.0298,-0.001729605692305309,0.000957890487131046
2024-03-13,306.5707,-0.0014964136622123258,0.0009492663434364562
2024-03-14,306.2613,-0.0010097384806535463,0.0008580104751950498
2024-03-15,305.6448,-0.002015015730672805,0.0007811759345534592
2024-03-18,305.2394,-0.0013272566535950387,0.0007741224804314642
2024-03-19,304.637,-0.0019754828877035545,0.0007830053400647352
2024-03-20,303.9755,-0.0021737978121956904,0.0008049037156202685
2024-03-21,304.3412,0.001202334389487913,0.0009771996540447266
2024-03-22,303.9446,-0.001303992485762934,0.0009686552912912003
2024-03-25,303.5486,-0.0013037184814232029,0.0009676371993051372
2024-03-26,302.751,-0.0026310439924695354,0.0010062359160923047
2024-03-27,302.0263,-0.002396585807261441,0.00103072231459969
2024-03-28,301.1837,-0.0027937220803130086,0.0010191658924153183
2024-04-01,300.4081,-0.00257849402110592,0.0010416757674983612
2024-04-02,300.1378,-0.0009001810461200546,0.0010392342563968694
2024-04-03,299.9632,-0.0005819020629087957,0.0010416891828972097
2024-04-04,299.8867,-0.0002550638098453888,0.0009853996170924512
2024-04-05,299.8185,-0.0002274450856655905,0.0009973979597781987
2024-04-08,299.3771,-0.0014733088154963144,0.0009771203748175832
2024-04-09,298.9576,-0.001402225439160728,0.0009683848582378005
2024-04-10,298.6751,-0.0009453967998772094,0.0009710036782181737
2024-04-15,298.4963,-0.0005988230693664655,0.0009859401039580722
2024-04-16,298.9094,0.0013829799944740345,0.001157644116050296
2024-04-17,299.8253,0.003059454260532393,0.001483330833493874
2024-04-18,300.9111,0.003614900586650789,0.001797519164940661
2024-04-19,301.2744,0.0012066050878915475,0.0018206709342835042
2024-04-22,302.0,0.0024055399993692496,0.0018928886547979434
2024-04-24,301.4613,-0.0017853676552046962,0.0018837969078001522
2024-04-25,298.7161,-0.009148025715817472,0.0027035718829367898
2024-04-26,297.1631,-0.005212477684199556,0.0028727451500534813
2024-04-29,296.2033,-0.0032351034271470183,0.0028932009314557422
2024-04-30,296.8561,0.0022014667119251864,0.0029659544151650875
2024-05-02,297.602,0.00250951376203609,0.003020842222555625
2024-05-03,296.7992,-0.0027012074946592877,0.0030251976711851486
2024-05-06,297.1335,0.0011257168877995792,0.003048595979495066
2024-05-07,297.7495,0.002070996213271927,0.0031022249572541186
2024-05-08,299.6247,0.006278162529608219,0.0034405296947262933
2024-05-09,298.7068,-0.0030682012231736298,0.0035065201284969526
2024-05-10,298.6317,-0.0002514487192627126,0.0034935265100621083
2024-05-13,298.7882,0.0005239196202865616,0.0034829868650258487
2024-05-14,299.8957,0.0036997863591343824,0.0035723484637885466
2024-05-15,300.834,0.0031238700634853627,0.003624918089442557
2024-05-16,302.2475,0.0046876005591479355,0.003745857855790956
2024-05-17,301.3081,-0.0031128888823876745,0.003782767824294284
2024-05-20,299.8755,-0.00476594075984402,0.0038535468593459917
2024-05-21,299.8265,-0.00016341449622990216,0.003839896471294683
2024-05-22,299.7458,-0.0002691918905772298,0.0037891178834691115
2024-05-27,299.9863,0.0008020248137185222,0.0037825804601582286
2024-05-28,300.4217,0.0014503473515417177,0.0031610256207635096
2024-05-29,301.2717,0.0028253611072972806,0.0029276864210286886
2024-05-30,301.51,0.0007906677074454191,0.0027784565240531675
2024-05-31,301.8883,0.001253898294262755,0.0027629133550661255
2024-06-03,301.8946,2.0868428040049596e-05,0.002739732301342287
2024-06-04,301.9524,0.0001914392227717913,0.002623735257008116
2024-06-05,302.1706,0.0007223694826661195,0.002623140915489719
2024-06-06,302.2895,0.0003934089331405787,0.0026085042033766764
2024-06-07,302.7081,0.0013838073631990808,0.0022709828916604373
2024-06-10,302.6971,-3.633929804781075e-05,0.0021152783680195727
2024-06-11,303.031,0.0011024749679598733,0.0021061006828412897
2024-06-12,303.4547,0.0013972302032207351,0.0021106251646183663
2024-06-13,303.738,0.0009331469912509091,0.001996407677620654
2024-06-14,303.8309,0.0003058089402665755,0.001909156752293629
2024-06-18,303.95,0.00039191755293562175,0.001634629187352353
2024-06-19,304.4205,0.0015467551230839056,0.0014467327788999318
2024-06-20,305.2787,0.0028151605472951564,0.0008679721297972511
2024-06-24,305.4303,0.0004964721434067884,0.0008377204666283321
2024-06-25,305.3208,-0.00035857487992480306,0.0008446414475374368
2024-06-26,305.4034,0.0002704985343746825,0.0008568692591666926
2024-06-27,305.3403,-0.00020663332335468606,0.0008801206845121906
2024-06-28,305.7065,0.0011985990069547535,0.0007497758068289244
2024-07-01,306.0182,0.0010190859613022991,0.0007524729906954392
2024-07-02,305.8234,-0.0006367661387591844,0.0008019248432449279
2024-07-03,303.5236,-0.007548444219851491,0.0020017787858148234
2024-07-04,304.0552,0.0017498969208694112,0.0020287489985658927
2024-07-05,304.5391,0.0015902222612801577,0.00204640479698183
2024-07-08,304.8833,0.0011295943063446968,0.0020530721530523832
2024-07-09,304.4737,-0.0013443681181640414,0.0020766646484365507
2024-07-10,304.2056,-0.000880923722353452,0.002092196192195903
2024-07-11,303.7568,-0.001476407361783334,0.002116131165016983
2024-07-12,303.3297,-0.0014070484863815663,0.0021199230954235693
2024-07-15,302.1929,-0.003754777561015198,0.002263241944075414
2024-07-16,301.4954,-0.002310796185298371,0.0023043722250314295
2024-07-17,303.3236,0.006045463413112587,0.002714977707499505
2024-07-18,303.8416,0.001706290563677379,0.002720309489179418
2024-07-19,303.9906,0.0004902668959770635,0.002637822401982152
2024-07-22,303.6956,-0.0009708959103338116,0.002637503551739895
2024-07-23,303.7287,0.00010898477401289784,0.0026388868731267332
2024-07-24,303.8705,0.0004667550667425108,0.00264133265488599
2024-07-25,303.5644,-0.001007844711952284,0.0026466853214300056
2024-07-26,303.62,0.00018314041057525404,0.0026262534365453683
2024-07-29,303.1957,-0.0013984478949663228,0.002615904458036716
2024-07-30,302.8885,-0.0010137206226701857,0.0026185766541549863
2024-07-31,302.3706,-0.0017113336301632944,0.0020539660057450624
2024-08-01,302.445,0.00024602540137939487,0.0020061706461734657
2024-08-02,302.4975,0.00017357021578679098,0.001961718504197161
2024-08-05,302.0889,-0.0013516680567394422,0.0019424973877818711
2024-08-06,302.2113,0.00040509667769034495,0.0019399841720877237
2024-08-07,302.3394,0.00042378580296794673,0.0019439349040389893
2024-08-08,301.8515,-0.001615052812126251,0.0019485637726459235
2024-08-09,301.2378,-0.002035188526237683,0.001972019469191516
2024-08-12,300.4007,-0.0027827359458609145,0.0018940219391617933
2024-08-13,299.6647,-0.002453067179262996,0.001902231147213645
2024-08-14,299.228,-0.001458358324948978,0.0011908585534476433
2024-08-15,299.2783,0.00016808511495497146,0.001072433568849772
2024-08-16,298.9042,-0.001250789010953844,0.0010359343187097956
2024-08-20,298.6809,-0.0007473412921209667,0.0010356954970341013
2024-08-21,299.2525,0.001911919200768898,0.0011890635740612672
2024-08-22,299.9863,0.0024491083247137097,0.0013647939917273504
2024-08-23,301.1343,0.0038195376956570975,0.0016859928422027987
2024-08-26,300.5002,-0.0021079251099924926,0.001721608723182422
2024-08-27,300.6037,0.00034436642657882996,0.0017187192710212704
2024-08-28,300.7178,0.00037949749466584633,0.0017220158323488033
2024-08-29,300.6837,-0.00011340177913284588,0.0016928217981568028
2024-08-30,300.3276,-0.0011850028166543395,0.0016996591672650118
2024-09-02,299.6011,-0.0024219556594958715,0.0017556433217609175
2024-09-03,299.0072,-0.001984269830086959,0.0017777138648316412
2024-09-04,299.1715,0.0005493341843556192,0.0017819207010872208
2024-09-05,298.9385,-0.0007791209369062424,0.0017691597629532706
2024-09-06,298.8696,-0.00023050875458217513,0.001752948431216536
2024-09-09,298.6949,-0.0005847067721633921,0.0017155395400404068
2024-09-10,300.0746,0.004608459321412689,0.001959417149716514
2024-09-11,300.7295,0.0021800791951353993,0.0019346171201913168
2024-09-12,300.7654,0.00011936925830171086,0.0018961940052618438
2024-09-13,301.7977,0.003426366499814583,0.0020238917004765542
2024-09-18,301.1969,-0.0019927216555892502,0.002062542136481887
2024-09-19,303.9177,0.008992737361640158,0.0027999285322942136
2024-09-20,304.5504,0.0020796496251243874,0.0028034655417281907
2024-09-23,304.8847,0.001097081653255469,0.0027797735292541255
2024-09-24,304.4214,-0.0015207465977719642,0.0027315229353913357
2024-09-25,303.9075,-0.0016895469613457045,0.002711684137849677
2024-09-26,301.7592,-0.007094030460890784,0.003208035479536973
2024-09-27,300.2152,-0.005129797499159559,0.003420566311793995
2024-09-30,299.3565,-0.0028643799802847126,0.0034766776149705047
2024-10-01,297.1955,-0.007244999438670691,0.003812909494847407
2024-10-02,295.6217,-0.0053095750168006975,0.003941071202301535
2024-10-03,294.9272,-0.002352050169503413,0.003948384621201546
2024-10-04,295.4684,0.0018333475100031995,0.003979858245444429
2024-10-07,293.7819,-0.005724238426736397,0.00414045597525216
2024-10-08,293.5476,-0.0007978486094394995,0.004137786651118295
2024-10-09,293.361,-0.0006358741592385103,0.004137598316851675
2024-10-10,292.9175,-0.0015129331353490004,0.00392979314504088
2024-10-11,293.1156,0.0006760710531383687,0.0038755830901893115
2024-10-14,292.8558,-0.0008867327552958239,0.003862942125234675
2024-10-15,292.8871,0.00010687282775349398,0.003716238008939622
2024-10-16,293.6853,0.0027215753509270413,0.003830978235089464
2024-10-18,292.9995,-0.002337883348484939,0.00297721840773258
2024-10-21,292.8693,-0.0004444681203144179,0.002853733135971057
2024-10-22,293.0992,0.000784683858590824,0.002836951029604855
2024-10-23,293.2637,0.0005610859906572482,0.0028920043445694286
2024-10-24,293.2756,4.057699118087244e-05,0.0029232994357471288
2024-10-25,293.6754,0.001362294507823014,0.002718711936580445
2024-10-28,293.6867,3.847711659077617e-05,0.002583568279396581
2024-10-29,293.5354,-0.0005153075926400928,0.0025523086380349
2024-10-30,293.7185,0.0006235803829765949,0.0021029539140257456
2024-11-01,293.4102,-0.0010501957350599897,0.0017924209086233078
2024-11-04,292.9776,-0.0014754743481420437,0.001751801549350082
2024-11-05,293.0869,0.0003729964919125193,0.0016860126566772108
2024-11-06,293.1073,6.960150751495804e-05,0.0011299382753475371
2024-11-07,292.9412,-0.0005668472982954981,0.0011237540450788177
2024-11-08,292.6902,-0.0008571945266908954,0.0011303439264641973
2024-11-11,292.6497,-0.00013838113569439905,0.0010815741149564505
2024-11-12,292.594,-0.00019034805558152773,0.0010684131448938754
2024-11-13,292.5977,1.2645428839879384e-05,0.0010518713736245055
2024-11-14,292.2986,-0.0010227454886334619,0.0010734454968429755
2024-11-18,292.1947,-0.000355521615369683,0.0008435673393625523
2024-11-19,291.5886,-0.0020764561705526813,0.0008109802707664121
2024-11-20,290.917,-0.0023059016002075646,0.0009331317109175882
2024-11-21,290.9755,0.00020106806737369586,0.0009049944122159325
2024-11-22,290.9942,6.426451413669874e-05,0.0008848717653074288
2024-11-25,290.9399,-0.00018661906960791506,0.0008805218676511472
2024-11-26,291.0625,0.00042130411081945865,0.0008031520832632727
2024-11-27,291.1471,0.00029061698946726837,0.0008130886505695112
2024-11-28,291.0933,-0.00018480339101558597,0.0008147114032625145
2024-11-29,290.9179,-0.0006027375600681194,0.0007775152604619952
2024-12-02,290.6996,-0.0007506652060881169,0.000768770136977507
2024-12-03,290.6498,-0.00017132554061902866,0.0007329406167772989
2024-12-04,290.5357,-0.0003926457265912901,0.0007101450666729012
2024-12-05,290.5201,-5.369535939151489e-05,0.0007060378088974441
2024-12-06,290.4005,-0.00041176023604532267,0.000705460894881614
2024-12-09,290.3415,-0.00020318833562234955,0.0007000241200332738
2024-12-10,290.3607,6.612683749770871e-05,0.0007055622536878674
2024-12-11,290.3096,-0.00017600349159217887,0.0007057859466982955
2024-12-12,290.2963,-4.581420892323152e-05,0.0007041414889385286
2024-12-13,290.2596,-0.000126430547166523,0.0006904640748067759
2024-12-16,290.323,0.0002184013101735804,0.0007020519954372087
2024-12-17,290.7605,0.0015058079696557301,0.0006875156421042253
2024-12-18,290.9406,0.0006192183778049606,0.0004840190584681859
2024-12-19,291.2826,0.001174807322466308,0.0005494327733431179
2024-12-20,292.6811,0.004789690433145096,0.0011933523632723173
2024-12-23,293.1667,0.0016577688307794567,0.0012254941251826756
2024-12-24,295.6109,0.008302673338011293,0.002154269732690536
2024-12-26,296.4816,0.002941096628087917,0.0022038384905932037
2024-12-27,294.3343,-0.007268962987894559,0.0028602351034194857
2024-12-30,292.7528,-0.005387629281772551,0.0031477180925765552
2024-12-31,292.5833,-0.0005791544541256679,0.0031448961875312114
2025-01-01,293.0027,0.0014324115389047144,0.0031520675721496204
2025-01-02,293.4147,0.0014051427116201795,0.003153813203310105
2025-01-03,293.2654,-0.000508965629558394,0.0031596047014299596
2025-01-06,293.5577,0.0009962117175486816,0.0031545996217019518
2025-01-07,294.9314,0.004668574133483915,0.0032797475354131335
2025-01-08,296.1507,0.004125659462472694,0.0033576579560266797
2025-01-09,296.0915,-0.00019991820980389896,0.003358098239468824
2025-01-10,295.5931,-0.001684681730360816,0.0034042802344449495
2025-01-15,294.5963,-0.003377901899996406,0.0035313498791117765
2025-01-16,295.221,0.0021182838604168787,0.0035420747998114862
2025-01-17,296.5135,0.0043685201910715135,0.0036273593660955564
2025-01-20,296.6599,0.0004936162106142088,0.0036281248642789188
2025-01-21,296.8545,0.0006557549639010975,0.003628464471098713
2025-01-22,297.4952,0.002155970628657486,0.0035280828783145436
2025-01-23,298.6584,0.003902354950592105,0.003591410455621136
2025-01-24,298.8605,0.0006764639836727079,0.003144210572979679
2025-01-27,298.411,-0.001505178415056352,0.003123116117607509
2025-01-28,298.4691,0.00019467896545227392,0.0025638854756884367
2025-01-29,297.899,-0.0019119070039508466,0.0022251288065594553
2025-01-30,296.5464,-0.004550804276863853,0.002519183629582114
2025-01-31,297.5797,0.0034783896611889093,0.002592142073084175
2025-02-03,297.6367,0.00019152698136084789,0.00259081941778929
2025-02-05,299.1413,0.005042421764868716,0.0027456143396030253
2025-02-06,298.9288,-0.0007106190693777371,0.0027718743334941886
2025-02-07,298.4908,-0.001466306356460393,0.002671273781784029
2025-02-10,297.6589,-0.0027909115444838604,0.002638299745418351
2025-02-11,297.5176,-0.0004748171429976769,0.002641503089155996
2025-02-13,297.0173,-0.001682996635153746,0.002641438485351021
2025-02-14,296.556,-0.0015543155087032379,0.0025394740047395945
2025-02-17,295.5232,-0.0034887259931954667,0.0026393710281438724
2025-02-18,295.3468,-0.0005970856710975372,0.0024377192627631572
2025-02-19,295.8921,0.0018446017493700863,0.0024762800417907835
2025-02-20,296.6271,0.002480933535978556,0.002539568369972747
2025-02-21,296.4754,-0.000511547340664028,0.002487780797770511
2025-02-24,295.8829,-0.002000479093800448,0.002323749713193688
2025-02-25,295.749,-0.0004526463237908553,0.0023081750442218436
2025-02-27,295.7164,-0.00011023468163310756,0.0022979966490594794
2025-02-28,295.4981,-0.0007384798915482378,0.002293611756715014
2025-03-03,295.368,-0.00044037050730275025,0.0022694172131383756
2025-03-04,295.347,-7.110027681318309e-05,0.0020515587899834885
2025-03-05,295.2061,-0.0004771797918716785,0.0018597121600606608
2025-03-06,295.2296,7.960223276605261e-05,0.0018580047528176874
2025-03-07,295.5809,0.0011892139405157247,0.0014087769980999758
2025-03-10,295.468,-0.000382032692635392,0.0014093186627571006
2025-03-11,295.4696,5.415123356409633e-06,0.0013991140291526223
2025-03-12,295.5014,0.0001076194941229952,0.001296633756140825
2025-03-14,295.4196,-0.00027685596051753303,0.0012964967102061015
2025-03-17,295.8118,0.0013267226927695201,0.0013087125636274072
2025-03-18,296.2915,0.0016203257267862722,0.0013286042030732294
2025-03-19,296.04,-0.0008491866973591411,0.0010754600269656871
2025-03-20,296.2133,0.0005852225895440889,0.0010683281468471578
2025-03-21,296.6034,0.001316089969487938,0.0010299610712813407
2025-03-24,296.5901,-4.48420287890444e-05,0.0008672408047098381
2025-03-25,296.7237,0.0004503519124550974,0.0008644103063876655
2025-03-26,296.6087,-0.0003876410640648063,0.0007283783495424679
2025-03-27,296.4517,-0.0005294570457496967,0.0007317651706681345
2025-03-28,296.3472,-0.00035256476043559387,0.0007377365251533992
2025-04-01,296.3198,-9.2463390131421e-05,0.0007125019621365844
2025-04-02,296.1931,-0.00042767002011641315,0.0007119640186317612
2025-04-03,296.0638,-0.0004366348523900381,0.000722271450219958
2025-04-04,296.8985,0.0028153579117456817,0.0009253796237110642
2025-04-07,296.7552,-0.00048277304692366627,0.0009403982205701054
2025-04-08,297.5237,0.002586329174335434,0.0010577980823630172
2025-04-09,298.6051,0.003628078986291249,0.0012741479620561884
2025-04-10,301.2049,0.008668799389179152,0.0022134895249580114
2025-04-11,298.8721,-0.007775041375406013,0.002952058300011855
2025-04-16,298.138,-0.002459256116379701,0.00302434659675035
2025-04-17,298.6186,0.0016107072930735505,0.003029302544271266
2025-04-21,299.0786,0.001539241243966788,0.0030277389307119505
2025-04-22,299.2328,0.0005154506613583213,0.003011824549881471
2025-04-23,299.7194,0.0016248378653789589,0.0030216673934769923
2025-04-24,299.8285,0.0003639409001490198,0.0030170953095690497
2025-04-25,300.0608,0.0007744762629083239,0.0030142868948155096
2025-04-28,299.6968,-0.0012138238671494449,0.003040955315828615
2025-04-29,299.6612,-0.00011879377614663908,0.00303742420262937
2025-04-30,299.6218,-0.00013149046462780986,0.003031540761327173
2025-05-02,299.5698,-0.00017356718662463457,0.003029055572136278
2025-05-05,299.478,-0.0003064863963062258,0.00303178730198815
2025-05-06,299.5246,0.0001555919793805426,0.0030248870555430033
2025-05-07,299.4952,-9.816036138906462e-05,0.003019964862532244
2025-05-08,299.4917,-1.1686399151819593e-05,0.0029754749882284176
2025-05-09,299.2985,-0.0006453011645956884,0.0029783335172255533
2025-05-14,298.9213,-0.0012610751098134187,0.0029556666530983454
2025-05-15,298.6897,-0.0007750861734291758,0.00285173325106034
2025-05-16,298.5101,-0.000601473762765776,0.001995978371058943
2025-05-19,298.8165,0.0010259045114458833,0.001034470351413657
2025-05-20,299.547,0.002441660839669846,0.0010035843263121891
2025-05-21,300.565,0.003392703283614969,0.0011932605312028753
2025-05-22,299.8469,-0.0023920256823731475,0.0013015661356858986
2025-05-23,299.4119,-0.001451793703836492,0.0013443966007055266
2025-05-26,299.336,-0.00025352907427831983,0.0012916900465307953
2025-05-27,299.569,0.0007780867141040636,0.0013021884770937123
2025-05-28,299.6855,0.00038881644265546914,0.00129225907310206
2025-05-29,299.6736,-3.970908259015791e-05,0.0012635572549499023
2025-05-30,299.4393,-0.0007821564581393934,0.001275383959979281
2025-06-02,299.4211,-6.0782112176951466e-05,0.0012752063468787047
2025-06-03,299.5516,0.0004357460767907618,0.0012789569649235349
2025-06-04,299.5189,-0.00010916912127207445,0.0012772528814148348
2025-06-05,299.3602,-0.0005299901222624292,0.0012822403396738917
2025-06-06,299.2745,-0.0002863181856498035,0.0012834761128746918
2025-06-09,299.1426,-0.00044082965589047816,0.001286616497516773
2025-06-11,299.1087,-0.00011333030128413425,0.0012793210297047093
2025-06-12,298.9831,-0.00042000242051920924,0.0012502769921331604
2025-06-13,299.0231,0.00013377787741894733,0.0012366701175820394
2025-06-16,299.4377,0.0013855546305714468,0.0012606726139502945
2025-06-17,300.7861,0.004492998339449258,0.0015837069246365627
2025-06-18,300.8465,0.0002007869926029738,0.0015035772356518718
2025-06-19,300.7094,-0.00045581799587951196,0.001309417013411434
2025-06-20,300.6511,-0.00019389368002276268,0.0011820037601684608
2025-06-23,300.4493,-0.000671435279635041,0.0011390019310621529
2025-06-24,301.1214,0.0022344847568049678,0.0012227613693347786
2025-06-25,300.4861,-0.00211200902964349,0.0013291069353567782
2025-06-26,300.2152,-0.0009019458368574692,0.0013482455358397188
2025-06-27,299.9734,-0.0008057467705381328,0.0013628751338390461
2025-06-30,299.9674,-2.0001973528846446e-05,0.0013489668927744248
2025-07-01,299.9523,-5.034007052346315e-05,0.0013489082547839333
2025-07-02,300.0253,0.00024334241931782535,0.0013469870852139921
2025-07-03,299.9991,-8.73297819777196e-05,0.0013468353516972711
2025-07-04,300.0015,7.999992000121879e-06,0.0013393608666716905
2025-07-07,300.2223,0.0007357256075476548,0.0013430569379255248
2025-07-08,300.5654,0.0011421673156728188,0.0013525145497484267
2025-07-09,300.9139,0.0011588097512194215,0.0013650152743487675
2025-07-11,300.7097,-0.000678829779421731,0.001373410376708245
2025-07-14,300.7031,-2.194831902561731e-05,0.0013747709789458543
2025-07-15,300.9579,0.0008469886372311296,0.001357140386300508
2025-07-16,300.955,-9.635945665987514e-06,0.0009197905916807476
2025-07-17,301.3045,0.0011606293939179712,0.0009536930282468974
2025-07-18,301.5145,0.0006967265746268555,0.0009546834898414029
2025-07-21,301.5995,0.0002818704276894188,0.0009520150802170414
2025-07-22,301.8496,0.0008289017725601428,0.0009423232579736337
2025-07-23,301.7347,-0.0003807256132670869,0.0008239056190409551
2025-07-24,301.7688,0.00011300680124084759,0.0006386470058463639
2025-07-25,301.8293,0.0002004645150558573,0.0005824564328911495
2025-07-28,301.8716,0.000140135620368375,0.0005263749243806536
2025-07-29,301.9502,0.00026034171155782924,0.0005206751263763584
2025-07-30,302.042,0.00030397743781072656,0.0005130458701130373
2025-07-31,302.2079,0.0005491105721938565,0.0005143444599727243
2025-08-01,302.1856,-7.379298423987999e-05,0.00051373001324111
2025-08-04,301.6126,-0.0018979856912863362,0.0007188884269309531
2025-08-05,301.0039,-0.0020201909739192216,0.0008722441778255319
2025-08-06,300.9112,-0.00030801686394938294,0.0008434770042609604
2025-08-07,300.766,-0.00048265083941592164,0.0008098651299936619
2025-08-11,300.8113,0.00015060408724083542,0.0007957121822745995
2025-08-12,300.6705,-0.0004681771005268883,0.0008030804441137608
2025-08-13,301.017,0.0011517608004294512,0.0008227568859363374
2025-08-14,300.9333,-0.00027809605058576835,0.0008252770286974684
2025-08-15,301.0335,0.000332908728273426,0.0007835178588697488
2025-08-18,301.1502,0.0003875893733454376,0.0007710657961589616
2025-08-19,301.1936,0.000144103749636376,0.000768457691495896
2025-08-20,301.5355,0.0011345064861536856,0.0007899543986784392
2025-08-21,301.8375,0.0010010392417923709,0.0008195651644583678
2025-08-22,301.8311,-2.12036869243309e-05,0.0008192873758751426
2025-08-25,301.9848,0.0005090955813507101,0.0008259368811113475
2025-08-26,302.2301,0.0008119628081890842,0.0008442916010337752
2025-08-27,302.302,0.00023786991737598213,0.0008440249445162374
2025-08-28,302.3261,7.971842530215885e-05,0.0008420756066324778
2025-08-29,302.4465,0.0003981661920221921,0.0008380051822549897
2025-09-01,302.2931,-0.0005073258086296632,0.0008466513747325788
2025-09-02,301.9727,-0.0010604605788585091,0.0007635415419198129
2025-09-03,302.136,0.0005406311942785498,0.0005918116633370107
2025-09-04,302.136,0.0,0.0005821616443765758
2025-09-08,302.0218,-0.00037804693197760576,0.0005761150023451458
2025-09-09,302.0123,-3.145517778144686e-05,0.0005785085014868786
2025-09-10,301.9019,-0.00036561485465905685,0.0005727064689748443
2025-09-11,302.0173,0.0003821703347220717,0.000529959887423746
2025-09-12,301.9126,-0.0003467289864234212,0.0005331983731256896
2025-09-15,301.8134,-0.00032862590278620477,0.000542505040623739
2025-09-16,302.1169,0.001005082955928682,0.0005745961609615618
2025-09-17,302.1078,-3.0121244631984288e-05,0.0005761722605759719
2025-09-18,301.9777,-0.00043073373557697914,0.0005408479612712443
2025-09-19,302.0652,0.0002897145239585842,0.0004983450799019696
2025-09-22,302.3706,0.001010529243928996,0.0005432989969687461
2025-09-23,302.4124,0.00013823139892009875,0.0005344739056758816
2025-09-24,302.5314,0.00039342498108084126,0.0005116303798257287
2025-09-25,302.5733,0.00013848843040531933,0.0005101884589173474
2025-09-26,302.5248,-0.00016030458566591862,0.0005121444142759643
2025-09-29,302.5988,0.0002445781336865952,0.0005075088730198955
2025-09-30,302.6097,3.602064412908159e-05,0.0004918034874632211
2025-10-01,302.6158,2.0157775903957692e-05,0.0004167460844626124
2025-10-02,302.5171,-0.00032620933641249166,0.0004142742541438654
2025-10-03,302.5219,1.5866745780411443e-05,0.0004141623802084888
2025-10-07,302.4794,-0.00014049556610845024,0.0004041075559605572
2025-10-08,302.4906,3.702662942384413e-05,0.0004034414125827304
2025-10-09,302.618,0.0004210814451570646,0.0003960817266628424
2025-10-10,302.7339,0.00038291777531773805,0.0003961079530904324
2025-10-13,302.6837,-0.00016583594568464775,0.00038688385922600185
2025-10-14,302.602,-0.0002699551649615537,0.00038345014673854164
2025-10-15,302.7268,0.00041233789559741235,0.00033170885278056665
2025-10-16,302.9654,0.0007878589565524763,0.00036360625436543896
2025-10-17,302.9869,7.096268141584241e-05,0.00033847054966887607
2025-10-21,303.0311,0.00014587025493753596,0.00033724777459945683
2025-10-22,303.1106,0.00026231490245883795,0.00027333274851597207
2025-10-23,303.2568,0.00048221590683475586,0.00028496828897359736
2025-10-24,303.6082,0.0011580830638561923,0.0003617834710290955
2025-10-27,303.774,0.0005459494997325189,0.0003708219017721455
2025-10-28,304.0209,0.0008124451639225362,0.00038487690348703934
2025-10-29,304.2329,0.0006970774653098113,0.00039783020372457644
2025-10-30,304.3424,0.00035985686958270535,0.0003944120444848717
2025-10-31,304.4223,0.0002624987961976056,0.000389524265788368
2025-11-03,304.4913,0.00022663313907050217,0.00036153748306152756
2025-11-04,304.5367,0.0001490900256935283,0.00035673286884502545
2025-11-06,304.6238,0.000285967329114808,0.0003393313849419985
2025-11-07,304.9541,0.0010837008110876332,0.00036753932546253887
2025-11-10,304.9548,2.2954247756588547e-06,0.00037837776080480826
2025-11-11,304.391,-0.001850509713496107,0.0006268799587522903
2025-11-12,304.2775,-0.0003729452117715036,0.0006361517124128007
2025-11-13,304.5194,0.0007946821435208317,0.000633783194515452
2025-11-14,305.2173,0.002289185823229098,0.0007725785061683385
2025-11-17,306.3737,0.0037816167278563392,0.001078975924832819
2025-11-18,307.8955,0.004954841015649056,0.0014511121314457563
2025-11-19,307.7857,-0.0003566781027715776,0.0014673598604647898
2025-11-20,308.4745,0.0022354203202922243,0.0014968668686339852
2025-11-21,308.2526,-0.000719605185423456,0.0015371341140403194
2025-11-24,307.9781,-0.0008909001714973017,0.0015808630600674504
2025-11-25,307.8585,-0.0003884147239824189,0.0015998001553563432
2025-11-26,307.9064,0.00015557885841389687,0.0016034131646582553
2025-11-27,308.075,0.0005474191402867093,0.0016034572773486393
2025-11-28,308.0262,-0.0001584155333637122,0.00161217433773867
2025-12-01,308.071,0.000145431597738008,0.0016136820310185625
2025-12-02,308.5126,0.001432409410519925,0.0016216715587260343
2025-12-03,308.8268,0.0010179166504841156,0.0016190124089941129
2025-12-05,308.8479,6.8320752033998e-05,0.001622665287374995
2025-12-08,308.6553,-0.0006238024555840252,0.001645539685337971
2025-12-09,308.6083,-0.00015228502082693647,0.001648870274304227
2025-12-10,308.6494,0.00013316966336991598,0.0015507362023223215
2025-12-11,308.748,0.00031940529985456564,0.0015332792165383415
2025-12-12,309.0255,0.0008983875762370591,0.0015336873918606565
2025-12-15,309.1486,0.0003982696836607111,0.001490474653228196
2025-12-16,309.2557,0.0003463753439967374,0.0012944118167611098
2025-12-17,309.5379,0.0009120974087774382,0.0007637848379752966
2025-12-18,309.6458,0.00034852339004485817,0.0007496731863573811
2025-12-19,309.7162,0.00022733070580120286,0.0005956454493370333
2025-12-22,309.5238,-0.0006214069058563717,0.0005880145435506231
2025-12-23,309.5453,6.945912825762346e-05,0.0005301062768257982
2025-12-24,309.658,0.0003640161518663025,0.0005083853788600932
2025-12-26,309.7074,0.00015951811355535993,0.0005083307444755014
2025-12-29,309.7101,8.717867997046592e-06,0.0005083347028382461
2025-12-30,309.8309,0.00038996612502113976,0.0004990168613877903
2025-12-31,309.9944,0.000527568022125644,0.0005004197053087249
2026-01-01,309.9809,-4.355012208425792e-05,0.00043028666502313193
2026-01-02,309.5365,-0.001434665357984865,0.0005332928206819461
2026-01-05,309.7548,0.0007049994373946543,0.0005491413253696655
2026-01-06,309.8535,0.00031858837538110144,0.0005191700806100637
2026-01-07,310.026,0.0005565597973566642,0.000518500776914901
2026-01-08,310.1421,0.0003744146187342452,0.0005189559220516149
2026-01-09,309.7183,-0.0013674048738554917,0.0006306351772547982
2026-01-12,309.3752,-0.00110839488744744,0.0006651503621161193
2026-01-13,309.0476,-0.001059469445963448,0.0007044426446598234
2026-01-14,309.1127,0.00021062497944529084,0.0007014113294305454
2026-01-16,309.3336,0.0007143708658107147,0.0006888160501983268
2026-01-19,309.6601,0.0010549381367855601,0.0007264911417914862
2026-01-20,309.7416,0.0002631571739965962,0.0007271190818750406
2026-01-21,309.8507,0.0003521670657546612,0.0007155358611544556
2026-01-22,309.6825,-0.0005429894770212579,0.0007277849256469226
2026-01-23,309.7973,0.00037063355839590047,0.0007279500094689516
2026-01-26,309.8033,1.9367315009609834e-05,0.0007272356941924754
2026-01-27,309.5593,-0.0007879068339703757,0.0007491123663267564
2026-01-28,309.6089,0.00016021494678214755,0.000744169756798398
2026-01-29,309.6525,0.0001408129105803174,0.0007337102356578306
2026-01-30,309.4993,-0.0004948705733440589,0.0007402451444678417
2026-02-02,309.2494,-0.0008077593167883062,0.000691426028219782
2026-02-03,309.4545,0.0006629989160015614,0.0006890835572533907
2026-02-05,309.5079,0.0001725468304133602,0.0006857546371703073
2026-02-06,309.4614,-0.0001502497784218719,0.0006705805459472268
2026-02-09,309.3805,-0.0002614561181487189,0.0006623696350912556
2026-02-10,309.449,0.00022138569761063158,0.0005973437188414032
2026-02-11,309.4591,3.2638125113766855e-05,0.0005422300448721338
2026-02-12,309.3864,-0.00023495363651972922,0.00048463954274452405
2026-02-13,309.3532,-0.00010731493517409896,0.0004844730894152134
2026-02-16,309.2053,-0.00047820861832314896,0.000470138017737414
2026-02-17,309.2197,4.656991551954758e-05,0.0003971057995175735
2026-02-18,309.3161,0.00031170386833074236,0.00039939864768524796
2026-02-19,309.378,0.00020009888636895984,0.00039234944432166524
2026-02-20,309.3069,-0.00022984236503268148,0.00037875974172935984
2026-02-23,309.3762,0.00022402422270732778,0.00037131844894296655
2026-02-24,309.3789,8.72720079411064e-06,0.00037119427184872277
2026-02-25,309.3711,-2.5212121213402778e-05,0.00033032879668011414
2026-02-26,309.3486,-7.273083436641624e-05,0.0003273471052893903
2026-02-27,309.3091,-0.0001276958164543871,0.00032494983188538924
2026-03-03,309.2363,-0.00023539096834642673,0.00031138002510237736
2026-03-04,310.1116,0.002826523131015297,0.0006816199071366752
2026-03-05,310.295,0.0005912251911642481,0.0006789005552259454
2026-03-06,310.9029,0.001957186893422577,0.0007918901713466233
2026-03-09,311.3373,0.001396245599599671,0.0008280157611770411
2026-03-10,311.7288,0.0012566886611982465,0.0008430760247884744
2026-03-11,311.1244,-0.0019407468395633402,0.0009900410720750802
2026-03-12,310.9475,-0.0005687445607765652,0.0010066224388819238
2026-03-13,311.0653,0.0003787703449458141,0.001000721916071325
2026-03-16,311.133,0.00021761551025516128,0.0009968940022400312
2026-03-17,311.3783,0.0007880981845513234,0.0009858989536941818
2026-03-18,311.3138,-0.00020716498645381476,0.0009916270824585276
2026-03-19,311.3,-4.432924552031723e-05,0.0009953028947484257
2026-03-20,311.408,0.0003468720526568026,0.0009949159067138644
2026-03-23,311.7473,0.0010889742365355528,0.0009997591103529544
2026-03-24,312.964,0.0038952442141129556,0.0012681214219895911
2026-03-25,314.2167,0.003994707317521225,0.0014711581223153332
2026-03-26,313.5091,-0.0022544885034547503,0.0016126864289267898
2026-03-27,314.386,0.002793143536573613,0.0016700495588980746
2026-03-30,314.8755,0.0015557923017242934,0.0016628356936603144
2026-03-31,315.1909,0.0010011644053533955,0.0016415709502950815
2026-04-02,315.21,6.059636020777792e-05,0.001591220326943299
2026-04-06,315.3833,0.000549641121664076,0.0015915557209364324
2026-04-07,315.45,0.00021146632636069652,0.0015732829260830074
2026-04-08,315.4524,7.608149850261104e-06,0.0015727873864054298
2026-04-09,315.2174,-0.0007452394608913837,0.0015961134747865412
2026-04-10,315.55,0.0010545885244712758,0.0014862092427519603
2026-04-15,315.5893,0.00012453669118937073,0.001462807953771967
2026-04-16,315.545,-0.0001403821661181105,0.0014741341538591368
2026-04-17,315.7222,0.0005614104602747108,0.0014700286554757123
2026-04-20,316.44,0.0022709371376011087,0.0015098554926457665
2026-04-21,316.4443,1.3588581673060786e-05,0.0015028476901306235
2026-04-22,316.4625,5.751241732591672e-05,0.0014999443455155559
2026-04-23,316.7792,0.0010002500669330729,0.0014961530977949371
2026-04-24,317.1708,0.0012354288187009942,0.001497715840545283
2026-04-27,317.75,0.0018244800317348366,0.0013403230277066378
2026-04-28,317.9173,0.000526375995313526,0.0011029760360784058
2026-04-29,318.6939,0.002439794917941431,0.0009565940871875112
2026-04-30,319.3492,0.002054093933181032,0.000888196117670208
2026-05-04,319.9322,0.0018239234290939712,0.0009023821028269135
2026-05-05,319.5189,-0.0012926713475105648,0.0010138942209423493
2026-05-06,319.7857,0.0008346569553510347,0.0010036515164638159
2026-05-07,320.4515,0.00207985490380618,0.0010473093374679273
2026-05-08,321.6318,0.0036764741567219777,0.0012180165198947285
2026-05-11,321.8718,0.0007459166075461378,0.0011983310261339589
2026-05-12,322.028,0.00048516866463997393,0.0011334515713192672
2026-05-13,322.2773,0.0007738567801357515,0.0011353734402724564
2026-05-14,323.9586,0.0052033747844918285,0.0014427375287856183
2026-05-15,324.7184,0.002342615346226601,0.0014181011533880316
2026-05-18,325.6208,0.002775168955392745,0.0014328215497790863
2026-05-19,326.9212,0.003985649112079393,0.0015268535335197409
2026-05-20,328.1968,0.0038942651921368603,0.0015570062852880502
2026-05-21,329.6367,0.004377710467957217,0.0015982691691593094
2026-05-22,333.9925,0.013127398710692314,0.002929408721470864
2026-05-25,336.8818,0.008613589353532777,0.0031950009605341573
2026-05-26,325.1144,-0.035555006596021815,0.009206085873915316
2026-05-27,323.0195,-0.006464427474874025,0.009362225290510038
2026-05-29,327.8205,0.01475350956991201,0.009867279490401937
2026-06-01,329.2241,0.00427247141247437,0.00988732820245295
2026-06-02,331.5775,0.007122894224507514,0.009966506201398755
2026-06-03,332.1604,0.0017564166513735788,0.009940193745050698
2026-06-04,334.6149,0.007362333568617146,0.010008916959158362
2026-06-05,336.163,0.004615843034338174,0.010022483051619034
2026-06-08,336.3944,0.0006881197326230346,0.010024621064531114
2026-06-09,336.8227,0.0012723980355955715,0.010021171232477342
2026-06-10,337.6325,0.002401346714030208,0.010012363370145947
2026-06-11,330.9995,-0.019841161058965353,0.011178160438992741
2026-06-12,333.3901,0.007196411012724658,0.01122325230165876
2026-06-15,336.1886,0.008359036197119965,0.011328995343592746
2026-06-16,331.589,-0.013776061797812397,0.01184197177721212
2026-06-17,334.5835,0.008990224510806489,0.011962684056397435
2026-06-18,333.9788,-0.0018089568164341044,0.01196200983201633
2026-06-19,334.2827,0.0009095242534538095,0.011933637214718965
2026-06-22,333.7646,-0.0015510880857497094,0.011575087797721956
2026-06-23,334.5438,0.002331858624189536,0.011412164212865943
2026-06-24,334.7745,0.0006893581398746233,0.007848526797641595
2026-06-25,336.5667,0.00533917554140244,0.0076625500649867275
2026-06-26,337.0431,0.0014144689683215413,0.007055489189113884
2026-06-30,336.6623,-0.0011304645637502265,0.007042626660317934
2026-07-01,336.1698,-0.0014639613299061798,0.006917858455927455
2026-07-02,336.2879,0.00035124886283319017,0.006913567825129608
2026-07-03,336.0313,-0.0007633279325041617,0.006732729512303474
2026-07-06,335.2555,-0.0023113826918448087,0.006672119926201251
2026-07-07,334.9494,-0.0009134520540925848,0.006671329836191055
2026-07-08,334.7128,-0.0007066249516395842,0.006662774664806215
2026-07-09,335.4585,0.002225402095706871,0.006659115629946195
2026-07-10,336.4034,0.0028127822785718767,0.004843587982569903
2026-07-13,335.759,-0.0019173943601210027,0.004635336785561795
2026-07-14,336.2222,0.0013786102151720815,0.004247437333480846
2026-07-15,336.2814,0.00017605853753923007,0.0027448741992939503
2026-07-16,336.3953,0.0003386470828811376,0.0019311525925257453
2026-07-17,336.3055,-0.0002669834807195856,0.0018737099113776943
2026-07-20,336.2321,-0.00021827775961202658,0.001872864021828429
2026-07-21,336.2674,0.00010498149078905872,0.0018230951813750771
2026-07-22,336.3526,0.0002533376957440609,0.0017638661633209579
2026-07-23,336.4163,0.00018936666124224992,0.0017611450223893013
2026-07-24,336.2576,-0.00047184825498471734,0.0012937364185725238
2026-07-27,336.2533,-1.2787896820896295e-05,0.0012474769097723846
2026-07-28,336.2512,-6.245311369795487e-06,0.001224538996857032
2026-07-30,336.1785,-0.00021623078303432305,0.0011802899919388934
2026-07-31,336.0466,-0.0003924280771208331,0.0011803991451026857
2026-08-03,335.7776,-0.0008008047771293768,0.0011816437959077458
2026-08-04,335.7173,-0.00017959927964323631,0.00105513551651826
2026-08-05,335.7284,3.306298633231902e-05,0.0010296786295290175
2026-08-06,335.5988,-0.00038610085100093406,0.0010186338441512503
2026-08-07,335.4267,-0.0005129462405631545,0.0008995422994964537
2026-08-10,335.4542,8.198176461847796e-05,0.0006100291576777235
2026-08-11,335.2033,-0.0007482209971712932,0.00047105831586023754
2026-08-12,334.787,-0.001242704718485915,0.00040275402834218625
2026-08-13,334.3344,-0.001352818992266407,0.0004651112055831481
2026-08-14,333.5952,-0.0022134078255826566,0.0006107459692420192
2026-08-17,333.0854,-0.0015293683343031133,0.000657748242511546
2026-08-18,332.2862,-0.002402267798449087,0.000781481293154753
2026-08-19,331.8318,-0.001368431727221224,0.0007819413280433035
2026-08-20,331.2303,-0.0018143101980870994,0.0007909180917858436
2026-08-21,330.1657,-0.0032192541818324726,0.0009291017965899204
2026-08-24,329.4456,-0.0021834079739868504,0.0009621671343776786
2026-08-25,329.0037,-0.001342244775246146,0.0009341961323126959
2026-08-28,328.6088,-0.0012010113781836965,0.0008987904113091496
2026-08-31,328.0149,-0.0018089513429130457,0.0008821512186260947
2026-09-01,327.8963,-0.00036163432273322334,0.0008837139886817307
2026-09-02,328.0538,0.00048021946494641784,0.0009594558863101041
2026-09-03,328.589,0.00163011036902793,0.001127719136343477
2026-09-04,328.3642,-0.0006843714553001629,0.001101794165867312
2026-09-07,328.3421,-6.730558244474153e-05,0.0011150287342420017
2026-09-08,328.21,-0.0004024052372465897,0.0011183245012022505
2026-09-09,328.7701,0.0017050748894749585,0.0012578464856933635
2026-09-10,328.751,-5.809699492653743e-05,0.0012746536703011169
2026-09-11,328.5966,-0.00046976668915918224,0.0012777224696922042
2026-09-14,328.6751,0.0002388662112584342,0.0012995920372399642
2026-09-15,329.0351,0.0010947071702751337,0.0013276310610433309
2026-09-16,330.1761,0.0034617164860946893,0.0016019412864389073
2026-09-17,331.892,0.005183466298842941,0.001968610949430712
2026-09-18,332.1338,0.0007282849873831755,0.0019509784546989342
2026-09-21,330.349,-0.005388228398302844,0.002268175421830606
2026-09-22,330.8125,0.0014020782393710201,0.00217053711224009
2026-09-23,329.8867,-0.0028024874433964543,0.0022088584610434354
2026-09-24,329.0158,-0.0026434882464590635,0.002270843973701675
2026-09-25,330.3522,0.004053584128819739,0.002423211952059497
